rollout/ep_len_mean,time/fps,time/time_elapsed,time/total_timesteps,time/iterations,rollout/ep_rew_mean,train/loss,train/entropy_loss,train/value_loss,train/policy_gradient_loss,train/n_updates,train/explained_variance,train/clip_fraction,train/learning_rate,train/clip_range,train/approx_kl,eval/mean_reward,eval/mean_ep_length
53.36842105263158,1058,1,2048,1,-10.0,,,,,,,,,,,,
53.30263157894737,844,4,4096,2,-10.0,1.039390206336975,-0.693041916191578,6.121531213447452,-0.00011955368972849101,10,-0.03149008750915527,0.0,0.0003,0.2,0.00044081945,,
54.07,814,7,6144,3,-10.0,0.13377071917057037,-0.6870603924617171,0.703072199318558,-0.0013870467315427958,20,0.8002452850341797,0.019775390625,0.0003,0.2,0.011038379,,
55.86,804,10,8192,4,-10.0,-0.05306193232536316,-0.6466344498097897,0.08759686302801128,-0.020966606878209858,30,0.9813095927238464,0.27373046875,0.0003,0.2,0.018867861,,
,,,10000,,,-0.02854226343333721,-0.5766736352816224,0.034324436748283914,-0.016759229116723874,40,0.9699349999427795,0.206689453125,0.0003,0.2,0.018555809,-10.0,45.0
59.08,790,12,10240,5,-10.0,,,,,,,,,,,,
69.03,786,15,12288,6,-10.0,-0.02160969004034996,-0.45113846473395824,0.049767200218047945,-0.02442302122944966,50,0.9675962924957275,0.1919921875,0.0003,0.2,0.047476918,,
82.76,784,18,14336,7,-10.0,0.19560527801513672,-0.28248337768018245,0.4674038279801607,-0.01424272005970124,60,0.6872268319129944,0.075732421875,0.0003,0.2,0.020867892,,
96.07,782,20,16384,8,-10.0,0.25518518686294556,-0.266605071676895,1.016647885646671,-0.005777533787477296,70,0.39431238174438477,0.043603515625,0.0003,0.2,0.00970305,,
108.74,780,23,18432,9,-10.0,0.2345065027475357,-0.23058206951245666,0.4491916796658188,-0.004989757490693592,80,0.6373850107192993,0.068994140625,0.0003,0.2,0.005146165,,
,,,20000,,,0.4926498234272003,-0.28773526414297523,0.7052739433245734,-0.007946354881278239,90,0.6536776423454285,0.050537109375,0.0003,0.2,0.010831093,-10.0,73.4
123.17,773,26,20480,10,-10.0,,,,,,,,,,,,
136.56,772,29,22528,11,-10.0,0.02469015121459961,-0.2552636744920164,0.07732202738407068,-0.0018381265312200413,100,0.9267341494560242,0.011181640625,0.0003,0.2,0.0014256537,,
149.98,774,31,24576,12,-10.0,0.009393756277859211,-0.2146908039227128,0.07999107081850525,-0.001544044114416465,110,0.9594786167144775,0.01376953125,0.0003,0.2,0.0014792205,,
163.49,770,34,26624,13,-10.0,-0.02260182425379753,-0.2349236206151545,0.0075847744497878015,-0.0012850067432736978,120,0.9903609156608582,0.0228515625,0.0003,0.2,0.0038041496,,
173.03,767,37,28672,14,-10.0,0.0006186885293573141,-0.23650152841582894,0.007479249959578738,0.0003095717402175069,130,0.9952055215835571,0.016748046875,0.0003,0.2,0.0015510747,,
,,,30000,,,0.002246336080133915,-0.18899837541393935,0.003631997567936196,-0.0007683768635615706,140,0.9979035258293152,0.01220703125,0.0003,0.2,0.0012455306,-10.0,194.6
178.79,757,40,30720,15,-10.0,,,,,,,,,,,,
183.76,756,43,32768,16,-10.0,0.0006586704403162003,-0.2235650673042983,0.004541584533581044,-4.020986671093851e-05,150,0.9986170530319214,0.014990234375,0.0003,0.2,0.00118042,,
183.91,756,46,34816,17,-10.0,-0.0037032971158623695,-0.21563377105630935,0.010557558988512027,-0.0030122510914225133,160,0.9971270561218262,0.031396484375,0.0003,0.2,0.0076015526,,
188.11,756,48,36864,18,-10.0,0.002314342651516199,-0.1985441497527063,0.013394934775715229,-0.0017935988958925008,170,0.9974746704101562,0.025732421875,0.0003,0.2,0.0041418294,,
184.99,758,51,38912,19,-10.0,0.0025828033685684204,-0.2085776278283447,0.011051881223829696,-0.0016758305777329952,180,0.9976198673248291,0.035205078125,0.0003,0.2,0.001817751,,
,,,40000,,,0.3424619734287262,-0.28058260660618545,0.4458365157188382,-0.01012475208262913,190,0.9138715267181396,0.080859375,0.0003,0.2,0.030177172,-10.0,187.0
186.04,753,54,40960,20,-10.0,,,,,,,,,,,,
186.21,754,57,43008,21,-10.0,-0.0009485259652137756,-0.2419656074605882,0.016777085309149696,-0.0003194975317455828,200,0.9948303699493408,0.0146484375,0.0003,0.2,0.0021498678,,
186.38,755,59,45056,22,-10.0,-0.01318314764648676,-0.2244207629468292,0.00446913531923201,-0.0004853740123508032,210,0.9985350966453552,0.020654296875,0.0003,0.2,0.002007605,,
186.68,756,62,47104,23,-10.0,0.004923551343381405,-0.1925995858386159,0.01251538278447697,-0.0003152393299387768,220,0.9976263642311096,0.0171875,0.0003,0.2,0.002356167,,
186.6,756,65,49152,24,-10.0,0.003972739912569523,-0.18400089982897044,0.007320441424963064,-0.001887263945536688,230,0.9986580610275269,0.040087890625,0.0003,0.2,0.0030044017,,
,,,50000,,,0.0021663750521838665,-0.20103240883909165,0.003327147204072389,-0.0008201527933124452,240,0.9988486170768738,0.012890625,0.0003,0.2,0.00048549304,-10.0,130.6
186.53,752,68,51200,25,-10.0,,,,,,,,,,,,
185.71,752,70,53248,26,-10.0,-0.007678206544369459,-0.22029831404797734,0.00947779238340445,0.0009031265100929887,250,0.9979328513145447,0.013671875,0.0003,0.2,0.0015271348,,
186.06,753,73,55296,27,-10.0,0.05969364941120148,-0.2697458974085748,0.1545101105613867,-0.007880483551707585,260,0.9709135293960571,0.077880859375,0.0003,0.2,0.029414438,,
189.22,753,76,57344,28,-9.8,0.0027710329741239548,-0.20698457174003124,0.019453235204855444,-0.002583649387815967,270,0.9958338141441345,0.029248046875,0.0003,0.2,0.004239595,,
192.31,752,78,59392,29,-9.7,1.1236867904663086,-0.22023760895244776,1.857835267437622,-5.224832275416702e-05,280,0.5995195508003235,0.03837890625,0.0003,0.2,0.004919936,,
,,,60000,,,0.16532117128372192,-0.19525898969732225,0.5758128118352033,-0.00037504802021430804,290,0.8553829193115234,0.036572265625,0.0003,0.2,0.0041970974,-6.0,242.4
192.55,747,82,61440,30,-9.7,,,,,,,,,,,,
192.56,749,84,63488,31,-9.7,0.10831987857818604,-0.18021552101708949,0.116868785378756,-0.0001321820731391199,300,0.9369625449180603,0.042041015625,0.0003,0.2,0.0054658605,,
192.44,750,87,65536,32,-9.7,0.005188481882214546,-0.19223294781986625,0.05898198518989375,-0.0028126132703619076,310,0.9695331454277039,0.0701171875,0.0003,0.2,0.0123705175,,
193.79,750,90,67584,33,-9.6,-0.004645269829779863,-0.15491148817818612,0.0059559760677075245,-0.00031774988165125253,320,0.9948970675468445,0.02763671875,0.0003,0.2,0.006081133,,
193.97,751,92,69632,34,-9.6,0.15876810252666473,-0.17620026399381458,1.1363578472926747,-7.72697472712025e-05,330,0.773451030254364,0.015576171875,0.0003,0.2,0.0015075735,,
,,,70000,,,-0.006486682221293449,-0.2209750913316384,0.041127718656207436,0.007547246108879335,340,0.9834044575691223,0.075732421875,0.0003,0.2,0.054857254,-10.0,193.8
194.49,748,95,71680,35,-9.6,,,,,,,,,,,,
193.96,749,98,73728,36,-9.6,0.0006712945178151131,-0.1498344413237646,0.01068062791673583,0.0012396440346492455,350,0.994798481464386,0.014697265625,0.0003,0.2,0.0007346804,,
192.35,750,101,75776,37,-9.7,0.003029905492439866,-0.2017906949389726,0.007077707404459943,-0.0007555386779131368,360,0.9979294538497925,0.02001953125,0.0003,0.2,0.0040088976,,
190.17,750,103,77824,38,-9.9,-0.006339359097182751,-0.13402737162541598,0.004098007284119376,-0.0011838046120828949,370,0.9984781742095947,0.02197265625,0.0003,0.2,0.0032842157,,
189.43,751,106,79872,39,-9.9,-0.005302383564412594,-0.12261698967777193,0.0019320148286169569,-0.00225390463747317,380,0.9992737770080566,0.0328125,0.0003,0.2,0.0042115133,,
,,,80000,,,-0.0005309603293426335,-0.14906044430099427,0.0014690218130454014,-0.0018054496627883053,390,0.9995296597480774,0.025,0.0003,0.2,0.0022565634,-10.0,136.4
189.08,748,109,81920,40,-9.9,,,,,,,,,,,,
189.01,748,112,83968,41,-9.9,0.003566564992070198,-0.1551736058667302,0.0009651108213802218,-0.0022228604939300567,400,0.999700665473938,0.037255859375,0.0003,0.2,0.0021467248,,
186.21,749,114,86016,42,-10.0,-0.002873409539461136,-0.1444244392449036,0.0032254637472760805,-0.004198962057125754,410,0.999312162399292,0.032568359375,0.0003,0.2,0.0046528857,,
186.05,749,117,88064,43,-10.0,0.021169526502490044,-0.22638526898808778,0.22744624844635836,-0.003857258391508367,420,0.9595296382904053,0.0646484375,0.0003,0.2,0.01028516,,
,,,90000,,,-0.018267832696437836,-0.16296622222289442,0.009207599229921471,-0.00679844751721248,430,0.9974652528762817,0.031103515625,0.0003,0.2,0.010245495,-10.0,190.8
186.21,747,120,90112,44,-10.0,,,,,,,,,,,,
186.18,747,123,92160,45,-10.0,-0.002545944880694151,-0.13940210749860854,0.0055998082531004915,-0.0020848911488428714,440,0.9989161491394043,0.02314453125,0.0003,0.2,0.0015148451,,
187.58,747,125,94208,46,-9.9,-0.007720181718468666,-0.13705131513997912,0.0028826935285906075,-0.0011153035127790644,450,0.9994179606437683,0.0345703125,0.0003,0.2,0.005808903,,
187.86,748,128,96256,47,-9.9,0.7441785931587219,-0.16874755129683763,1.0848046116239858,-0.0006381065875757485,460,0.7890095710754395,0.016552734375,0.0003,0.2,0.0022534574,,
187.87,749,131,98304,48,-9.9,0.022385429590940475,-0.1627156805479899,0.03208650845626835,-0.0018532183079514653,470,0.9919193387031555,0.017431640625,0.0003,0.2,0.0016756975,,
,,,100000,,,0.003655069973319769,-0.14480445225490257,0.013673451809154358,1.6925342788454145e-05,480,0.9932233095169067,0.023779296875,0.0003,0.2,0.0047623357,-10.0,193.0
188.33,747,134,100352,49,-9.8,,,,,,,,,,,,
190.16,747,136,102400,50,-9.6,0.15872468054294586,-0.15789782395586371,0.5288313275581459,0.00037130101773072963,490,0.8820561170578003,0.007421875,0.0003,0.2,0.00050946313,,
193.44,748,139,104448,51,-9.4,0.3242701292037964,-0.21685983857605606,1.0859203673433513,-0.00014616440748795866,500,0.7349418997764587,0.041162109375,0.0003,0.2,0.0077983337,,
193.62,748,142,106496,52,-9.4,0.38007092475891113,-0.22180657554417849,1.1117473385180348,-0.0022309504594886674,510,0.707114577293396,0.049169921875,0.0003,0.2,0.006911833,,
193.57,749,144,108544,53,-9.4,0.060746192932128906,-0.14839989815372973,0.10318504480528645,-0.001672377492650412,520,0.9340752959251404,0.0375,0.0003,0.2,0.013927904,,
,,,110000,,,0.024751925840973854,-0.16489403534214944,0.026199165544676363,-0.0002500010465155356,530,0.988004744052887,0.05693359375,0.0003,0.2,0.025055837,-8.0,97.6
190.48,749,147,110592,54,-9.4,,,,,,,,,,,,
189.21,749,150,112640,55,-9.5,0.083803690969944,-0.24886393193155526,0.4145521804341115,-0.005282430609804578,540,0.9086819291114807,0.04736328125,0.0003,0.2,0.010122705,,
188.93,749,153,114688,56,-9.5,0.0036333787720650434,-0.1868229982908815,0.021578476199647412,-0.0007554598851129413,550,0.9921382665634155,0.019921875,0.0003,0.2,0.0022180155,,
188.92,749,155,116736,57,-9.5,0.005511141382157803,-0.20261617172509433,0.007812837184974341,-0.0011054497488657943,560,0.9967705607414246,0.02138671875,0.0003,0.2,0.0020711538,,
188.64,749,158,118784,58,-9.6,-0.012524979189038277,-0.18329207133501768,0.0036472226802288787,-0.0009762403729837388,570,0.9985164999961853,0.01962890625,0.0003,0.2,0.0015720099,,
,,,120000,,,0.0002734981244429946,-0.18022628198377788,0.004892969504362554,-0.004340571732609533,580,0.9988914132118225,0.0259765625,0.0003,0.2,0.0025560928,-10.0,165.0
187.97,748,161,120832,59,-9.7,,,,,,,,,,,,
185.19,748,164,122880,60,-10.0,0.003641132963821292,-0.17881050696596504,0.003709203239122871,-0.0009296337462728843,590,0.9990723729133606,0.01572265625,0.0003,0.2,0.001346607,,
185.71,748,166,124928,61,-9.9,-0.0033250991255044937,-0.19907150669023393,0.01011771928606322,-0.0014823186618741601,600,0.9978620409965515,0.029150390625,0.0003,0.2,0.0019861478,,
185.81,749,169,126976,62,-9.9,0.10762304067611694,-0.20682475971989334,0.581930984876817,-0.0008070778363617137,610,0.8777304887771606,0.021533203125,0.0003,0.2,0.0019992334,,
187.47,749,172,129024,63,-9.9,0.007220960222184658,-0.19933923897333444,0.02949368446134031,-0.0009870426176348702,620,0.9914517998695374,0.015283203125,0.0003,0.2,0.0013599236,,
,,,130000,,,0.010901020839810371,-0.2403610000386834,0.22472705095715356,-0.004433854125090874,630,0.9509361982345581,0.051611328125,0.0003,0.2,0.011451691,-10.0,191.8
187.66,747,175,131072,64,-9.9,,,,,,,,,,,,
188.17,748,177,133120,65,-9.9,-0.012841172516345978,-0.19168605138547717,0.013035044170101174,-0.0015906836051726714,640,0.9966627955436707,0.021826171875,0.0003,0.2,0.0022417675,,
188.61,748,180,135168,66,-9.9,0.017608150839805603,-0.20179789601825177,0.014254405925021274,0.0011801952103269286,650,0.9972873330116272,0.012939453125,0.0003,0.2,0.0008130329,,
189.07,748,183,137216,67,-9.9,0.006167547311633825,-0.19704248602502047,0.01833009420952294,-0.0026430447032907978,660,0.9967370629310608,0.029150390625,0.0003,0.2,0.0020147702,,
189.31,749,185,139264,68,-9.9,-0.003000647760927677,-0.20136952423490584,0.016775840336049442,-0.001200075977249071,670,0.9969056248664856,0.0349609375,0.0003,0.2,0.0020294692,,
,,,140000,,,-0.002694931346923113,-0.16990260428283363,0.02093996036637691,-7.127127319108694e-05,680,0.9960076808929443,0.007177734375,0.0003,0.2,0.0012232752,-10.0,187.0
189.59,747,189,141312,69,-9.9,,,,,,,,,,,,
189.32,747,191,143360,70,-10.0,0.005306918174028397,-0.18439748240634798,0.016821469253773102,-7.276173855643719e-05,690,0.9968369603157043,0.01640625,0.0003,0.2,0.0013351333,,
189.36,747,194,145408,71,-10.0,-0.0002062283456325531,-0.20448489729315042,0.018766990918084047,-0.0018939735142339486,700,0.9962364435195923,0.02119140625,0.0003,0.2,0.0021398196,,
189.54,748,197,147456,72,-10.0,-0.0003639799542725086,-0.16014408406335862,0.005874923543160548,5.702056805603206e-05,710,0.9985645413398743,0.025439453125,0.0003,0.2,0.0009834612,,
191.17,748,199,149504,73,-10.0,0.009355689398944378,-0.1510081250220537,0.01894156689013471,-0.0018817097792634741,720,0.9960312247276306,0.03603515625,0.0003,0.2,0.0029445924,,
,,,150000,,,-0.0057821632362902164,-0.1678197751985863,0.013040407006337773,-0.00014756551245227457,730,0.9976839423179626,0.013232421875,0.0003,0.2,0.0010326307,-10.0,101.8
191.05,748,202,151552,74,-10.0,,,,,,,,,,,,
191.06,748,205,153600,75,-10.0,0.008744960650801659,-0.19538388000801205,0.014211293550033588,-0.002045756616280414,740,0.997347891330719,0.03876953125,0.0003,0.2,0.00461403,,
190.87,748,208,155648,76,-10.0,-0.009112671948969364,-0.1808087458834052,0.012459587709599873,-0.0023348391667241232,750,0.9975361227989197,0.057275390625,0.0003,0.2,0.00629411,,
190.66,748,210,157696,77,-10.0,-0.0034580312203615904,-0.15664106835611163,0.002959562970136176,0.0012980031868210062,760,0.998866856098175,0.035546875,0.0003,0.2,0.0037375425,,
190.85,748,213,159744,78,-10.0,0.004089122638106346,-0.1310264814295806,0.008717224776410149,-0.0015530032454989851,770,0.9981399178504944,0.02890625,0.0003,0.2,0.0029869494,,
,,,160000,,,-0.013204194605350494,-0.1518128617433831,0.015094256334123202,-0.0012479277502279729,780,0.9962954521179199,0.052783203125,0.0003,0.2,0.0056938017,-10.0,160.4
192.18,747,216,161792,79,-9.9,,,,,,,,,,,,
194.97,746,219,163840,80,-9.7,0.28241753578186035,-0.13252675568219274,0.9059841234353371,0.0003126441879430786,790,0.7958554625511169,0.006494140625,0.0003,0.2,0.0005610195,,
198.06,746,222,165888,81,-9.4,0.3744906783103943,-0.1319477846380323,1.7803356964781414,-0.0021457890514284374,800,0.6364930868148804,0.024462890625,0.0003,0.2,0.0020420658,,
198.33,746,225,167936,82,-9.4,0.2702910602092743,-0.11585391871631145,1.8973883032798766,-0.0004561366382404231,810,0.5249345302581787,0.00732421875,0.0003,0.2,0.0006082321,,
200.51,746,227,169984,83,-9.2,0.11671731621026993,-0.12408783661667258,0.27526023823302237,-0.0007380441966233775,820,0.7959136366844177,0.018603515625,0.0003,0.2,0.003520464,,
,,,170000,,,1.8849729299545288,-0.10580139837693422,2.2775281231850384,-0.0006889376614708454,830,0.40499645471572876,0.028857421875,0.0003,0.2,0.0014832474,-10.0,163.6
202.82,745,230,172032,84,-8.9,,,,,,,,,,,,
205.32,746,233,174080,85,-8.7,0.5948337316513062,-0.19920271546579899,2.26984619256109,-0.0019187529542250559,840,0.4520972967147827,0.030712890625,0.0003,0.2,0.0056857443,,
207.18,746,235,176128,86,-8.6,1.036163091659546,-0.12962464548181743,2.063317641476169,0.00021243464143481106,850,0.4772984981536865,0.011181640625,0.0003,0.2,0.00069681066,,
208.55,746,238,178176,87,-8.4,1.1171427965164185,-0.12851099513936787,2.010844609932974,0.0003873110093991272,860,0.5358683466911316,0.013623046875,0.0003,0.2,0.0007652071,,
,,,180000,,,0.1575513780117035,-0.12910155220888556,0.7176236858591437,0.0020937744149705393,870,0.6925716400146484,0.0283203125,0.0003,0.2,0.009798974,-10.0,188.2
208.75,745,241,180224,88,-8.3,,,,,,,,,,,,
209.63,745,244,182272,89,-8.1,0.07847047597169876,-0.1339948458247818,0.6377044022781775,-0.003150875690334942,880,0.8295339941978455,0.038330078125,0.0003,0.2,0.0030833748,,
206.97,745,247,184320,90,-8.3,0.5251120328903198,-0.14612810937687754,1.7406323828734458,-0.0002957353441161104,890,0.5038957595825195,0.0150390625,0.0003,0.2,0.0017073685,,
191.91,746,249,186368,91,-8.5,0.01792544312775135,-0.1473067984217778,0.18802102806512266,-0.007796155675896444,900,0.8715859055519104,0.07431640625,0.0003,0.2,0.04439608,,
189.66,746,252,188416,92,-8.7,1.5930813550949097,-0.2078405100153759,2.8663187485188244,-0.017552613937004934,910,0.36681634187698364,0.08271484375,0.0003,0.2,0.046142243,,
,,,190000,,,0.18451137840747833,-0.14691978367045522,0.16111592995002866,0.0009889376640785485,920,0.8825738430023193,0.0208984375,0.0003,0.2,0.009931589,-10.0,73.4
185.3,745,255,190464,93,-9.0,,,,,,,,,,,,
182.6,746,257,192512,94,-9.2,0.1566738486289978,-0.14253463244531303,0.21245778727461584,-0.0014029042707988993,930,0.9432356357574463,0.015625,0.0003,0.2,0.0018295357,,
179.5,746,260,194560,95,-9.4,0.014303447678685188,-0.16597612963523717,0.035890373296570036,-0.0008344615052919835,940,0.9819344282150269,0.0103515625,0.0003,0.2,0.00077859045,,
179.21,746,263,196608,96,-9.5,0.011073860339820385,-0.16566004639025778,0.018181193433701993,0.0003383556060725823,950,0.9908391237258911,0.013916015625,0.0003,0.2,0.00053210143,,
179.97,746,265,198656,97,-9.5,0.005644714459776878,-0.17468792567960917,0.009956596379197435,-0.0021820680471137167,960,0.9958670139312744,0.016552734375,0.0003,0.2,0.0012652585,,
,,,200000,,,0.4638218581676483,-0.14060210643801838,0.8071178365673404,-0.002652719334582798,970,0.8009248375892639,0.027734375,0.0003,0.2,0.0017427377,-8.0,143.8
175.91,746,268,200704,98,-9.8,,,,,,,,,,,,
180.17,746,271,202752,99,-9.8,0.020161867141723633,-0.22081128973513842,0.2541810482973233,-0.005543494349694811,980,0.9420009851455688,0.05166015625,0.0003,0.2,0.008604469,,
189.02,746,274,204800,100,-9.7,0.0007396815344691277,-0.13814055181574075,0.0162102981688804,-0.0044684230364509855,990,0.9956696033477783,0.02763671875,0.0003,0.2,0.0027395869,,
189.1,747,276,206848,101,-9.8,0.03780243173241615,-0.1563452730886638,0.9056202539475635,-0.0038575155136641114,1000,0.7986412048339844,0.02763671875,0.0003,0.2,0.0017544853,,
189.55,747,279,208896,102,-9.8,0.024406220763921738,-0.1383293735794723,0.07995382653316482,-0.002567105900379829,1010,0.9665579795837402,0.02734375,0.0003,0.2,0.002936413,,
,,,210000,,,0.020683202892541885,-0.09667997064534575,0.046422095601155886,-0.002549227772396989,1020,0.9844880104064941,0.03125,0.0003,0.2,0.009573953,-10.0,101.8
192.13,747,282,210944,103,-9.8,,,,,,,,,,,,
195.23,747,284,212992,104,-9.4,0.007378097157925367,-0.12685229759663344,0.03459359126718482,-0.0017227876640390604,1030,0.9940356016159058,0.025048828125,0.0003,0.2,0.0021274704,,
199.08,747,287,215040,105,-9.1,0.534223198890686,-0.09813147953245789,1.8193624491337688,-0.00299215487902984,1040,0.41683846712112427,0.022314453125,0.0003,0.2,0.0027224752,,
200.67,747,290,217088,106,-9.0,0.29869455099105835,-0.13155002472922206,2.2299890235066413,-0.0003087475226493552,1050,0.5344569683074951,0.005126953125,0.0003,0.2,0.00093519525,,
202.16,747,293,219136,107,-8.9,0.6382045149803162,-0.13657088133040815,1.3091522842878476,-0.006082476145820692,1060,0.49099409580230713,0.044140625,0.0003,0.2,0.017755311,,
,,,220000,,,2.110288619995117,-0.07909084669081494,2.345731476927176,-0.00043896451097680256,1070,0.2956203818321228,0.009326171875,0.0003,0.2,0.0007138938,-10.0,158.6
205.15,746,296,221184,108,-8.8,,,,,,,,,,,,
206.33,746,298,223232,109,-8.7,0.9267301559448242,-0.07145052523119375,1.310303204669617,0.0004215354158077389,1080,0.6322000026702881,0.010009765625,0.0003,0.2,0.0005826766,,
208.92,747,301,225280,110,-8.4,0.2593483030796051,-0.07654470591805876,1.170828734972747,-0.0006434659153455868,1090,0.7048288583755493,0.02236328125,0.0003,0.2,0.004428348,,
214.38,746,304,227328,111,-7.9,1.8548887968063354,-0.0799557832768187,1.992748040985316,-0.0012359650863800198,1100,0.45744848251342773,0.014501953125,0.0003,0.2,0.0008365193,,
215.87,747,307,229376,112,-7.8,1.8434653282165527,-0.08979246728122234,3.357812823355198,-0.0002957929755211808,1110,0.2577325105667114,0.005615234375,0.0003,0.2,0.000284695,,
,,,230000,,,0.15170107781887054,-0.10222352237906307,1.906271988293156,-0.0031086082075489686,1120,0.2537771463394165,0.024609375,0.0003,0.2,0.0058476105,-10.0,105.2
218.03,746,309,231424,113,-7.5,,,,,,,,,,,,
216.59,746,312,233472,114,-7.7,0.686377763748169,-0.10905559164239094,2.45270856898278,-0.0013693725981283934,1130,0.38931500911712646,0.022412109375,0.0003,0.2,0.014656855,,
218.71,747,315,235520,115,-7.6,0.7131910920143127,-0.08250490527134388,1.1035032823914661,-0.0018274246322107501,1140,0.7333271503448486,0.016162109375,0.0003,0.2,0.00042506843,,
219.8,747,317,237568,116,-7.5,0.33895328640937805,-0.078193911164999,2.055481337837409,-0.00016090690187411382,1150,0.5159064531326294,0.011083984375,0.0003,0.2,0.00066605327,,
219.84,747,320,239616,117,-7.5,1.464383602142334,-0.0717686185031198,2.523312795814127,-0.0003082412753428798,1160,0.5619949102401733,0.007568359375,0.0003,0.2,0.00047909954,,
,,,240000,,,1.2427361011505127,-0.07639922284288332,2.759033249178901,-0.0003686265859869309,1170,0.48343485593795776,0.017578125,0.0003,0.2,0.0005633538,-2.0,243.8
221.18,746,323,241664,118,-7.4,,,,,,,,,,,,
225.19,746,326,243712,119,-7.1,1.282631278038025,-0.06074707153602503,1.9981178752146662,-0.002720006657182239,1180,0.5805560350418091,0.02705078125,0.0003,0.2,0.0019973381,,
231.54,746,329,245760,120,-6.6,1.3571807146072388,-0.06830565498676151,2.7565859193913638,3.601193893700838e-05,1190,0.4848472476005554,0.01328125,0.0003,0.2,0.0035164524,,
229.64,746,331,247808,121,-6.8,2.1769309043884277,-0.09882289598463104,3.913590786233544,6.277703214436769e-05,1200,0.1153639554977417,0.015771484375,0.0003,0.2,0.0015525599,,
228.96,746,334,249856,122,-6.9,1.799151062965393,-0.05899363693315536,2.8544181792996826,-0.00011385927209630608,1210,0.12072813510894775,0.014697265625,0.0003,0.2,0.0010150683,,
,,,250000,,,0.8112461566925049,-0.12240791342919692,3.722386331297457,0.00018601614283397794,1220,0.127081036567688,0.0548828125,0.0003,0.2,0.012313108,-10.0,165.2
237.31,746,337,251904,123,-6.2,,,,,,,,,,,,
241.42,746,340,253952,124,-5.9,1.8772289752960205,-0.08236671788617969,3.37372458006721,0.0004721954610431567,1230,0.1886434555053711,0.010693359375,0.0003,0.2,0.00060583185,,
241.04,746,342,256000,125,-5.8,1.7267338037490845,-0.09763462314149365,3.839746366068721,-0.0003614357585320249,1240,-0.0127791166305542,0.02998046875,0.0003,0.2,0.006533151,,
243.53,747,345,258048,126,-5.5,1.0960509777069092,-0.06712883400614374,2.470465594250709,-0.0005087619269033894,1250,0.2796725630760193,0.014453125,0.0003,0.2,0.0026437368,,
,,,260000,,,0.8043256402015686,-0.06706126425997354,2.761105695180595,1.5217295731417834e-05,1260,0.3894636631011963,0.01748046875,0.0003,0.2,0.0033202288,-2.0,251.6
240.19,746,348,260096,127,-5.7,,,,,,,,,,,,
242.99,746,351,262144,128,-5.4,0.7542188763618469,-0.0752903165994212,2.2220548591110854,-0.0003344924829434603,1270,0.463761568069458,0.010595703125,0.0003,0.2,0.0015103335,,
252.58,746,354,264192,129,-4.6,1.3667513132095337,-0.06432446435792372,2.3904561161994935,-0.0007810924900695682,1280,0.48901814222335815,0.01572265625,0.0003,0.2,0.0010543927,,
258.81,746,356,266240,130,-4.1,1.0308171510696411,-0.07052114841644652,3.0860876199789344,0.0008612455945694819,1290,0.4322722554206848,0.00869140625,0.0003,0.2,0.00021283227,,
266.31,746,359,268288,131,-3.5,0.3984517753124237,-0.05577851989073679,3.9178807800635695,-0.0006260090667637996,1300,0.39326465129852295,0.010107421875,0.0003,0.2,0.00063519645,,
,,,270000,,,2.3369247913360596,-0.046153576264623554,4.154640464857221,0.0006686230379273183,1310,0.38240790367126465,0.016796875,0.0003,0.2,0.0009855798,-6.0,170.4
270.26,745,362,270336,132,-3.1,,,,,,,,,,,,
287.45,746,364,272384,133,-1.6,1.852583646774292,-0.057064212567638606,2.691475791996345,-0.0007569203822640702,1320,0.5828238725662231,0.013134765625,0.0003,0.2,0.0005731218,,
286.62,746,367,274432,134,-1.2,0.7625876069068909,-0.060033919269335455,3.8593732522800566,-0.0011617601732723415,1330,0.46287524700164795,0.025537109375,0.0003,0.2,0.008095532,,
292.96,746,370,276480,135,-0.7,2.410234212875366,-0.0695299141923897,5.258004070073366,-0.0009788241179194302,1340,0.3542909622192383,0.0220703125,0.0003,0.2,0.0026365654,,
289.28,746,373,278528,136,-0.5,3.593183994293213,-0.05991577474633232,5.614005952700973,-0.0005071587118436582,1350,0.12023156881332397,0.02275390625,0.0003,0.2,0.0058310744,,
,,,280000,,,1.4092332124710083,-0.06994480660650879,3.985339823178947,-0.000549070505076088,1360,0.4119071364402771,0.018505859375,0.0003,0.2,0.0025244798,-10.0,73.4
253.78,746,375,280576,137,-1.4,,,,,,,,,,,,
247.3,746,378,282624,138,-1.1,3.5913145542144775,-0.0480295574554475,5.61805851124227,-0.00013273602089611814,1370,0.5761235356330872,0.015380859375,0.0003,0.2,0.010548771,,
254.0,746,381,284672,139,-0.4,1.9495723247528076,-0.08854962050681933,4.257182813435793,-0.004169798531802371,1380,0.4967706799507141,0.0298828125,0.0003,0.2,0.0025347539,,
257.48,746,384,286720,140,0.2,4.006204605102539,-0.05697958712698892,2.6772846430540085,0.0004066527733812109,1390,0.5321098566055298,0.01904296875,0.0003,0.2,0.001195647,,
240.1,746,386,288768,141,-1.0,5.179841041564941,-0.09152899789623917,5.50348198004067,-0.005666852970171022,1400,0.12182331085205078,0.0439453125,0.0003,0.2,0.014098848,,
,,,290000,,,1.9535411596298218,-0.06671579187968746,4.675864348188043,-0.0014180470650899224,1410,0.20753884315490723,0.01884765625,0.0003,0.2,0.0015444814,-10.0,106.2
235.41,746,389,290816,142,-1.3,,,,,,,,,,,,
238.88,746,392,292864,143,-0.9,2.444732427597046,-0.07620039731264114,3.764021660014987,0.0003019646173925139,1420,0.2128191590309143,0.012158203125,0.0003,0.2,0.0013237549,,
230.61,746,394,294912,144,-1.7,3.1087777614593506,-0.08624783785198815,4.550032990798354,-0.002229549046023749,1430,0.14386320114135742,0.029931640625,0.0003,0.2,0.0035046202,,
228.01,746,397,296960,145,-2.2,2.6865265369415283,-0.06380265560001135,4.901590362004936,-0.0028283572130021637,1440,0.07580626010894775,0.026806640625,0.0003,0.2,0.0010419538,,
223.48,746,400,299008,146,-2.4,1.2481000423431396,-0.06041086614422966,5.294352196529507,-0.0005723093723645434,1450,0.2162274718284607,0.01669921875,0.0003,0.2,0.001045642,,
,,,300000,,,2.300097703933716,-0.06645780988619662,4.5972326688468454,-0.0024943783559137956,1460,0.34778934717178345,0.0234375,0.0003,0.2,0.004133509,-8.0,161.6
232.46,746,403,301056,147,-1.9,,,,,,,,,,,,
240.93,746,406,303104,148,-1.7,0.7571498155593872,-0.06815761449397542,3.691070859692991,0.00017920616082847118,1470,0.5144678950309753,0.011865234375,0.0003,0.2,0.0020618988,,
257.41,746,408,305152,149,-1.3,1.786982774734497,-0.0557732737303013,4.381206696294248,-0.0019509463774738834,1480,0.38950085639953613,0.0201171875,0.0003,0.2,0.0009837258,,
275.88,746,411,307200,150,-0.4,1.5503149032592773,-0.04304256932373392,3.7665597941726445,-0.0021418118063593282,1490,0.012656092643737793,0.025,0.0003,0.2,0.005050672,,
276.18,746,414,309248,151,-0.5,3.4866409301757812,-0.05958077016402967,4.488092258386314,-0.00014045391289982945,1500,0.20463675260543823,0.019091796875,0.0003,0.2,0.0020656225,,
,,,310000,,,2.5969622135162354,-0.04941776078994735,4.39627709761262,0.0013782068861473817,1510,0.07226115465164185,0.022314453125,0.0003,0.2,0.031736135,-10.0,101.8
263.31,746,417,311296,152,-1.8,,,,,,,,,,,,
268.26,746,419,313344,153,-1.4,1.3506718873977661,-0.10332645663293079,4.27586622852832,-0.004974027830758132,1520,-0.2024465799331665,0.06533203125,0.0003,0.2,0.021525111,,
277.65,746,422,315392,154,-1.0,1.9495069980621338,-0.082379309280077,3.8977813090197744,-0.0007382878742646426,1530,0.00367659330368042,0.02236328125,0.0003,0.2,0.0031699785,,
282.24,746,425,317440,155,-0.7,1.3409701585769653,-0.08353601995040663,4.08577279355377,0.00013912520371377467,1540,0.18608421087265015,0.016015625,0.0003,0.2,0.0033976913,,
282.49,746,427,319488,156,-0.6,2.3985981941223145,-0.05907592127332464,3.5244897451251744,-0.0009785183254280127,1550,0.4301500916481018,0.017578125,0.0003,0.2,0.0033183154,,
,,,320000,,,3.066922903060913,-0.06847299236396794,4.007210539281369,-0.0022627637001278343,1560,0.3588285446166992,0.023876953125,0.0003,0.2,0.0036187344,-4.0,239.8
293.29,745,431,321536,157,0.1,,,,,,,,,,,,
289.88,745,433,323584,158,-0.1,1.0821095705032349,-0.05032955913920887,2.7812136307358744,-0.00027126744826091456,1570,0.6719537973403931,0.01982421875,0.0003,0.2,0.003139774,,
280.28,745,436,325632,159,-0.3,0.874016523361206,-0.06644024546840228,4.339832503907383,-0.00013308068737387656,1580,0.5291615724563599,0.022998046875,0.0003,0.2,0.008117538,,
290.71,745,439,327680,160,0.4,1.1867581605911255,-0.0915701403573621,2.794278648123145,-0.005727736229891889,1590,0.6281380653381348,0.062255859375,0.0003,0.2,0.03808385,,
297.22,746,441,329728,161,0.9,1.3375524282455444,-0.07806619943003171,4.568491239473223,-0.00560543413303094,1600,0.37074095010757446,0.024755859375,0.0003,0.2,0.0071180295,,
,,,330000,,,1.1457152366638184,-0.07773291592020541,4.3532829253003005,-0.0017401502656866797,1610,0.4274909496307373,0.023779296875,0.0003,0.2,0.003722575,-6.0,201.6
296.14,745,445,331776,162,0.8,,,,,,,,,,,,
304.34,745,447,333824,163,1.5,2.3317582607269287,-0.06266891445848159,5.497312618605792,0.000492420386581216,1620,0.3866312503814697,0.008984375,0.0003,0.2,0.001251582,,
310.29,745,450,335872,164,1.9,2.8744797706604004,-0.0804478723090142,3.9726182146929205,-0.0009855086129391566,1630,0.48495548963546753,0.024951171875,0.0003,0.2,0.003991452,,
310.21,745,453,337920,165,1.9,4.3505120277404785,-0.06480239402153529,5.3129434350878,-6.853718950878828e-05,1640,0.281033992767334,0.014892578125,0.0003,0.2,0.0010018968,,
317.85,745,455,339968,166,2.5,2.1135382652282715,-0.07328159891185351,4.378498511016369,-0.0002189597551478073,1650,0.49966782331466675,0.0125,0.0003,0.2,0.00086071936,,
,,,340000,,,3.3470242023468018,-0.05821722952532582,6.314249532297254,-0.0024277558753965423,1660,0.0498313307762146,0.0185546875,0.0003,0.2,0.0010379968,-4.0,207.2
323.92,744,459,342016,167,3.0,,,,,,,,,,,,
336.97,745,461,344064,168,3.7,1.0613964796066284,-0.08271823507966473,3.850549329351634,0.0012237598464707844,1670,0.39521467685699463,0.020703125,0.0003,0.2,0.003770799,,
354.11,745,464,346112,169,4.9,2.552434206008911,-0.052501345472410324,4.761215939372778,-0.00040536205342505126,1680,0.28094929456710815,0.014990234375,0.0003,0.2,0.00081736984,,
369.02,745,467,348160,170,6.0,1.0225285291671753,-0.07458809209056198,3.0915552717633545,-0.0001190550159662962,1690,0.5802417397499084,0.014892578125,0.0003,0.2,0.0010086128,,
,,,350000,,,1.1688555479049683,-0.0812814582255669,4.186639976594597,-0.0017261801986023784,1700,0.5552359223365784,0.025048828125,0.0003,0.2,0.0020801749,-10.0,162.2
374.74,744,470,350208,171,6.4,,,,,,,,,,,,
368.07,744,472,352256,172,6.2,2.346693515777588,-0.05536191461142152,4.375588916614651,-0.0016721270716516302,1710,0.32682812213897705,0.026611328125,0.0003,0.2,0.0026405493,,
380.63,745,475,354304,173,7.1,3.2887697219848633,-0.08896713814465329,4.636401967145503,-0.003623728282400407,1720,0.23446440696716309,0.03671875,0.0003,0.2,0.0040237093,,
379.2,745,478,356352,174,7.0,1.917205572128296,-0.06761792300385423,5.081310260109603,0.0006414029776351526,1730,0.2252262830734253,0.0095703125,0.0003,0.2,0.0018025048,,
372.05,745,480,358400,175,6.3,2.474647283554077,-0.07094023812678643,5.0054676061496135,-0.0010921451612375677,1740,0.3370845913887024,0.02158203125,0.0003,0.2,0.0020057848,,
,,,360000,,,1.2393074035644531,-0.07499805041006766,5.961835069581866,-0.00166277164244093,1750,0.13779175281524658,0.021875,0.0003,0.2,0.0016347747,38.0,721.6
369.9,742,485,360448,176,6.2,,,,,,,,,,,,
382.15,742,487,362496,177,6.8,1.3013420104980469,-0.07777118140948006,3.5560801627114413,-0.0015536524486378766,1760,0.5054416656494141,0.0345703125,0.0003,0.2,0.003708987,,
381.34,742,490,364544,178,6.7,2.014941453933716,-0.04800637024163734,4.660944659635424,-0.002018566770129837,1770,0.2908962368965149,0.020166015625,0.0003,0.2,0.0005990587,,
392.4,743,493,366592,179,7.6,0.22259704768657684,-0.06478625874151475,3.6809438869357107,0.000500190249294974,1780,0.5377328395843506,0.01455078125,0.0003,0.2,0.0007588805,,
405.55,743,495,368640,180,8.6,2.34934401512146,-0.04775266922952141,3.494342819787562,0.0006506671059469226,1790,0.5331923961639404,0.016650390625,0.0003,0.2,0.0048920307,,
,,,370000,,,3.251328468322754,-0.04992965612764237,3.908226184360683,-0.0003199941435013898,1800,0.5553606748580933,0.015576171875,0.0003,0.2,0.00032066845,50.0,895.6
411.91,740,500,370688,181,9.1,,,,,,,,,,,,
427.79,740,503,372736,182,10.4,0.10991179198026657,-0.060604049198445864,2.2438847933895887,0.00016667549207340925,1810,0.6992485523223877,0.019091796875,0.0003,0.2,0.0046151932,,
426.75,740,506,374784,183,10.2,0.3088587820529938,-0.052179541962686926,2.670470991684124,-0.0016144907116540709,1820,0.6945472359657288,0.017431640625,0.0003,0.2,0.001201409,,
426.12,740,508,376832,184,10.1,2.7442445755004883,-0.06629039370454848,6.099458400160074,-0.009722236313973554,1830,-0.16736137866973877,0.05712890625,0.0003,0.2,0.032338765,,
432.29,741,511,378880,185,10.7,1.8504334688186646,-0.053983806053292935,4.652309893257916,-0.0015307400622987188,1840,0.10580945014953613,0.017578125,0.0003,0.2,0.0019380113,,
,,,380000,,,0.5482016205787659,-0.07271331341471524,4.028698978386819,-0.0010787963736220263,1850,0.37847620248794556,0.0220703125,0.0003,0.2,0.00081807864,324.0,4210.2
424.74,726,524,380928,186,10.4,,,,,,,,,,,,
424.96,726,527,382976,187,10.5,0.46711239218711853,-0.05147894603142049,2.3715408377815037,0.0008322296387632377,1860,0.19800806045532227,0.01708984375,0.0003,0.2,0.0006032041,,
433.61,726,529,385024,188,11.2,1.3757373094558716,-0.0558621483593015,2.754152019415051,-0.000511928234482184,1870,0.5604196786880493,0.012451171875,0.0003,0.2,0.0011655686,,
439.87,727,532,387072,189,11.7,3.5534965991973877,-0.04911505557829514,3.39638338945806,-0.0013642522259033284,1880,0.43300920724868774,0.019873046875,0.0003,0.2,0.0029635252,,
449.68,727,535,389120,190,12.6,1.6647520065307617,-0.051998822871246374,3.3560831146780403,-0.0012205060193082318,1890,0.5560259819030762,0.018505859375,0.0003,0.2,0.001608246,,
,,,390000,,,0.6534735560417175,-0.055041129197343254,0.9859564256854355,0.0018907920763012952,1900,0.7803695201873779,0.02080078125,0.0003,0.2,0.001955075,8.0,368.6
455.58,725,538,391168,191,13.1,,,,,,,,,,,,
441.19,725,541,393216,192,12.0,1.6473513841629028,-0.060884274821728465,5.668311544507742,-0.0012598558678291738,1910,0.42374783754348755,0.024462890625,0.0003,0.2,0.00497131,,
450.53,726,544,395264,193,12.6,1.4341241121292114,-0.07138726814300753,4.764566534385085,-0.0003977428947109729,1920,0.48200303316116333,0.01015625,0.0003,0.2,0.00037240895,,
455.26,726,547,397312,194,12.9,1.7073650360107422,-0.055591736553469676,5.0596468867734075,-0.0012366407085210086,1930,0.3942221999168396,0.017919921875,0.0003,0.2,0.001513069,,
469.15,726,549,399360,195,13.9,2.4468111991882324,-0.052765294382697905,3.230890523828566,0.0005306548890075646,1940,0.45173120498657227,0.01630859375,0.0003,0.2,0.002472685,,
,,,400000,,,1.6683686971664429,-0.07129518629517406,4.287258837744593,-0.000989630230469629,1950,0.4695446491241455,0.025146484375,0.0003,0.2,0.0030404779,60.0,1020.6
481.44,723,554,401408,196,15.0,,,,,,,,,,,,
482.09,723,557,403456,197,15.2,0.7337892651557922,-0.05362630147719756,3.4873975112102924,-0.00033140695304609833,1960,0.48523271083831787,0.01806640625,0.0003,0.2,0.0029531743,,
488.47,723,560,405504,198,15.7,0.5536007285118103,-0.08466656626551412,3.9624972867779436,-0.004802695868420415,1970,0.5550526976585388,0.057275390625,0.0003,0.2,0.006795749,,
490.69,724,562,407552,199,16.0,2.976767063140869,-0.05737873319303617,5.683309452608228,0.0007173667487222702,1980,0.3661124110221863,0.01953125,0.0003,0.2,0.0011993604,,
494.67,724,565,409600,200,16.4,2.2603681087493896,-0.046916386677185076,3.519631266128272,-0.00026152869540965187,1990,0.4975703954696655,0.016650390625,0.0003,0.2,0.0011509393,,
,,,410000,,,3.239091396331787,-0.05002626656496432,3.887860052473843,2.739058109000325e-05,2000,0.564933180809021,0.0140625,0.0003,0.2,0.0028077392,-6.0,181.2
501.62,724,568,411648,201,17.0,,,,,,,,,,,,
505.29,724,571,413696,202,17.1,0.18650758266448975,-0.06892262474284508,0.8911964129423723,0.000990387104684487,2010,0.7949236631393433,0.015966796875,0.0003,0.2,0.0013504412,,
504.08,724,573,415744,203,17.0,2.533503770828247,-0.076382124889642,7.706180196627974,-0.0008572964376071468,2020,-0.19388091564178467,0.026513671875,0.0003,0.2,0.0013283865,,
512.12,724,576,417792,204,17.9,1.2881951332092285,-0.0815880686044693,3.5491288198158144,-0.0029235384979983793,2030,0.23541373014450073,0.02744140625,0.0003,0.2,0.0048013804,,
482.95,725,578,419840,205,15.6,1.1702160835266113,-0.06875580808555241,3.029405958298594,-0.00011325841041980312,2040,0.49419957399368286,0.018701171875,0.0003,0.2,0.0051311622,,
,,,420000,,,0.7729924917221069,-0.063748083030805,3.984439039696008,0.0002994767593918368,2050,0.33468711376190186,0.009716796875,0.0003,0.2,0.0004886976,2.0,317.8
490.38,724,582,421888,206,16.2,,,,,,,,,,,,
496.31,724,585,423936,207,16.8,1.3880406618118286,-0.053372125283931385,3.3424796221777795,-0.000899121435941197,2060,0.5560550689697266,0.013916015625,0.0003,0.2,0.0004427674,,
487.63,724,587,425984,208,16.2,2.3328471183776855,-0.09518931121565402,4.81459300071001,-0.009583518700674176,2070,0.25135576725006104,0.051171875,0.0003,0.2,0.014700523,,
487.61,724,590,428032,209,16.1,2.796792984008789,-0.09494505859911442,4.94557658880949,-0.0022240851219976323,2080,0.1825411319732666,0.0478515625,0.0003,0.2,0.007496244,,
,,,430000,,,1.2390906810760498,-0.061715153115801516,5.298128051869571,-0.0005811874056234956,2090,0.31114107370376587,0.01611328125,0.0003,0.2,0.0016848606,34.0,723.4
490.89,722,594,430080,210,16.2,,,,,,,,,,,,
499.16,723,597,432128,211,16.9,1.7242622375488281,-0.050482412695419046,4.805324130877852,-0.0007407681856420823,2100,0.30975592136383057,0.009375,0.0003,0.2,0.00084906,,
505.16,723,600,434176,212,17.4,0.5046247839927673,-0.08702687792247162,3.149286282248795,0.0004681747013819404,2110,0.5123287439346313,0.0365234375,0.0003,0.2,0.003581495,,
500.3,723,602,436224,213,17.0,2.0987653732299805,-0.06581256472854875,3.1804054151289165,0.00038484672113554553,2120,0.6029256582260132,0.016748046875,0.0003,0.2,0.0014646098,,
486.19,723,605,438272,214,16.0,1.1856857538223267,-0.0627501683717128,2.3735191923566163,-0.00036033508222317324,2130,0.6791096329689026,0.0146484375,0.0003,0.2,0.0021010945,,
,,,440000,,,1.3192989826202393,-0.04706588561239187,3.3024398582987486,-0.0018732840748270974,2140,0.54812091588974,0.020166015625,0.0003,0.2,0.0012469206,-8.0,199.2
491.31,723,608,440320,215,16.5,,,,,,,,,,,,
498.26,723,611,442368,216,17.1,1.875067114830017,-0.08407295301440172,4.120030377618969,0.0010062185625429264,2150,0.49022597074508667,0.039111328125,0.0003,0.2,0.0063797226,,
521.34,723,614,444416,217,19.0,1.2551672458648682,-0.06617211970151402,2.8074807290919126,-0.0003260993922594935,2160,0.6302930116653442,0.022802734375,0.0003,0.2,0.0014414582,,
508.09,723,616,446464,218,18.0,1.5642672777175903,-0.05488213047501631,2.085678025940433,0.00045278693723957983,2170,0.7085391283035278,0.01171875,0.0003,0.2,0.0007386468,,
516.8,724,619,448512,219,18.7,4.574154376983643,-0.05888503017486073,4.549594048038125,-0.001481107079598587,2180,0.32103216648101807,0.014794921875,0.0003,0.2,0.0020740137,,
,,,450000,,,1.8442254066467285,-0.05855728803435341,3.618627981469035,-0.0015258218467351981,2190,0.5355062484741211,0.012744140625,0.0003,0.2,0.001310311,4.0,361.8
518.27,723,622,450560,220,18.8,,,,,,,,,,,,
500.65,723,625,452608,221,17.2,0.2753799557685852,-0.05420118549373001,2.8147643882315605,-0.00011102514690719545,2200,0.6361358165740967,0.017822265625,0.0003,0.2,0.0033618575,,
495.86,723,628,454656,222,17.0,5.752908706665039,-0.06292181504250038,6.314361565187573,0.001026121506583877,2210,0.18334215879440308,0.02021484375,0.0003,0.2,0.0044714743,,
508.09,723,630,456704,223,18.1,1.0744719505310059,-0.04910961776331533,4.358731239847839,0.001320132298860699,2220,0.5164057016372681,0.01728515625,0.0003,0.2,0.00043169718,,
486.84,724,633,458752,224,16.1,2.5562641620635986,-0.061861144535942006,2.761475983541459,-0.0014942291119950824,2230,0.6474494338035583,0.01748046875,0.0003,0.2,0.0013857647,,
,,,460000,,,5.077687740325928,-0.07096659386879764,7.274191045388579,-0.00545508268114645,2240,0.005418300628662109,0.030126953125,0.0003,0.2,0.0059509813,46.0,827.0
479.98,721,638,460800,225,15.5,,,,,,,,,,,,
488.99,721,641,462848,226,16.3,4.958918571472168,-0.07632159957429394,5.142595187574625,0.00038141230907058344,2250,0.16507983207702637,0.014306640625,0.0003,0.2,0.0008468483,,
485.04,722,643,464896,227,15.9,0.7111063599586487,-0.06208529061404988,3.9477469697594643,-0.0009716046282846946,2260,0.37382131814956665,0.01865234375,0.0003,0.2,0.004403738,,
479.37,722,646,466944,228,15.3,2.6321442127227783,-0.067681804462336,3.4364895025268196,0.001565653763100272,2270,0.5416820049285889,0.020556640625,0.0003,0.2,0.0005570114,,
469.74,722,649,468992,229,14.5,1.9453061819076538,-0.07646770072169602,4.524177778325975,-0.005376063418225385,2280,0.37526702880859375,0.028466796875,0.0003,0.2,0.0041295155,,
,,,470000,,,1.9216803312301636,-0.07117431158549152,4.557519395276904,0.0007503915898269042,2290,0.3808143734931946,0.018994140625,0.0003,0.2,0.0018945774,10.0,420.6
476.86,721,652,471040,230,15.0,,,,,,,,,,,,
485.36,721,655,473088,231,15.7,1.9201242923736572,-0.07221783184795641,3.287606807053089,0.0013323604187462478,2300,0.5507433414459229,0.014990234375,0.0003,0.2,0.00082975574,,
507.34,721,658,475136,232,17.5,0.6715672016143799,-0.06655378006398678,1.8040975925512612,0.0015175592416198924,2310,0.7363662719726562,0.0140625,0.0003,0.2,0.0005440299,,
521.18,722,660,477184,233,18.8,0.31405913829803467,-0.05357189662754536,1.8127598516875878,0.0005255515643511899,2320,0.7934004068374634,0.02275390625,0.0003,0.2,0.0057274424,,
516.17,722,663,479232,234,18.2,2.1939046382904053,-0.06512511336477474,3.563772187009454,0.0015563318273052573,2330,0.5453946590423584,0.017578125,0.0003,0.2,0.00392856,,
,,,480000,,,2.305274724960327,-0.07058418376254849,5.533823176473379,-0.0005586286861216649,2340,0.32744157314300537,0.00400390625,0.0003,0.2,0.00020170042,34.0,713.0
514.98,720,667,481280,235,18.1,,,,,,,,,,,,
522.51,720,670,483328,236,18.7,1.1352967023849487,-0.07861164758214727,4.787447829544544,0.0014959141350118443,2350,0.37560003995895386,0.018994140625,0.0003,0.2,0.00083723414,,
538.13,720,673,485376,237,19.9,2.187013626098633,-0.0616472125868313,4.386173668317497,2.609671500977129e-05,2360,0.4243623614311218,0.0125,0.0003,0.2,0.0003585727,,
547.46,721,675,487424,238,20.6,1.8838049173355103,-0.06617974955006503,2.710611056163907,0.0007343228004174307,2370,0.533075749874115,0.023974609375,0.0003,0.2,0.0018466343,,
541.29,721,678,489472,239,20.0,0.6846191883087158,-0.05875126682803966,2.7307005250826477,0.0010115945216966793,2380,0.6500073671340942,0.017578125,0.0003,0.2,0.0015681747,,
,,,490000,,,2.3939738273620605,-0.05946514518000186,4.457867582794279,0.0005321006086887792,2390,0.49485695362091064,0.010693359375,0.0003,0.2,0.00228867,390.0,4989.6
539.78,708,693,491520,240,19.7,,,,,,,,,,,,
543.22,708,696,493568,241,19.9,2.631436586380005,-0.05207691443501972,4.184474358148873,-2.0654787658713757e-05,2400,0.4458736777305603,0.015576171875,0.0003,0.2,0.0006188709,,
543.28,708,699,495616,242,19.9,0.3174774646759033,-0.05993581660441123,3.2646974126342685,-0.0005582552912528627,2410,0.6177967190742493,0.011181640625,0.0003,0.2,0.0007132269,,
522.85,708,702,497664,243,18.2,2.7527854442596436,-0.07926222505047917,3.0064265734516082,0.000925812368222978,2420,0.6871362924575806,0.0408203125,0.0003,0.2,0.0025805063,,
513.06,709,704,499712,244,17.3,2.5677480697631836,-0.05808731078286655,4.299084427393973,-0.0007401038048556075,2430,0.2865920066833496,0.012255859375,0.0003,0.2,0.000478104,,
,,,500000,,,2.4849812984466553,-0.05124514175113291,4.936054101213813,-0.0012520427175331862,2440,0.4560352563858032,0.00732421875,0.0003,0.2,0.0006270639,1734.0,21195.2
512.72,659,760,501760,245,17.1,,,,,,,,,,,,
513.01,659,763,503808,246,17.3,2.354494094848633,-0.05251092200924177,4.528517052531242,-0.0009042244229931385,2450,0.49810606241226196,0.01884765625,0.0003,0.2,0.0010004682,,
527.9,660,766,505856,247,18.5,0.5270390510559082,-0.05486521765124053,1.7375165603123606,0.0009371782507514581,2460,0.48634159564971924,0.0220703125,0.0003,0.2,0.014521096,,
530.3,660,768,507904,248,18.6,3.7179245948791504,-0.07260463985148817,4.991869669221342,-0.003965286517632194,2470,0.4084833264350891,0.019970703125,0.0003,0.2,0.0031588185,,
552.25,660,771,509952,249,20.4,2.143380880355835,-0.05170150747580919,3.276687504258007,0.0014540885109454393,2480,0.5848124027252197,0.01884765625,0.0003,0.2,0.0043532304,,
,,,510000,,,1.1969106197357178,-0.05073117550346069,3.07087068464607,-0.002071557845920324,2490,0.625175416469574,0.0224609375,0.0003,0.2,0.0028186475,20.0,551.4
554.84,660,775,512000,250,20.6,,,,,,,,,,,,
571.71,660,778,514048,251,21.9,1.5960965156555176,-0.06646045552915894,2.8560705783311278,0.0008750961613259278,2500,0.6826947927474976,0.017041015625,0.0003,0.2,0.0016589556,,
583.92,660,780,516096,252,22.9,0.12935799360275269,-0.05169606113631744,1.8417793746106326,0.001615105028031394,2510,0.7809839248657227,0.0158203125,0.0003,0.2,0.00077358616,,
592.61,661,783,518144,253,23.7,1.753042221069336,-0.06707783858291805,3.611640827357769,-0.005268559814430774,2520,0.5949531197547913,0.017626953125,0.0003,0.2,0.0038383403,,
,,,520000,,,0.4331759810447693,-0.0804324675933458,2.132968659652397,0.0013532407741877251,2530,0.6840570569038391,0.03251953125,0.0003,0.2,0.008396361,-8.0,196.0
604.98,661,786,520192,254,24.9,,,,,,,,,,,,
595.11,661,789,522240,255,24.0,0.9677445292472839,-0.0896670046611689,3.564348825765774,-0.007281337631866336,2540,0.5741041898727417,0.050537109375,0.0003,0.2,0.042642806,,
582.43,661,792,524288,256,23.1,1.990055799484253,-0.07811038058716804,5.338128980435431,-0.001435642123396974,2550,-0.16811394691467285,0.011376953125,0.0003,0.2,0.0014242152,,
586.3,662,794,526336,257,23.4,1.040482521057129,-0.06736831249436363,4.242907462269068,-0.0019474350803648122,2560,0.37103259563446045,0.0197265625,0.0003,0.2,0.0021112163,,
565.81,662,797,528384,258,21.6,3.1639881134033203,-0.11077753087738529,6.1453635390847925,-0.0004020255553768948,2570,0.13934582471847534,0.041650390625,0.0003,0.2,0.017065205,,
,,,530000,,,2.221190929412842,-0.06768103292561137,5.019961439073086,-0.0012528466948424466,2580,0.22942328453063965,0.0134765625,0.0003,0.2,0.0012755276,24.0,579.6
541.64,661,801,530432,259,19.5,,,,,,,,,,,,
541.46,662,804,532480,260,19.5,0.7745532989501953,-0.08835574118420482,3.404064012132585,-0.0008753876929404214,2590,0.5442249178886414,0.032470703125,0.0003,0.2,0.0034539213,,
554.8,662,806,534528,261,20.6,0.8375884294509888,-0.08235260013025254,3.5720033411867917,0.00022566381085198373,2600,0.484549880027771,0.019482421875,0.0003,0.2,0.002593073,,
560.99,662,809,536576,262,21.2,0.2539260685443878,-0.05235290822747629,1.8741529825609178,-8.356552862096578e-05,2610,0.762054443359375,0.02255859375,0.0003,0.2,0.0048971954,,
512.4,663,812,538624,263,17.1,1.9485458135604858,-0.1408297098474577,5.103977240994572,-0.015522042196244002,2620,0.3053915500640869,0.0892578125,0.0003,0.2,0.04263045,,
,,,540000,,,0.4539339244365692,-0.10960819378960877,4.560844418779015,0.00046849835271132176,2630,-0.2550516128540039,0.016552734375,0.0003,0.2,0.001540992,32.0,650.8
490.46,662,816,540672,264,15.4,,,,,,,,,,,,
466.37,662,819,542720,265,13.3,1.187194585800171,-0.11193753374973311,3.3348072758875786,0.0009609237109543756,2640,0.4896712303161621,0.016064453125,0.0003,0.2,0.0013059389,,
471.31,662,821,544768,266,13.6,4.063882827758789,-0.09209478496341035,5.466283050365746,-0.0006958360179851297,2650,0.4626011848449707,0.01484375,0.0003,0.2,0.0029269247,,
479.83,663,824,546816,267,14.3,1.4375394582748413,-0.07185806062771008,4.305717051960528,-0.00104866967885755,2660,0.47536760568618774,0.008740234375,0.0003,0.2,0.00086098374,,
484.96,663,826,548864,268,14.9,2.068727493286133,-0.12119935340015217,2.0677930760663004,0.0018971838566358202,2670,0.6379365921020508,0.069970703125,0.0003,0.2,0.047078118,,
,,,550000,,,2.0173227787017822,-0.09358862428925932,4.971463518962264,0.00022675075742881746,2680,0.3255653977394104,0.023828125,0.0003,0.2,0.0036504413,-10.0,187.0
458.86,663,830,550912,269,12.6,,,,,,,,,,,,
470.05,663,832,552960,270,13.6,1.3066976070404053,-0.11081965742632746,4.612763047032058,-9.97489521978423e-05,2690,0.04564201831817627,0.023583984375,0.0003,0.2,0.0021365222,,
412.9,664,835,555008,271,9.0,1.790667176246643,-0.09426310695707799,3.2657290782779453,0.0009121405848418363,2700,0.33851367235183716,0.011767578125,0.0003,0.2,0.0020408162,,
405.45,664,838,557056,272,8.4,0.7962096333503723,-0.11002971016569063,3.79562943726778,-0.0020301758224377407,2710,0.15629816055297852,0.039892578125,0.0003,0.2,0.0037412872,,
403.98,664,840,559104,273,8.1,2.7586112022399902,-0.07708630264387466,2.7513183927163483,0.0003295544971479103,2720,0.3089132308959961,0.0111328125,0.0003,0.2,0.0005453456,,
,,,560000,,,2.3884098529815674,-0.10970302340574563,3.477978678420186,0.0020831316069234163,2730,0.5250961184501648,0.015576171875,0.0003,0.2,0.0044318885,190.0,2512.4
405.32,660,849,561152,274,8.3,,,,,,,,,,,,
412.78,660,852,563200,275,8.8,2.7248008251190186,-0.09116698849247769,2.926923532318324,0.00020667482604039833,2740,0.6229678392410278,0.0150390625,0.0003,0.2,0.00096505636,,
412.84,660,855,565248,276,9.0,0.6248049139976501,-0.0922389693907462,4.164154702983796,-0.0008376920901355334,2750,0.5591039061546326,0.00556640625,0.0003,0.2,0.0006756565,,
415.87,661,857,567296,277,9.3,2.3887367248535156,-0.09229557074140757,4.18998618517071,-0.002665822350536473,2760,0.42094558477401733,0.026513671875,0.0003,0.2,0.0038057172,,
420.78,661,860,569344,278,9.6,2.2917897701263428,-0.09316939818672836,3.9931235652416945,-0.008089730309438891,2770,0.49041521549224854,0.0337890625,0.0003,0.2,0.010202402,,
,,,570000,,,4.113325595855713,-0.09199461368843913,5.154876697808504,-0.0011204085283679887,2780,0.43928682804107666,0.0142578125,0.0003,0.2,0.0012941709,-2.0,293.4
421.87,661,863,571392,279,9.7,,,,,,,,,,,,
421.6,661,866,573440,280,9.7,1.597662091255188,-0.11695712088840082,3.6466504925861956,0.0003259933553636074,2790,0.5004416704177856,0.038720703125,0.0003,0.2,0.006379906,,
425.42,662,869,575488,281,10.1,3.084690809249878,-0.09845467028208077,4.528442378155887,-0.0017582672502612696,2800,0.47598618268966675,0.027880859375,0.0003,0.2,0.0015174347,,
422.13,662,871,577536,282,9.8,1.834977149963379,-0.0863810078590177,2.3149729509837926,0.0014627741824369878,2810,0.6605175137519836,0.016015625,0.0003,0.2,0.0013084563,,
428.12,662,874,579584,283,10.4,1.4647226333618164,-0.09754868256859481,3.7598544243723153,0.0005127269687363878,2820,0.5338983535766602,0.008447265625,0.0003,0.2,0.001609728,,
,,,580000,,,2.4776315689086914,-0.08824120895005763,3.474072595499456,0.0015370331006124617,2830,0.582589864730835,0.01240234375,0.0003,0.2,0.0016222675,32.0,695.6
433.19,661,878,581632,284,10.9,,,,,,,,,,,,
445.85,662,881,583680,285,12.2,1.0241596698760986,-0.09413635943783447,3.178551131952554,0.00011937877279706299,2840,0.5832244157791138,0.0146484375,0.0003,0.2,0.0049927374,,
450.88,662,884,585728,286,12.6,1.8894541263580322,-0.10512695661745966,3.395766076352447,0.0009643391502322629,2850,0.5269342660903931,0.0146484375,0.0003,0.2,0.0033115624,,
455.37,662,886,587776,287,13.0,2.088562250137329,-0.08962593473261223,4.340897936373949,0.002482058564783074,2860,0.4270328879356384,0.02060546875,0.0003,0.2,0.0015774104,,
473.42,663,889,589824,288,14.6,0.7905485033988953,-0.121189697785303,2.265149930678308,0.0003533732466166839,2870,0.4791299104690552,0.034130859375,0.0003,0.2,0.0050830194,,
,,,590000,,,4.3977370262146,-0.11819877653615549,4.279279283620417,-0.0011198388267075643,2880,0.5071325302124023,0.023828125,0.0003,0.2,0.0019891262,46.0,857.2
480.26,661,894,591872,289,15.3,,,,,,,,,,,,
461.2,662,897,593920,290,14.0,0.43731603026390076,-0.08696984143462032,3.3739409603178503,-0.0007487725160899572,2890,0.5468287467956543,0.017529296875,0.0003,0.2,0.0021406515,,
475.73,662,899,595968,291,15.2,2.497015953063965,-0.09756408999674022,3.5423332756385206,0.0011953438239288515,2900,0.4043084383010864,0.023681640625,0.0003,0.2,0.0010919275,,
483.45,662,902,598016,292,16.0,1.6897592544555664,-0.07989600080181844,1.2424672679277138,-1.0713397932704538e-05,2910,0.7659556865692139,0.0234375,0.0003,0.2,0.00066869427,,
,,,600000,,,1.2768999338150024,-0.08276252539362758,2.387641240376979,-0.001334005975513719,2920,0.6195240020751953,0.024951171875,0.0003,0.2,0.0031081443,26.0,556.4
486.99,661,906,600064,293,16.3,,,,,,,,,,,,
504.2,662,909,602112,294,17.7,0.516728937625885,-0.07378536104224623,2.0614083401858805,-0.0012226639140862972,2930,0.7193272709846497,0.02265625,0.0003,0.2,0.0014699751,,
506.52,662,912,604160,295,17.9,1.1712039709091187,-0.07256129791494459,3.2067020202521235,0.0034855812089517714,2940,0.6458441019058228,0.01650390625,0.0003,0.2,0.0019661288,,
519.8,662,914,606208,296,19.0,0.39633262157440186,-0.08265386038692668,2.910148616041988,0.0012706297275144607,2950,0.6630551815032959,0.010400390625,0.0003,0.2,0.0007151519,,
519.93,663,917,608256,297,19.1,5.033881187438965,-0.11058163025882095,4.8153805144131185,-0.005928208032855764,2960,0.47220486402511597,0.0224609375,0.0003,0.2,0.0018149953,,
,,,610000,,,1.3379565477371216,-0.09672582418425009,5.3941878531128165,-0.00024868881446309387,2970,0.5023452043533325,0.020654296875,0.0003,0.2,0.0031392393,4.0,320.2
516.12,662,920,610304,298,18.8,,,,,,,,,,,,
520.9,663,923,612352,299,19.1,0.9124218821525574,-0.10102757030399516,4.65294466856867,0.0010130624315934256,2980,0.5720229148864746,0.018798828125,0.0003,0.2,0.001706153,,
526.92,663,926,614400,300,19.5,2.5787172317504883,-0.10807112978072837,2.881133134011179,-0.0002897997386753559,2990,0.6129992008209229,0.03291015625,0.0003,0.2,0.0032876492,,
543.32,663,928,616448,301,21.0,1.1145555973052979,-0.10579140069894492,3.0933709532022475,0.0014332401391584427,3000,0.6805957555770874,0.02958984375,0.0003,0.2,0.005658541,,
535.77,663,931,618496,302,20.4,0.7327016592025757,-0.09060003933263942,3.982593518309295,0.00035335510765435176,3010,0.5978198051452637,0.01640625,0.0003,0.2,0.0012683179,,
,,,620000,,,0.4323158860206604,-0.13591270491015167,2.8406380218453706,-0.0044441572681535035,3020,0.6328735947608948,0.07685546875,0.0003,0.2,0.03042866,-2.0,283.8
553.07,663,934,620544,303,21.5,,,,,,,,,,,,
533.14,664,937,622592,304,20.3,1.019152045249939,-0.1276531986775808,5.113840928673744,-0.013417845964431763,3030,0.1728203296661377,0.04931640625,0.0003,0.2,0.018125456,,
524.6,664,940,624640,305,19.7,0.33689358830451965,-0.11228113739052788,3.9081631317734717,-1.6228333697654308e-05,3040,-0.15655875205993652,0.011328125,0.0003,0.2,0.0010525789,,
523.16,664,942,626688,306,19.6,5.198681831359863,-0.09342787319328635,3.962565060891211,0.00019892672862624748,3050,0.4806726574897766,0.009912109375,0.0003,0.2,0.00061447814,,
518.29,665,945,628736,307,19.3,0.3855809271335602,-0.08992072201799602,2.665498872846365,0.0012122563639422879,3060,0.6291178464889526,0.013916015625,0.0003,0.2,0.0020601493,,
,,,630000,,,1.3987891674041748,-0.0773643758147955,2.2504564630798995,-3.3758135396055876e-05,3070,0.691414475440979,0.012841796875,0.0003,0.2,0.0020683964,18.0,528.2
532.7,664,949,630784,308,20.5,,,,,,,,,,,,
525.03,664,951,632832,309,19.9,1.5290350914001465,-0.07734265446197242,2.5138106262777002,-0.0004194664623355493,3080,0.7419712543487549,0.023828125,0.0003,0.2,0.0013725195,,
523.19,665,954,634880,310,19.8,1.4142091274261475,-0.11857768434565515,3.594990267790854,-0.0007533825759310275,3090,0.519927978515625,0.015771484375,0.0003,0.2,0.0016325584,,
519.03,665,957,636928,311,19.3,3.6406188011169434,-0.1009086868725717,3.6845763243734835,0.00024192047785618343,3100,0.6463053226470947,0.015380859375,0.0003,0.2,0.002914517,,
537.33,665,959,638976,312,21.0,1.3764047622680664,-0.126236940047238,4.800863905996084,-0.0032730487204389648,3110,0.5129802227020264,0.027001953125,0.0003,0.2,0.0071641947,,
,,,640000,,,0.3072637915611267,-0.07790608305367641,1.3340007866732777,0.0022016227230778895,3120,0.7404536008834839,0.020458984375,0.0003,0.2,0.0033757389,22.0,527.4
520.95,665,963,641024,313,19.9,,,,,,,,,,,,
512.86,665,966,643072,314,19.3,1.2268563508987427,-0.0943719356902875,3.307534923311323,-0.0012940881642862223,3130,0.5218836069107056,0.032080078125,0.0003,0.2,0.0021067932,,
521.13,665,969,645120,315,19.8,0.5842147469520569,-0.12697167645674198,4.040930051915348,0.0009793021163204685,3140,0.49876320362091064,0.02265625,0.0003,0.2,0.0015719365,,
510.22,665,971,647168,316,19.0,1.4509867429733276,-0.09801614222815261,3.2312313810922206,-0.0002543715410865843,3150,0.6319235563278198,0.0154296875,0.0003,0.2,0.0011938359,,
511.46,666,974,649216,317,19.1,1.602831482887268,-0.1058352277148515,3.702977264486253,0.00024321439850609748,3160,0.46148622035980225,0.0216796875,0.0003,0.2,0.001535238,,
,,,650000,,,0.5000326633453369,-0.07494780248962343,2.6565351275727154,0.0014243864119634964,3170,0.6535717248916626,0.015478515625,0.0003,0.2,0.0011033632,-10.0,45.0
501.55,666,977,651264,318,18.3,,,,,,,,,,,,
481.19,666,979,653312,319,16.7,1.090713620185852,-0.13522264533676207,3.9008081570267676,0.0014378313899214845,3180,0.541643500328064,0.019091796875,0.0003,0.2,0.0058462797,,
487.94,666,982,655360,320,17.3,3.0736403465270996,-0.08992276659701019,4.0772133061662315,-0.0008092430667602457,3190,0.4707876443862915,0.021435546875,0.0003,0.2,0.0018253594,,
495.71,667,985,657408,321,17.9,1.1613649129867554,-0.07689204262569546,3.068401620350778,-0.000435810093767941,3200,0.5815473794937134,0.0123046875,0.0003,0.2,0.0017018866,,
494.61,667,987,659456,322,17.7,1.1510109901428223,-0.17223702566698193,4.287503739260137,-0.0018158292237785644,3210,0.5080749988555908,0.07578125,0.0003,0.2,0.014816871,,
,,,660000,,,0.49498358368873596,-0.09601797834038735,2.898711362387985,-0.00041812414710875603,3220,0.4930398464202881,0.012451171875,0.0003,0.2,0.0012181217,4.0,290.4
452.58,667,991,661504,323,14.5,,,,,,,,,,,,
444.76,667,993,663552,324,14.0,1.1522002220153809,-0.13668834986165165,4.566408216580749,0.0005515016178833321,3230,0.4799068570137024,0.0142578125,0.0003,0.2,0.0007584014,,
453.59,668,996,665600,325,14.8,1.3356419801712036,-0.07175625372328795,2.6948914542794227,6.75759816658683e-05,3240,0.4989320635795593,0.022412109375,0.0003,0.2,0.0022505764,,
463.77,668,999,667648,326,15.8,0.2205861359834671,-0.10655465394956991,2.3885005535557866,0.0032162371673621236,3250,0.6644851565361023,0.030322265625,0.0003,0.2,0.006181567,,
475.66,668,1001,669696,327,16.8,0.8341114521026611,-0.1323073032312095,3.866589097213,-0.0006882360554300249,3260,0.5443912148475647,0.012109375,0.0003,0.2,0.0007127873,,
,,,670000,,,0.22473660111427307,-0.09873089022003115,2.4763242499902844,0.001101397538150195,3270,0.6838587522506714,0.013330078125,0.0003,0.2,0.0008461975,-8.0,223.2
494.75,668,1004,671744,328,18.3,,,,,,,,,,,,
496.18,668,1007,673792,329,18.5,0.31623753905296326,-0.08030694508343003,1.5074937818571925,0.0015886084947851487,3280,0.7967208623886108,0.013232421875,0.0003,0.2,0.0008864611,,
513.14,668,1010,675840,330,19.8,2.0580320358276367,-0.11883919916581362,3.504478261154145,-0.0011782589368522166,3290,0.614392876625061,0.0203125,0.0003,0.2,0.003165476,,
474.26,669,1012,677888,331,16.7,0.38627171516418457,-0.09229869862319902,4.501809311192483,-0.001467456392128952,3300,0.5442237257957458,0.02255859375,0.0003,0.2,0.0035489711,,
485.3,669,1015,679936,332,17.7,1.1938328742980957,-0.11683593047782778,4.082743493840098,0.0013000268052564933,3310,0.453499436378479,0.0177734375,0.0003,0.2,0.00041457085,,
,,,680000,,,1.7531269788742065,-0.11183335045352578,3.5101109916344284,-0.003081900207325816,3320,0.5497207641601562,0.02216796875,0.0003,0.2,0.0055365623,48.0,872.0
466.01,668,1020,681984,333,16.2,,,,,,,,,,,,
482.92,668,1023,684032,334,17.6,1.7678115367889404,-0.09715067079523579,3.7698099803179503,0.0012298603338422253,3330,0.650507390499115,0.02587890625,0.0003,0.2,0.0083683655,,
482.86,668,1025,686080,335,17.5,0.5077256560325623,-0.0906279556103982,2.552253477741033,0.0012177275377325714,3340,0.6983458399772644,0.0162109375,0.0003,0.2,0.0030763773,,
486.25,669,1028,688128,336,17.7,1.3261805772781372,-0.09514183443970978,2.791129471641034,-5.1609186630230394e-05,3350,0.7032032012939453,0.0169921875,0.0003,0.2,0.0015323889,,
,,,690000,,,1.333033561706543,-0.09395104596042074,3.1650361894629895,-0.0027126935456180945,3360,0.6740383505821228,0.02861328125,0.0003,0.2,0.0017927302,14.0,453.2
495.89,668,1032,690176,337,18.4,,,,,,,,,,,,
507.84,668,1034,692224,338,19.3,1.0486615896224976,-0.10662685619900003,2.5103883005678655,0.00013412408588919789,3370,0.624315619468689,0.02646484375,0.0003,0.2,0.0015343083,,
516.81,669,1037,694272,339,20.2,0.27546679973602295,-0.1286722960998304,2.8881133672315626,-0.007251420762622729,3380,0.685880184173584,0.0443359375,0.0003,0.2,0.020993736,,
507.98,669,1040,696320,340,19.2,0.7495814561843872,-0.10989120024023577,2.759548944234848,0.0035126785485772418,3390,0.6810265779495239,0.041552734375,0.0003,0.2,0.0047219004,,
495.35,669,1043,698368,341,17.8,2.9731931686401367,-0.1442793092690408,3.7769756808876993,0.00016576558991800993,3400,0.3128811717033386,0.018017578125,0.0003,0.2,0.002973299,,
,,,700000,,,4.443694591522217,-0.110452972992789,5.316749771125615,0.0010154278978006914,3410,0.3029555678367615,0.009033203125,0.0003,0.2,0.0039843163,102.0,1499.0
489.14,667,1049,700416,342,17.3,,,,,,,,,,,,
482.86,667,1052,702464,343,16.7,3.5995867252349854,-0.12900896770879627,4.942168578878045,0.0003255282383179292,3420,0.571457028388977,0.01162109375,0.0003,0.2,0.00083507184,,
470.61,667,1054,704512,344,15.6,3.6213245391845703,-0.13130357989575714,4.892644321918487,-0.00017899523809319362,3430,0.5863281488418579,0.036181640625,0.0003,0.2,0.0027195197,,
467.01,668,1057,706560,345,15.5,1.3817253112792969,-0.10765798635547981,3.978909923881292,0.001486804836895317,3440,0.6311824321746826,0.02099609375,0.0003,0.2,0.0022744471,,
473.62,668,1060,708608,346,16.0,2.9090840816497803,-0.11960717682959512,3.884079494141042,0.0009878517957986332,3450,0.4156563878059387,0.01875,0.0003,0.2,0.002222905,,
,,,710000,,,1.7602087259292603,-0.10370724368840456,3.3721093501895667,0.001771347389149014,3460,0.629199743270874,0.020166015625,0.0003,0.2,0.0020643482,26.0,618.6
476.11,667,1064,710656,347,16.1,,,,,,,,,,,,
461.39,667,1067,712704,348,15.0,0.6003597378730774,-0.1313946513691917,2.080249099433422,0.0007238259422592819,3470,0.7227910757064819,0.038134765625,0.0003,0.2,0.0037094783,,
463.82,668,1069,714752,349,15.4,3.691060781478882,-0.13794241596478968,3.8986281257122757,-0.0019852318393532185,3480,0.3193552494049072,0.031201171875,0.0003,0.2,0.005923106,,
440.64,668,1072,716800,350,13.7,0.9459516406059265,-0.13414048543199897,1.6153004007413982,0.0027858621630002744,3490,0.6853840351104736,0.026611328125,0.0003,0.2,0.0024329768,,
438.21,668,1075,718848,351,13.5,2.4711413383483887,-0.13655209231656046,2.5345219382084907,-0.0005801617488032206,3500,0.7324569225311279,0.028173828125,0.0003,0.2,0.0015625188,,
,,,720000,,,0.8708529472351074,-0.11311024804599583,2.004050940088928,0.0016766650805948302,3510,0.7517973780632019,0.027978515625,0.0003,0.2,0.002910911,232.0,3040.0
444.43,664,1085,720896,352,14.1,,,,,,,,,,,,
457.98,664,1088,722944,353,15.2,3.241102933883667,-0.1198498424841091,3.0749939733184872,-0.001969557153643109,3520,0.6306710839271545,0.025537109375,0.0003,0.2,0.004110798,,
468.57,664,1090,724992,354,15.7,0.4509333074092865,-0.10654078064253554,2.0885688106529416,0.0018852621695259586,3530,0.7591235637664795,0.023046875,0.0003,0.2,0.008526587,,
459.43,664,1093,727040,355,15.0,3.4078125953674316,-0.13167769708670676,5.239609106443822,-0.008000863298366311,3540,0.2637788653373718,0.0423828125,0.0003,0.2,0.022461433,,
469.49,665,1096,729088,356,15.7,0.8430707454681396,-0.11100794248050079,3.9095258684828877,0.0010680625156965107,3550,0.25120967626571655,0.01328125,0.0003,0.2,0.0013301601,,
,,,730000,,,2.169316053390503,-0.10492137633264065,2.969049230683595,0.0017691094952169805,3560,0.6968718767166138,0.01435546875,0.0003,0.2,0.0015022743,56.0,957.2
471.75,663,1101,731136,357,15.8,,,,,,,,,,,,
451.11,664,1104,733184,358,14.1,2.373234510421753,-0.11979003528831526,1.5318079213611782,0.0011879564975970426,3570,0.8010030388832092,0.02529296875,0.0003,0.2,0.010856828,,
424.28,664,1106,735232,359,11.9,1.539177656173706,-0.12214367694687098,3.9772253636270762,0.0015082689991686494,3580,0.5076236724853516,0.008447265625,0.0003,0.2,0.0014453797,,
433.95,664,1109,737280,360,12.7,0.16838259994983673,-0.16356136852409692,4.607822746783495,-0.007410228427033871,3590,-0.0376659631729126,0.040185546875,0.0003,0.2,0.026521483,,
446.06,664,1112,739328,361,13.6,0.9013476967811584,-0.12910777069628238,2.049172797286883,0.0009170944365905597,3600,0.045062899589538574,0.043212890625,0.0003,0.2,0.010487957,,
,,,740000,,,0.8342077732086182,-0.13900270427111536,2.1938952446915208,-0.0003674175648484379,3610,0.5657299757003784,0.041845703125,0.0003,0.2,0.00851172,78.0,1258.8
442.36,663,1118,741376,362,13.8,,,,,,,,,,,,
440.02,663,1120,743424,363,14.3,1.3633211851119995,-0.17217730884440244,3.5617376187816263,-0.0016528916254173963,3620,0.5297894477844238,0.029541015625,0.0003,0.2,0.004312782,,
450.66,663,1123,745472,364,15.4,1.2936681509017944,-0.15935983948875218,3.1928734079003336,-0.001972513788496144,3630,0.684927225112915,0.0380859375,0.0003,0.2,0.0034678653,,
429.04,663,1126,747520,365,14.3,0.21711206436157227,-0.15923078355845063,2.2956522236578167,-0.0009490222932072356,3640,0.751278281211853,0.0248046875,0.0003,0.2,0.0071413675,,
431.06,664,1128,749568,366,14.4,1.9564965963363647,-0.19916493366472424,4.246659284643829,-0.0014936325373128057,3650,0.5943222641944885,0.054931640625,0.0003,0.2,0.0047947722,,
,,,750000,,,1.2558040618896484,-0.146987855900079,3.456834722496569,-0.0031387808514409697,3660,0.7156897783279419,0.023486328125,0.0003,0.2,0.0017958551,-10.0,45.0
440.97,664,1131,751616,367,15.3,,,,,,,,,,,,
420.56,664,1134,753664,368,13.6,1.1464613676071167,-0.13264017964247615,1.8678629219532012,-0.0010074206889839842,3670,0.513942301273346,0.033056640625,0.0003,0.2,0.0028740033,,
430.51,664,1137,755712,369,14.4,3.945935010910034,-0.15131432940252126,4.912786010093987,-0.0017365932842949405,3680,0.37811481952667236,0.01875,0.0003,0.2,0.0020604876,,
433.83,664,1139,757760,370,14.7,0.5458551049232483,-0.12288779555819929,1.451465153414756,5.117256660014391e-06,3690,0.6886954307556152,0.0279296875,0.0003,0.2,0.0107054245,,
445.1,665,1142,759808,371,15.5,1.0855144262313843,-0.1533559607109055,2.8445142708718776,-0.0002817126136505976,3700,0.7602733373641968,0.02236328125,0.0003,0.2,0.00078358816,,
,,,760000,,,0.5473283529281616,-0.09832703967113048,2.6022354803979395,0.0003230298010748811,3710,0.6654250025749207,0.018359375,0.0003,0.2,0.0016166694,20.0,512.6
448.55,664,1146,761856,372,15.7,,,,,,,,,,,,
451.93,664,1148,763904,373,15.8,3.09152889251709,-0.11797563205473124,2.1057794467546045,0.0010298590568709187,3720,0.7306090593338013,0.01279296875,0.0003,0.2,0.0015050364,,
418.85,665,1151,765952,374,13.5,1.1627074480056763,-0.12347064360510558,3.2049859567545353,-0.0017689584230538458,3730,0.6740225553512573,0.0111328125,0.0003,0.2,0.0010362639,,
403.04,665,1154,768000,375,12.8,3.1954152584075928,-0.17528397764544934,4.527148784324527,-0.0009337558949482627,3740,0.6694716215133667,0.018359375,0.0003,0.2,0.001999012,,
,,,770000,,,1.8780378103256226,-0.1804606365505606,3.572349642589688,-0.0014220727709471249,3750,0.6530383825302124,0.02958984375,0.0003,0.2,0.0025280267,-10.0,45.0
381.34,665,1157,770048,376,11.3,,,,,,,,,,,,
382.22,665,1159,772096,377,11.5,0.29620254039764404,-0.13093269229866564,2.584007000923157,1.7077637312468142e-05,3760,0.6842880249023438,0.021728515625,0.0003,0.2,0.0020442803,,
393.93,665,1162,774144,378,12.3,1.3125554323196411,-0.1156322396825999,2.7820956342853607,-0.0006371707931975834,3770,0.6761093139648438,0.031982421875,0.0003,0.2,0.0021135681,,
364.54,666,1165,776192,379,9.9,0.7409142851829529,-0.14412887808866798,5.051517792791128,0.00010742649319581688,3780,0.5927110910415649,0.01572265625,0.0003,0.2,0.0016958369,,
384.81,666,1167,778240,380,11.5,0.6697744727134705,-0.11679559672484174,3.7289875648915767,0.0005196419471758418,3790,0.48517662286758423,0.00830078125,0.0003,0.2,0.0013118341,,
,,,780000,,,0.5257869362831116,-0.10799914897652343,2.7594705557450654,-0.0007505400499212556,3800,0.6736572980880737,0.020166015625,0.0003,0.2,0.0018229587,16.0,412.4
404.36,666,1171,780288,381,13.0,,,,,,,,,,,,
388.2,666,1174,782336,382,11.5,1.13833487033844,-0.09712318715755827,1.440796910924837,0.0034818009968148544,3810,0.7636489272117615,0.016650390625,0.0003,0.2,0.00096651376,,
386.56,666,1176,784384,383,11.3,2.613243341445923,-0.18140112629625946,4.68266212195158,-0.006240299483761191,3820,0.5670024752616882,0.03203125,0.0003,0.2,0.00688905,,
399.35,666,1179,786432,384,12.2,0.6451109051704407,-0.10072265126509591,2.5283917249180377,0.0019858710933476687,3830,0.5885084867477417,0.01767578125,0.0003,0.2,0.015379617,,
420.35,666,1182,788480,385,13.9,2.5523715019226074,-0.10741563620977104,3.3669871177524326,-0.0029519906413042916,3840,0.6232592463493347,0.02314453125,0.0003,0.2,0.0020251314,,
,,,790000,,,0.4492347538471222,-0.09058913368498907,1.8867677825968712,0.00030077463306952266,3850,0.7759752869606018,0.0109375,0.0003,0.2,0.0021850294,-10.0,45.0
437.64,667,1184,790528,386,15.3,,,,,,,,,,,,
450.8,667,1187,792576,387,16.3,0.20445677638053894,-0.07585399051895365,1.119036061456427,0.0005642166710458696,3860,0.8423048853874207,0.01875,0.0003,0.2,0.001300789,,
459.2,667,1190,794624,388,17.1,1.440889835357666,-0.11298439867096022,2.7813644213601947,-0.002448568250838434,3870,0.7066692113876343,0.028076171875,0.0003,0.2,0.0054148547,,
468.99,667,1193,796672,389,17.8,0.8422448039054871,-0.09394460305338725,2.0841041679959744,-0.0009060659591341391,3880,0.7485241889953613,0.01943359375,0.0003,0.2,0.005696928,,
463.29,667,1195,798720,390,17.1,2.037682056427002,-0.09643033596221358,4.225980209745467,0.003088669470162131,3890,0.5109418034553528,0.0078125,0.0003,0.2,0.0007662985,,
,,,800000,,,1.2385776042938232,-0.13487593368627132,4.623700880073011,-0.0025127936853095887,3900,0.548136830329895,0.0390625,0.0003,0.2,0.010321526,58.0,955.2
479.06,666,1200,800768,391,18.4,,,,,,,,,,,,
497.25,667,1203,802816,392,20.0,1.6148773431777954,-0.09987380661768838,3.5936356010846793,-0.000746955351496581,3910,0.6436586380004883,0.01904296875,0.0003,0.2,0.008961326,,
497.4,667,1206,804864,393,20.1,0.2808295786380768,-0.09601712169824168,0.87157462190371,5.239993479335681e-05,3920,0.862238883972168,0.039208984375,0.0003,0.2,0.0101317,,
491.17,667,1208,806912,394,19.3,1.5892608165740967,-0.09426631718524732,0.657236921787262,0.0014492974660242908,3930,0.9120704531669617,0.02265625,0.0003,0.2,0.004914229,,
455.78,667,1211,808960,395,16.2,1.4083975553512573,-0.16706003402359784,5.080773252435028,-0.015706485931877977,3940,0.2322027087211609,0.096337890625,0.0003,0.2,0.12875235,,
,,,810000,,,3.018819808959961,-0.1440825020428747,4.435540328733623,-0.0016915537271415815,3950,0.4017847180366516,0.008984375,0.0003,0.2,0.0014081143,-8.0,207.4
456.36,667,1214,811008,396,15.9,,,,,,,,,,,,
465.88,667,1217,813056,397,16.2,0.9613121747970581,-0.13137203066144137,3.918136796541512,0.001221621320291888,3960,0.4266687035560608,0.011474609375,0.0003,0.2,0.001630694,,
463.73,667,1220,815104,398,15.5,2.714031219482422,-0.10156247413833626,3.106594555452466,0.0001319631206570193,3970,0.6505803465843201,0.008544921875,0.0003,0.2,0.00147122,,
457.87,668,1222,817152,399,14.8,3.4206478595733643,-0.15336678815074264,5.020516218058765,0.0015681775636039673,3980,0.4266085624694824,0.0095703125,0.0003,0.2,0.001088613,,
450.21,668,1225,819200,400,14.2,4.1852827072143555,-0.11846243711188435,4.708436392247677,-0.0009344693913590163,3990,0.5316390991210938,0.01748046875,0.0003,0.2,0.0007134706,,
,,,820000,,,1.9850049018859863,-0.1292045689187944,3.6152470860630275,0.0007465194386895746,4000,0.6286660432815552,0.0138671875,0.0003,0.2,0.0018925755,162.0,2173.8
455.48,665,1233,821248,401,14.6,,,,,,,,,,,,
449.46,665,1236,823296,402,14.2,0.9052285552024841,-0.09222999607445673,2.2621517316438258,0.00021330691524781286,4010,0.693860650062561,0.01416015625,0.0003,0.2,0.0018207977,,
419.74,665,1239,825344,403,11.9,0.7652802467346191,-0.217154152947478,1.2557341567706317,-0.005419586885545868,4020,0.7928399443626404,0.073583984375,0.0003,0.2,0.028553307,,
340.29,666,1241,827392,404,6.0,2.629626512527466,-0.27707720422185955,7.150923028588295,-0.0015136476897168905,4030,0.03005802631378174,0.013916015625,0.0003,0.2,0.006494172,,
288.08,666,1244,829440,405,2.4,0.858975350856781,-0.26136700408533214,3.3593319226056337,-0.0034797833344782703,4040,0.535608172416687,0.02744140625,0.0003,0.2,0.0049500354,,
,,,830000,,,1.7448972463607788,-0.19441276718862355,2.897312320023775,-0.003231135752866976,4050,0.7291327714920044,0.0279296875,0.0003,0.2,0.004280222,-10.0,45.0
285.59,666,1247,831488,406,2.2,,,,,,,,,,,,
255.52,666,1250,833536,407,0.4,1.379348635673523,-0.1375820561312139,1.6081910321488977,6.054918048903346e-06,4060,0.7974283695220947,0.030615234375,0.0003,0.2,0.0018920404,,
257.76,666,1252,835584,408,0.9,0.9129678606987,-0.19409155980683862,3.2304285587742925,-0.0030938188705476933,4070,0.8431268930435181,0.027294921875,0.0003,0.2,0.0020014937,,
264.4,667,1255,837632,409,1.6,0.6092308163642883,-0.127572786482051,3.979097673110664,-0.0014319212714326568,4080,0.6915810704231262,0.027294921875,0.0003,0.2,0.0046684314,,
261.54,667,1258,839680,410,1.4,3.721168279647827,-0.12988362696487457,3.732202763669193,-0.005468336696503684,4090,0.6378073692321777,0.044384765625,0.0003,0.2,0.004570049,,
,,,840000,,,0.48646724224090576,-0.17666424605995418,3.4770708912052215,-0.0024989849742269145,4100,0.622888445854187,0.037890625,0.0003,0.2,0.0030175478,-10.0,45.0
277.52,667,1261,841728,411,2.9,,,,,,,,,,,,
278.88,667,1263,843776,412,3.1,2.3807566165924072,-0.12677814050111919,4.642864809371531,-0.0004964338877471164,4110,0.4375247359275818,0.036962890625,0.0003,0.2,0.0026327665,,
273.78,667,1266,845824,413,2.7,1.2754096984863281,-0.11986554099712521,3.0828218131326137,-0.00041653563239378854,4120,0.6250801086425781,0.009375,0.0003,0.2,0.0016503052,,
259.81,668,1269,847872,414,1.8,0.9173225164413452,-0.10886883286293596,3.393530645035207,-0.003261434964952059,4130,-0.11982154846191406,0.039990234375,0.0003,0.2,0.012969021,,
257.51,668,1271,849920,415,1.7,2.5870461463928223,-0.18487835393752902,3.8472817288711667,-0.005603638394677546,4140,0.035357773303985596,0.0740234375,0.0003,0.2,0.03281524,,
,,,850000,,,0.5744388103485107,-0.10933646623743698,2.2145751375705003,0.00249796400021296,4150,0.5994684100151062,0.01845703125,0.0003,0.2,0.0008711624,-10.0,45.0
267.04,668,1274,851968,416,2.2,,,,,,,,,,,,
278.42,668,1277,854016,417,3.1,2.5434672832489014,-0.18251955339219422,4.011698675900698,-0.010233917782898061,4160,0.5106668472290039,0.06640625,0.0003,0.2,0.016353779,,
286.49,668,1279,856064,418,3.6,0.9635725021362305,-0.11410009725950658,2.9226974211633205,-0.001103732394403778,4170,0.5485938191413879,0.014697265625,0.0003,0.2,0.0022130513,,
311.41,668,1282,858112,419,5.6,0.44790810346603394,-0.12665701902005821,2.1540352454874663,0.002756621432490647,4180,0.7133970856666565,0.015673828125,0.0003,0.2,0.00084430724,,
,,,860000,,,0.1578410565853119,-0.10566074622329324,1.0602767296135425,-0.0001574469293700531,4190,0.8484625816345215,0.025830078125,0.0003,0.2,0.0018064263,-10.0,45.0
331.47,669,1285,860160,420,7.0,,,,,,,,,,,,
343.9,669,1288,862208,421,7.9,1.1251729726791382,-0.09262283808784559,2.692613629437983,-0.0028495518869021907,4200,0.7544301748275757,0.029931640625,0.0003,0.2,0.0021040118,,
347.8,669,1290,864256,422,8.3,2.202880620956421,-0.1322606691159308,2.7964908839203417,0.0011745795520255343,4210,0.6975122690200806,0.024365234375,0.0003,0.2,0.0046061943,,
351.28,669,1293,866304,423,8.6,0.19230473041534424,-0.14344533877447246,0.7313360596075654,-0.0008212821994675323,4220,0.8833633661270142,0.038720703125,0.0003,0.2,0.022321902,,
347.69,669,1296,868352,424,8.4,0.8230594992637634,-0.24499894054606558,3.88947985265404,0.001114233591943048,4230,0.6992965340614319,0.01298828125,0.0003,0.2,0.0028147874,,
,,,870000,,,0.2109394520521164,-0.2276258470956236,2.5032541869208216,-0.00206823928601807,4240,0.8428331613540649,0.0232421875,0.0003,0.2,0.0037183836,-10.0,45.0
357.27,669,1299,870400,425,9.1,,,,,,,,,,,,
355.22,670,1301,872448,426,9.1,2.549222230911255,-0.15303968130610884,2.0774005129002036,-0.001313855077023618,4250,0.8538649678230286,0.023046875,0.0003,0.2,0.0025560418,,
360.82,670,1304,874496,427,9.7,1.1823118925094604,-0.18198964786715804,3.872136041149497,-0.005188001923670527,4260,0.7863261103630066,0.040625,0.0003,0.2,0.0028100908,,
348.69,670,1307,876544,428,8.7,4.183882713317871,-0.12094449736177922,3.9149691734462975,-0.0036394835187820718,4270,0.67061448097229,0.0435546875,0.0003,0.2,0.004235354,,
363.07,670,1309,878592,429,9.9,2.4851772785186768,-0.09272725974442438,2.484962312318385,-0.0016168084956007078,4280,0.6678969860076904,0.025634765625,0.0003,0.2,0.00075773767,,
,,,880000,,,3.7076871395111084,-0.09504493688000366,3.921337422914803,-0.0041970688966102895,4290,0.5989789962768555,0.04580078125,0.0003,0.2,0.014286123,-10.0,45.0
362.91,671,1312,880640,430,9.9,,,,,,,,,,,,
379.25,671,1315,882688,431,11.3,0.2001432180404663,-0.10774929344188422,1.8070833936333657,0.00012450857320800424,4300,0.730791449546814,0.038623046875,0.0003,0.2,0.019221872,,
398.99,671,1317,884736,432,13.0,1.035895586013794,-0.16817282405681908,2.5816530265845357,-0.0026177950669080017,4310,0.6894410848617554,0.0322265625,0.0003,0.2,0.008591421,,
410.38,671,1320,886784,433,13.9,3.1721086502075195,-0.11240551765076816,3.7539188007824125,0.00015541909669991583,4320,0.5999881029129028,0.0251953125,0.0003,0.2,0.0014654039,,
409.14,671,1322,888832,434,13.5,1.6602967977523804,-0.1490691212238744,3.4031225900165736,-0.0068359808094101025,4330,0.5753834247589111,0.038671875,0.0003,0.2,0.006738738,,
,,,890000,,,3.252124547958374,-0.1319887767545879,3.492869833856821,-0.0016897115914616735,4340,0.06106722354888916,0.019482421875,0.0003,0.2,0.0020494824,-10.0,45.0
419.29,671,1325,890880,435,14.3,,,,,,,,,,,,
420.68,672,1328,892928,436,14.4,0.3394140303134918,-0.10496786241419613,1.3260408032219857,0.0006253484054468573,4350,0.5435023307800293,0.01357421875,0.0003,0.2,0.002258718,,
442.69,672,1331,894976,437,16.0,0.22736060619354248,-0.10561076204758138,2.034531646547839,0.0005824240171932616,4360,0.7421180009841919,0.02890625,0.0003,0.2,0.0030216395,,
456.72,672,1333,897024,438,17.1,2.225074529647827,-0.13476063611451536,4.465258537605405,-0.000782168649311643,4370,0.5197620391845703,0.031884765625,0.0003,0.2,0.0021003094,,
461.77,672,1336,899072,439,17.5,2.741672992706299,-0.12461885397788137,3.7683048045262693,0.002419506062869914,4380,0.5083731412887573,0.030908203125,0.0003,0.2,0.002415571,,
,,,900000,,,2.956092357635498,-0.13719677194021643,3.273038182640448,-0.0005427128126029857,4390,0.5850352048873901,0.032275390625,0.0003,0.2,0.004145193,-10.0,45.0
469.14,672,1339,901120,440,18.0,,,,,,,,,,,,
483.01,672,1342,903168,441,19.0,1.8701088428497314,-0.1322917048819363,2.583444838132709,-0.0009649726649513468,4400,0.7183837294578552,0.019140625,0.0003,0.2,0.0018496145,,
471.78,672,1345,905216,442,17.9,0.20375597476959229,-0.1186433884431608,2.724287485703826,-0.0008404563603107817,4410,0.6968719959259033,0.043359375,0.0003,0.2,0.0022062748,,
467.02,673,1348,907264,443,17.6,1.2854586839675903,-0.1286547292373143,3.177946230210364,0.0027018979424610736,4420,0.6640281677246094,0.01982421875,0.0003,0.2,0.0019258052,,
467.5,673,1350,909312,444,17.6,2.4335505962371826,-0.12626689055468887,3.8406863229349257,-0.0005318393843481318,4430,0.5458073616027832,0.022314453125,0.0003,0.2,0.0027984385,,
,,,910000,,,0.6741368174552917,-0.13232644896488638,2.3649883629754185,-0.00010114461329067126,4440,0.6860655546188354,0.0296875,0.0003,0.2,0.0020131972,-10.0,45.0
468.27,673,1353,911360,445,17.4,,,,,,,,,,,,
483.6,673,1356,913408,446,18.4,3.2173657417297363,-0.1307954944204539,4.567211270518601,-0.0017331416995148175,4450,0.33975905179977417,0.030224609375,0.0003,0.2,0.01159933,,
498.01,673,1358,915456,447,19.5,1.0796045064926147,-0.12667242407333107,4.1003317618742585,-0.004831057866977062,4460,0.4929397702217102,0.035400390625,0.0003,0.2,0.002303848,,
493.66,673,1361,917504,448,19.0,3.233572006225586,-0.17364425016567112,2.0074456464266404,0.0010622677858918906,4470,0.7266646027565002,0.048095703125,0.0003,0.2,0.034519114,,
474.28,674,1363,919552,449,17.6,1.3636054992675781,-0.23302101171575487,4.349414198473096,-0.0004441878234501928,4480,0.4406929612159729,0.015966796875,0.0003,0.2,0.0024377469,,
,,,920000,,,0.7888989448547363,-0.2397508108522743,2.358268023561686,-0.001048567969701253,4490,0.8096338510513306,0.01708984375,0.0003,0.2,0.004060927,76.0,1171.8
478.58,672,1369,921600,450,18.2,,,,,,,,,,,,
474.82,673,1372,923648,451,18.1,1.4672735929489136,-0.19919902614783497,1.150750272301957,0.0007878867167164571,4500,0.8827202320098877,0.0140625,0.0003,0.2,0.001607708,,
484.82,673,1374,925696,452,19.1,0.5748578906059265,-0.15197786083444953,2.1242848498746754,-0.0018682172361877748,4510,0.7511347532272339,0.0169921875,0.0003,0.2,0.005169116,,
457.51,673,1377,927744,453,16.9,0.29018986225128174,-0.1391696077072993,1.2001559735741467,-0.0002106791034748312,4520,0.7835456728935242,0.01982421875,0.0003,0.2,0.0027306261,,
446.2,673,1380,929792,454,15.9,1.977526307106018,-0.1682183603523299,4.042389364168048,-0.001422467123484239,4530,0.6699773073196411,0.02431640625,0.0003,0.2,0.004091177,,
,,,930000,,,0.4254685044288635,-0.12667190660722555,2.9679488458670678,-0.0029984787863213567,4540,0.5163060426712036,0.055224609375,0.0003,0.2,0.009418065,-10.0,45.0
444.06,673,1382,931840,455,15.8,,,,,,,,,,,,
458.19,673,1385,933888,456,17.2,1.1592957973480225,-0.11154835898196325,1.505589003674686,0.0018582634249469266,4550,0.7585130929946899,0.02705078125,0.0003,0.2,0.0022471831,,
473.04,674,1388,935936,457,18.5,1.3132776021957397,-0.1258616468985565,2.9600076445378365,0.0003502574938465841,4560,0.5618836879730225,0.0185546875,0.0003,0.2,0.0011822286,,
445.19,674,1390,937984,458,16.1,0.4206126928329468,-0.1185502368491143,3.1389974672347307,-0.002120524799101986,4570,0.607954740524292,0.0158203125,0.0003,0.2,0.0011565925,,
,,,940000,,,2.284468650817871,-0.14622821188531815,4.310363692045212,-0.0010031008583609945,4580,0.4708130955696106,0.028125,0.0003,0.2,0.0030738367,-10.0,45.0
436.76,674,1393,940032,459,15.5,,,,,,,,,,,,
443.96,674,1396,942080,460,16.2,0.34964519739151,-0.14717873090412467,2.344546202663332,-0.00180817065120209,4590,0.7154484987258911,0.023974609375,0.0003,0.2,0.0023912315,,
459.36,674,1399,944128,461,17.6,0.5521841645240784,-0.13517473670653998,1.8594821303151547,-0.00026547963498160245,4600,0.7332105040550232,0.029150390625,0.0003,0.2,0.0030631977,,
441.66,675,1401,946176,462,16.3,1.325626015663147,-0.11268316740170121,1.8253575833514333,-0.0004353014868684113,4610,0.7791901230812073,0.02470703125,0.0003,0.2,0.00231513,,
453.63,675,1404,948224,463,17.2,1.1468418836593628,-0.155986654991284,3.823369034193456,-0.0010430920083308592,4620,0.6560735702514648,0.027978515625,0.0003,0.2,0.0035476275,,
,,,950000,,,3.3307507038116455,-0.1383726981235668,1.9793492467142642,0.0017452011306886561,4630,0.7481443285942078,0.02763671875,0.0003,0.2,0.0029308894,-10.0,45.0
440.1,675,1407,950272,464,16.0,,,,,,,,,,,,
444.91,675,1409,952320,465,16.3,1.582742691040039,-0.14840172168333082,5.156478233635426,0.0003689624907565303,4640,0.3038736581802368,0.0087890625,0.0003,0.2,0.00079709146,,
451.93,675,1412,954368,466,16.9,0.41049668192863464,-0.12006666918750852,1.8300687538459897,9.290356829296797e-05,4650,0.7020953893661499,0.02451171875,0.0003,0.2,0.0021493773,,
459.32,675,1415,956416,467,17.4,1.371427059173584,-0.12368183671496809,2.946284356713295,-0.0022941347007872535,4660,0.6546798944473267,0.024951171875,0.0003,0.2,0.0023598871,,
469.17,675,1418,958464,468,18.3,1.6981737613677979,-0.10529076390666887,2.376976517122239,0.0007683410469326191,4670,0.7026002407073975,0.01142578125,0.0003,0.2,0.001059713,,
,,,960000,,,0.6331192851066589,-0.12045922335237265,2.7555139345582575,0.0012904274728498422,4680,0.691166877746582,0.012353515625,0.0003,0.2,0.0016791914,-10.0,45.0
477.86,675,1420,960512,469,19.2,,,,,,,,,,,,
473.34,676,1423,962560,470,18.9,1.5172637701034546,-0.13537973347119986,2.005559693276882,0.0021888870956900063,4690,0.7655162215232849,0.02373046875,0.0003,0.2,0.0013698617,,
483.2,676,1426,964608,471,19.6,1.1564682722091675,-0.15701789062004537,2.8834133251104506,-0.0012383042791043407,4700,0.6844289898872375,0.034619140625,0.0003,0.2,0.005188099,,
492.05,676,1429,966656,472,20.3,0.889830470085144,-0.12505723689682782,3.530672513321042,-0.0019360689155291765,4710,0.48576903343200684,0.022998046875,0.0003,0.2,0.0040808585,,
520.35,676,1431,968704,473,22.5,0.23265764117240906,-0.10376938947010786,1.543654107209295,0.0024207708294852635,4720,0.750737726688385,0.027001953125,0.0003,0.2,0.0017902802,,
,,,970000,,,2.0261197090148926,-0.11339396439725533,2.3667225433979184,0.0008873658283846453,4730,0.7059606313705444,0.0255859375,0.0003,0.2,0.002460979,-10.0,45.0
532.71,676,1434,970752,474,23.4,,,,,,,,,,,,
537.7,676,1437,972800,475,23.6,0.37567591667175293,-0.16192524072248488,2.4347257276065646,-0.0009717492503114045,4740,0.621155321598053,0.03251953125,0.0003,0.2,0.00523769,,
558.69,677,1439,974848,476,25.2,1.2872343063354492,-0.16792404423467816,3.067890551127493,-0.004887929535470903,4750,0.5489546656608582,0.05966796875,0.0003,0.2,0.011419622,,
567.57,677,1442,976896,477,25.9,0.35675427317619324,-0.1770968139404431,2.373070765892044,-2.3085792781785132e-05,4760,0.6678491830825806,0.05078125,0.0003,0.2,0.011368435,,
590.18,677,1445,978944,478,27.2,1.3576362133026123,-0.1368799554882571,2.077574941050261,-1.9458942915662192e-05,4770,0.6906113624572754,0.03017578125,0.0003,0.2,0.0030458434,,
,,,980000,,,1.5236380100250244,-0.1655276708304882,4.949052188172937,0.00017438754439353944,4780,0.4076693058013916,0.02197265625,0.0003,0.2,0.001046553,36.0,668.2
592.77,676,1449,980992,479,27.3,,,,,,,,,,,,
582.73,676,1452,983040,480,26.3,0.9064168930053711,-0.1426179128466174,2.664004484284669,0.0002282090950757265,4790,0.6257940530776978,0.02177734375,0.0003,0.2,0.0057232096,,
576.51,677,1454,985088,481,25.8,2.142442464828491,-0.16371402589138598,4.454742998257279,3.8092432077974083e-06,4800,0.7243868112564087,0.02373046875,0.0003,0.2,0.0037595774,,
588.89,677,1457,987136,482,26.7,0.6765073537826538,-0.12247759215533734,2.1539735494181516,0.00026093028573086484,4810,0.7140809297561646,0.019189453125,0.0003,0.2,0.002602129,,
596.26,677,1460,989184,483,27.3,2.384859085083008,-0.1263868113514036,3.540413087513298,-0.00018463059677742422,4820,0.5998113751411438,0.0513671875,0.0003,0.2,0.008664314,,
,,,990000,,,0.3806469440460205,-0.13013484299881384,1.6585080886725336,-5.544380765059032e-05,4830,0.6880730390548706,0.02431640625,0.0003,0.2,0.00309913,2.0,277.0
596.26,677,1463,991232,484,27.3,,,,,,,,,,,,
566.22,677,1466,993280,485,25.7,0.05655471235513687,-0.16223727941978722,0.16961837891722098,0.005159190332051367,4840,0.9386045336723328,0.05966796875,0.0003,0.2,0.018870842,,
557.18,677,1468,995328,486,25.2,0.6830641031265259,-0.2862733930815011,1.5662650684826076,-0.0006185499049024656,4850,0.8003097772598267,0.013037109375,0.0003,0.2,0.0031001356,,
531.57,677,1471,997376,487,23.2,2.371493339538574,-0.2142492873361334,5.183461789414286,-0.0056191261188359935,4860,0.7059978246688843,0.03369140625,0.0003,0.2,0.006346362,,
464.59,677,1474,999424,488,18.4,1.3432561159133911,-0.1871017373399809,2.5232014495879413,0.00011069609608966857,4870,0.7590180039405823,0.021875,0.0003,0.2,0.0036199219,,
,,,1000000,,,3.5624916553497314,-0.19404875582549722,4.2507070757448675,-0.001007430101162754,4880,0.7866863012313843,0.039111328125,0.0003,0.2,0.0039100153,-10.0,45.0
460.76,678,1477,1001472,489,18.1,,,,,,,,,,,,
