time/time_elapsed,time/fps,rollout/ep_len_mean,time/total_timesteps,time/iterations,rollout/ep_rew_mean,train/learning_rate,train/value_loss,train/clip_range,train/explained_variance,train/loss,train/approx_kl,train/clip_fraction,train/n_updates,train/policy_gradient_loss,train/entropy_loss,eval/mean_ep_length,eval/mean_reward
2,988,53.86842105263158,2048,1,-4.713157894736843,,,,,,,,,,,,
4,819,53.828947368421055,4096,2,-4.717105263157894,0.0003,7.379572951048613,0.2,-0.0142289400100708,1.148961067199707,0.004360104,0.0,10,-0.0004323720815591514,-0.6915800187736749,,
7,810,55.54,6144,3,-4.546,0.0003,1.0304911615327002,0.2,0.7543994188308716,0.22256338596343994,0.019239865,0.1490234375,20,-0.004298439208650961,-0.6646254621446133,,
10,802,59.06,8192,4,-4.194,0.0003,0.14142881399020552,0.2,0.9810448884963989,0.027836397290229797,0.018224545,0.238330078125,30,-0.024178543838206678,-0.5884261455386877,,
,,,10000,,,0.0003,0.1357403957983479,0.2,0.9858534336090088,0.0077454522252082825,0.0528788,0.219580078125,40,-0.037542801635572685,-0.4571474378928542,45.0,-5.6
13,786,64.39,10240,5,-3.661000000000001,,,,,,,,,,,,
15,780,64.35,12288,6,-3.665000000000001,0.0003,13.090501829981804,0.2,-0.777458906173706,4.714375019073486,0.0038585612,0.021484375,50,-0.0012587273187818937,-0.1308109840610996,,
18,776,66.62,14336,7,-3.438,0.0003,9.272455579042434,0.2,-0.06411993503570557,2.154966115951538,0.00013846927,0.001904296875,60,-0.00045311382273212076,-0.07664452318567783,,
21,773,73.83,16384,8,-2.7170000000000005,0.0003,4.51975019723177,0.2,0.4813694357872009,1.7477853298187256,0.0008013452,0.013037109375,70,-0.0027783765108324587,-0.13019775247666984,,
23,772,77.6,18432,9,-2.34,0.0003,4.872806548327207,0.2,0.5344648957252502,2.3146746158599854,0.0019184235,0.017822265625,80,-0.006734689301811159,-0.20381350461393594,,
,,,20000,,,0.0003,3.9359548848122357,0.2,0.6563960909843445,1.1275938749313354,0.0009886578,0.0150390625,90,-0.004554297911818139,-0.2162786124739796,45.0,-5.6
26,770,89.24,20480,10,-1.176,,,,,,,,,,,,
29,768,100.48,22528,11,-0.05199999999999998,0.0003,2.9259062383323906,0.2,0.6780226230621338,1.5621250867843628,0.0015056436,0.01416015625,100,-0.004553125481470488,-0.25188218858093026,,
31,770,112.21,24576,12,1.1210000000000004,0.0003,2.810502094775438,0.2,0.7149214744567871,2.284214735031128,0.0012933557,0.014599609375,110,-0.005019946886750404,-0.2573851581662893,,
34,768,122.95,26624,13,2.294,0.0003,2.6315919060260056,0.2,0.728656530380249,0.958987295627594,0.0015819565,0.022412109375,120,-0.004559749452164396,-0.24755122195929288,,
37,762,133.91,28672,14,3.390000000000001,0.0003,2.5759459618479013,0.2,0.767619252204895,0.4241006672382355,0.0017309334,0.020166015625,130,-0.0037262157973600553,-0.2115837364923209,,
,,,30000,,,0.0003,0.7921499100513756,0.2,0.8748443126678467,0.13217024505138397,0.0037948932,0.028271484375,140,-0.0018842537130694837,-0.1822042219573632,45.0,-5.6
40,753,143.29,30720,15,4.328000000000001,,,,,,,,,,,,
43,750,152.9,32768,16,5.289,0.0003,0.8398855387233197,0.2,0.9249435663223267,0.48085153102874756,0.007384691,0.03828125,150,-0.009551954275229946,-0.1948346327058971,,
46,749,163.36,34816,17,6.335,0.0003,0.1223596976371482,0.2,0.97722989320755,0.034638840705156326,0.0044231717,0.027197265625,160,-0.001109096812433563,-0.18078539134003221,,
49,747,169.59,36864,18,6.958000000000001,0.0003,0.02833597178396303,0.2,0.9935672283172607,0.017335809767246246,0.004668913,0.032080078125,170,-0.001482373761245981,-0.16539349795784802,,
52,746,174.33,38912,19,7.432,0.0003,0.03329786848335061,0.2,0.9962618947029114,0.010674196295440197,0.00081303885,0.012548828125,180,-0.0013062960206298158,-0.16941456617787481,,
,,,40000,,,0.0003,0.013023796879861039,0.2,0.9984092712402344,-0.011859850957989693,0.0036991518,0.033251953125,190,-0.0036744185243151152,-0.11879613699857146,195.0,9.4
55,738,180.85,40960,20,8.083999999999998,,,,,,,,,,,,
58,738,184.93,43008,21,8.491999999999999,0.0003,0.0093967531749513,0.2,0.9990377426147461,-0.011110261082649231,0.00323396,0.019873046875,200,7.358607836067676e-05,-0.15264410856179894,,
61,737,186.43,45056,22,8.543,0.0003,0.011055538509390317,0.2,0.9993783831596375,-0.00034554535523056984,0.002433182,0.022607421875,210,-0.000201408751308918,-0.19500368440058083,,
64,735,186.21,47104,23,8.520999999999999,0.0003,0.005776120762311621,0.2,0.9996213316917419,0.003015275811776519,0.001521386,0.01220703125,220,0.000588015305402223,-0.19050250290893017,,
66,736,187.26,49152,24,8.626,0.0003,0.005247445634449832,0.2,0.9997109174728394,0.009748376905918121,0.0014209934,0.02109375,230,-0.00011606187908910214,-0.1562329699518159,,
,,,50000,,,0.0003,0.0046406915167608535,0.2,0.9997395277023315,-0.014924252405762672,0.0025421015,0.025146484375,240,-0.0017795127743738704,-0.1771369972033426,188.6,8.76
70,730,187.22,51200,25,8.621999999999998,,,,,,,,,,,,
72,731,187.22,53248,26,8.621999999999998,0.0003,0.011498427584592718,0.2,0.9993788003921509,0.0022113858722150326,0.004714332,0.0521484375,250,-0.005957749430672265,-0.15376435273792594,,
75,731,187.23,55296,27,8.622999999999998,0.0003,0.004411080943100387,0.2,0.9997541308403015,-0.007906870916485786,0.0014096522,0.021728515625,260,-0.0009546203538775444,-0.19117223434150218,,
78,731,187.26,57344,28,8.625999999999998,0.0003,0.00445572113731032,0.2,0.9997760653495789,0.0029566939920186996,0.0017745247,0.02333984375,270,-0.000916775522637181,-0.2104445262812078,,
81,731,185.9,59392,29,8.489999999999998,0.0003,0.017828075134457323,0.2,0.9990115165710449,0.0026685153134167194,0.0020572185,0.027880859375,280,-0.00014724103675689548,-0.22023128275759518,,
,,,60000,,,0.0003,0.8806457669590599,0.2,0.9569355249404907,1.57799232006073,0.0041516945,0.03857421875,290,-0.0032819735730299725,-0.2811186548322439,161.4,6.04
84,727,185.98,61440,30,8.497999999999998,,,,,,,,,,,,
87,727,186.4,63488,31,8.54,0.0003,0.0164599306153832,0.2,0.9988446831703186,0.02040097489953041,0.0045514964,0.02587890625,300,0.0025066967617021875,-0.18921356541104614,,
90,726,186.78,65536,32,8.677,0.0003,0.049506507924525066,0.2,0.9966690540313721,0.029660485684871674,0.0021974472,0.0208984375,310,-0.0032175887114135548,-0.19767563352361323,,
93,726,187.25,67584,33,8.724,0.0003,0.8101962935092161,0.2,0.957514226436615,0.14974616467952728,0.0045016105,0.037939453125,320,-0.0019882679858710616,-0.1556596687529236,,
95,726,187.64,69632,34,8.762999999999998,0.0003,0.08588854667323176,0.2,0.992485523223877,0.02384701371192932,0.0019330087,0.025732421875,330,-0.0023372113239020107,-0.21072902316227554,,
,,,70000,,,0.0003,0.07321118405961898,0.2,0.9938036799430847,0.053439076989889145,0.0008700586,0.01142578125,340,-0.0015302851083106362,-0.17545577210839838,101.8,0.08000000000000007
98,724,188.98,71680,35,8.996,,,,,,,,,,,,
101,724,189.79,73728,36,9.077,0.0003,2.369243136129808,0.2,0.8764734268188477,0.10518103092908859,0.00023476747,0.00986328125,350,5.7687051594257355e-05,-0.23486304692924023,,
104,725,190.3,75776,37,9.226999999999999,0.0003,0.18234213963150978,0.2,0.9884025454521179,0.11442701518535614,0.0010297627,0.015966796875,360,-0.00048265118384733797,-0.17344422065652906,,
107,724,192.22,77824,38,9.419,0.0003,2.965338254114613,0.2,0.8258821368217468,0.8050200939178467,0.0204784,0.072900390625,370,-0.0045567785411549265,-0.2660789120476693,,
110,724,193.73,79872,39,9.669,0.0003,0.17409456219756975,0.2,0.9798758029937744,0.09247265011072159,0.0012207091,0.0123046875,380,0.0003935953660402447,-0.21123231849633156,,
,,,80000,,,0.0003,2.403586626565084,0.2,0.8711096048355103,1.9233981370925903,0.0006823214,0.008154296875,390,-0.0008457705669570714,-0.17847672733478248,172.6,9.14
113,721,194.26,81920,40,9.722,,,,,,,,,,,,
116,721,193.79,83968,41,9.675,0.0003,0.13467136697727256,0.2,0.9893487691879272,0.05815228074789047,0.014421234,0.054296875,400,-0.0027127257257234306,-0.17424280843697487,,
119,722,195.9,86016,42,9.984999999999998,0.0003,2.212786927924026,0.2,0.8828791379928589,0.8023830652236938,0.00047054538,0.0185546875,410,-0.000801838788902387,-0.1191580988233909,,
121,722,195.95,88064,43,9.99,0.0003,2.198176385834813,0.2,0.8847063779830933,0.19843381643295288,0.0011923909,0.02138671875,420,-0.0008159219360095449,-0.13242558573838323,,
,,,90000,,,0.0003,0.14083326915861108,0.2,0.9912423491477966,0.1315196305513382,0.004672695,0.024658203125,430,-0.0004918089602142572,-0.1848886216757819,219.0,13.779999999999998
125,719,194.89,90112,44,9.784999999999998,,,,,,,,,,,,
128,719,194.48,92160,45,9.743999999999998,0.0003,0.08239768084313255,0.2,0.9941071271896362,0.010032684542238712,0.0010989222,0.0162109375,440,-0.0002982350823003799,-0.11085769166238606,,
130,719,193.12,94208,46,9.607999999999999,0.0003,0.03252606324240333,0.2,0.9977527260780334,0.018154794350266457,0.0020920173,0.01865234375,450,0.0014673668512841687,-0.13984707759227605,,
133,720,195.21,96256,47,9.915999999999999,0.0003,0.8993532964261248,0.2,0.9562235474586487,0.2493623048067093,0.00035356538,0.00751953125,460,-0.00020096810476388782,-0.12137764322105796,,
136,720,193.61,98304,48,9.657,0.0003,1.830190877377754,0.2,0.9089180827140808,0.31471988558769226,0.0016496431,0.021337890625,470,-0.0010889198136283084,-0.13034414036665112,,
,,,100000,,,0.0003,0.07842284843791276,0.2,0.993408739566803,0.005124641116708517,0.0025422815,0.01474609375,480,-0.0002453505978337489,-0.14067476864438505,170.8,8.959999999999999
139,718,193.31,100352,49,9.725999999999999,,,,,,,,,,,,
142,718,193.51,102400,50,9.745999999999997,0.0003,0.5799601101898588,0.2,0.9705963134765625,0.07141993939876556,0.0049798195,0.022412109375,490,0.00017027380381477996,-0.14630044258665292,,
145,718,192.37,104448,51,9.532999999999998,0.0003,0.07335615264892112,0.2,0.9954526424407959,0.04057677835226059,0.0016654937,0.02626953125,500,-0.0019029002491151915,-0.1466884603491053,,
148,719,194.22,106496,52,9.915999999999999,0.0003,3.7749599694274365,0.2,0.7792486548423767,1.1262602806091309,0.003047748,0.033642578125,510,-0.0024604148202342913,-0.14926024412270636,,
150,719,194.46,108544,53,9.94,0.0003,1.4862739029573278,0.2,0.9222193360328674,0.7138156890869141,0.0006878573,0.011279296875,520,0.00034895274438895285,-0.14349247992504388,,
,,,110000,,,0.0003,0.24594912747852504,0.2,0.9733147621154785,0.10125777125358582,0.0028126512,0.0283203125,530,-0.00103168355562957,-0.14545512115582823,166.2,6.5200000000000005
154,717,196.11,110592,54,10.302999999999999,,,,,,,,,,,,
156,718,195.97,112640,55,10.288999999999998,0.0003,2.4151303351391107,0.2,0.8672715425491333,1.5508280992507935,0.00028355094,0.007177734375,540,6.634193923673592e-05,-0.17025264913681895,,
159,717,195.19,114688,56,10.112,0.0003,0.535980552888941,0.2,0.9659423828125,0.3719281852245331,0.00574183,0.029345703125,550,-0.0030200886190868913,-0.15120459198951722,,
162,718,200.63,116736,57,11.051999999999996,0.0003,0.2706605135346763,0.2,0.962684154510498,0.11584597826004028,0.0033880277,0.028662109375,560,0.00039173811092041433,-0.15893972502090037,,
165,718,202.23,118784,58,11.310999999999996,0.0003,5.770823388546705,0.2,0.5947308540344238,2.331620931625366,0.0028629478,0.03173828125,570,-0.0018942861090181396,-0.1695225403411314,,
,,,120000,,,0.0003,2.5722070092801004,0.2,0.8307769298553467,2.7213945388793945,0.0032292078,0.03662109375,580,-0.0015965708487783558,-0.13643223294056953,231.0,16.96
168,715,203.3,120832,59,11.417999999999997,,,,,,,,,,,,
171,715,208.56,122880,60,12.339999999999998,0.0003,3.6659200952388344,0.2,0.7540379166603088,1.5384628772735596,0.0022868656,0.028662109375,590,-8.353283774340526e-05,-0.1558067796751857,,
174,715,212.56,124928,61,13.036999999999999,0.0003,4.575860951840878,0.2,0.7079770565032959,1.1884269714355469,0.00391451,0.02041015625,600,-0.0015122539130970835,-0.11426140432013199,,
177,716,215.3,126976,62,13.509,0.0003,5.799458806589246,0.2,0.5625649690628052,3.512397050857544,0.0016864886,0.0193359375,610,-0.0013321172751602716,-0.10248829803895206,,
180,716,217.06,129024,63,13.783999999999999,0.0003,5.8164368867874146,0.2,0.5165095329284668,3.2087860107421875,0.0014431196,0.012548828125,620,-0.00012467224441934377,-0.10789720837492496,,
,,,130000,,,0.0003,3.7319896205328407,0.2,0.6099072098731995,4.853016376495361,0.011754988,0.05009765625,630,-0.004376185429282487,-0.14042590297758578,138.0,3.7
183,715,219.18,131072,64,14.193999999999996,,,,,,,,,,,,
186,715,222.92,133120,65,14.864999999999998,0.0003,6.299717330560088,0.2,0.5017178058624268,4.198530197143555,0.009328917,0.031494140625,640,-0.001363384815340396,-0.12599585538264363,,
188,715,225.65,135168,66,15.335999999999999,0.0003,5.347855444252491,0.2,0.5333737730979919,2.884430408477783,0.003953666,0.019775390625,650,-0.001725264178821817,-0.10146514864172787,,
191,715,228.8,137216,67,15.848999999999998,0.0003,2.8248841740656645,0.2,0.7701720595359802,1.8177154064178467,0.0005414707,0.011279296875,660,-0.0006129855770268478,-0.08074159853858873,,
194,715,231.33,139264,68,16.498,0.0003,6.994419687613845,0.2,0.4495004415512085,3.014765977859497,0.003426643,0.01240234375,670,0.0005855450493982062,-0.08397987006464973,,
,,,140000,,,0.0003,5.132801064755768,0.2,0.6004822254180908,4.20651388168335,0.00053399877,0.013232421875,680,0.0002848487027222291,-0.07860407195985317,158.6,5.76
197,714,229.01,141312,69,16.166999999999998,,,,,,,,,,,,
200,714,229.3,143360,70,16.195999999999998,0.0003,6.127396123763174,0.2,0.2607184052467346,3.7084615230560303,0.0074874647,0.053076171875,690,-0.003051000127743464,-0.12170806722715496,,
203,715,228.95,145408,71,16.359,0.0003,4.502271397970617,0.2,0.6467204093933105,1.6200131177902222,0.0020743576,0.02451171875,700,-0.0006894821359310299,-0.06799517273902893,,
206,715,231.52,147456,72,16.912999999999997,0.0003,8.173805096745491,0.2,0.40454280376434326,3.9698705673217773,0.01739145,0.02998046875,710,-0.0016553590219700709,-0.08998371463967487,,
208,715,228.24,149504,73,16.387,0.0003,7.528283955901861,0.2,0.3494212031364441,5.089738845825195,0.0005780819,0.015185546875,720,0.0008930175798013806,-0.06868696140008979,,
,,,150000,,,0.0003,6.303456745110452,0.2,0.4370998740196228,5.135453701019287,0.00073874847,0.01748046875,730,0.0009548461224767379,-0.05413815127685666,158.6,5.76
212,714,230.65,151552,74,16.826,,,,,,,,,,,,
214,714,231.73,153600,75,17.033,0.0003,5.626307433843612,0.2,0.5431290864944458,4.456953048706055,0.00087783183,0.0109375,740,-0.0002500311107723974,-0.062110764387762175,,
217,715,235.46,155648,76,17.703,0.0003,6.71959848254919,0.2,0.46085095405578613,6.6308722496032715,0.008536704,0.06064453125,750,-0.002152536981157027,-0.11739889739546924,,
220,715,235.74,157696,77,17.83,0.0003,7.181475589051843,0.2,0.2176685333251953,3.394571304321289,0.0044193533,0.024658203125,760,0.00033352421305608,-0.09651757227256894,,
223,715,234.26,159744,78,17.583,0.0003,3.6934526135213672,0.2,0.48574745655059814,1.531887173652649,0.0021620095,0.02265625,770,-0.0010899568391323556,-0.06832157145254314,,
,,,160000,,,0.0003,3.004790695477277,0.2,0.7809961438179016,2.2089860439300537,0.0019280151,0.0146484375,780,0.0009817476719035767,-0.07170238507678732,340.6,35.839999999999996
227,712,230.62,161792,79,16.822999999999997,,,,,,,,,,,,
229,712,237.1,163840,80,17.965999999999998,0.0003,5.398802116140724,0.2,0.66297847032547,1.6734455823898315,0.0005482751,0.02294921875,790,-0.0006191869259055238,-0.05519961873069405,,
232,712,241.27,165888,81,18.580999999999996,0.0003,6.204856400564313,0.2,0.5013296008110046,1.6883283853530884,0.00065946754,0.02001953125,800,-0.00150384382577613,-0.06492750803590752,,
235,712,248.28,167936,82,19.875999999999998,0.0003,6.123736160248518,0.2,0.49597543478012085,3.332268714904785,0.0010626181,0.015380859375,810,-8.916393562685699e-06,-0.07359520214376972,,
238,713,252.51,169984,83,20.497,0.0003,6.4810349807143215,0.2,0.46207094192504883,1.6686135530471802,0.0011931304,0.00869140625,820,0.00011765182425733655,-0.07245314233005047,,
,,,170000,,,0.0003,7.6916574511677025,0.2,0.3526398539543152,5.712536334991455,0.0006451055,0.016455078125,830,0.0006693390037980862,-0.061457259120652453,139.2,3.8200000000000003
241,712,250.82,172032,84,20.031000000000002,,,,,,,,,,,,
244,712,256.11,174080,85,21.153999999999996,0.0003,6.2837280292063955,0.2,0.23270773887634277,0.6604480147361755,0.014944551,0.04130859375,840,-0.009293762457673438,-0.07307834125240334,,
247,712,259.68,176128,86,22.005999999999993,0.0003,8.10760645531118,0.2,0.08365142345428467,2.7307446002960205,0.0011527461,0.014453125,850,0.0015468500772840344,-0.06731220057117752,,
249,713,271.78,178176,87,24.205999999999996,0.0003,8.029158933646977,0.2,0.24804121255874634,4.464493751525879,0.015565189,0.0447265625,860,-0.002049616482690908,-0.08772779142600484,,
,,,180000,,,0.0003,5.652989121526479,0.2,0.22484225034713745,1.566903829574585,0.0011080969,0.013916015625,870,-0.000869080302072689,-0.059638611960690466,403.4,50.04
253,710,270.26,180224,88,23.756999999999998,,,,,,,,,,,,
256,710,267.45,182272,89,23.278,0.0003,4.887815377209336,0.2,0.12986361980438232,2.947361707687378,0.0025013129,0.0177734375,880,-0.0005060437746578827,-0.04792513829306699,,
259,710,273.3,184320,90,24.358,0.0003,6.854834718629718,0.2,0.46336567401885986,3.3282361030578613,0.0014101407,0.0212890625,890,-0.0005282164522213862,-0.05702260975667741,,
262,710,284.61,186368,91,26.380000000000006,0.0003,6.493775215744972,0.2,0.4227423667907715,3.724946975708008,0.004980024,0.017138671875,900,0.0008133746960083954,-0.06285014625173062,,
265,711,292.91,188416,92,27.903000000000002,0.0003,7.367974416911602,0.2,0.14341449737548828,2.7053158283233643,0.0010748166,0.018701171875,910,0.0014882922172546388,-0.06955285395961255,,
,,,190000,,,0.0003,7.40626599304378,0.2,0.3065987229347229,5.083685874938965,0.0015479536,0.02939453125,920,-0.003750734106870368,-0.046766806501545945,272.0,23.04
268,709,302.86,190464,93,29.789,,,,,,,,,,,,
271,709,307.66,192512,94,30.665000000000006,0.0003,7.174930739402771,0.2,0.40132325887680054,4.256336212158203,0.001779806,0.02021484375,930,-0.0027819886163342744,-0.04679770543298219,,
274,709,310.76,194560,95,31.173,0.0003,7.540852961689234,0.2,0.4596412181854248,4.898661136627197,0.0018919796,0.01611328125,940,0.0007795673547661864,-0.05094208444352262,,
276,709,326.76,196608,96,34.06,0.0003,10.454408463090658,0.2,-0.2261667251586914,2.480767250061035,0.011447214,0.032763671875,950,-0.003039063407777576,-0.07104169481899589,,
279,710,334.49,198656,97,35.526,0.0003,7.8151564106345175,0.2,-0.3584325313568115,7.317459583282471,0.002614649,0.015283203125,960,0.000563455895462539,-0.06060577186872251,,
,,,200000,,,0.0003,8.0235008854419,0.2,0.20670342445373535,7.043614864349365,0.000855381,0.01953125,970,0.001216724593541585,-0.05784855954989325,142.6,4.160000000000001
282,709,344.38,200704,98,37.306999999999995,,,,,,,,,,,,
285,709,331.78,202752,99,35.552,0.0003,5.075230235233903,0.2,0.4364365339279175,1.6968731880187988,0.0022177557,0.016845703125,980,4.660574777517468e-05,-0.051415389296016654,,
288,709,317.68,204800,100,33.745999999999995,0.0003,15.516836597025394,0.2,-0.2550007104873657,1.1803178787231445,0.008181414,0.042236328125,990,-0.0044828452169895176,-0.0747004255419597,,
291,710,311.7,206848,101,32.455,0.0003,13.213743761926889,0.2,0.04931843280792236,1.180627703666687,0.004262066,0.026611328125,1000,-0.0008987742301542311,-0.06931991389137693,,
294,710,308.87,208896,102,31.875,0.0003,7.817103252932429,0.2,0.3445257544517517,3.55509614944458,0.0022829706,0.01865234375,1010,-0.003942500703851692,-0.06409240186912939,,
,,,210000,,,0.0003,7.809370436891913,0.2,0.24523591995239258,4.520344257354736,0.003651467,0.01513671875,1020,-0.001678445321158506,-0.060667509579798204,218.4,15.7
297,709,313.78,210944,103,32.96,,,,,,,,,,,,
300,709,320.77,212992,104,34.253,0.0003,8.993864668160677,0.2,0.15921789407730103,4.428435325622559,0.01004788,0.034326171875,1030,0.0006513323212857358,-0.07899239209364169,,
302,709,322.06,215040,105,34.58,0.0003,7.495509484410286,0.2,0.27311527729034424,1.821330189704895,0.0014955816,0.023583984375,1040,-0.00030791292083449663,-0.04782436544483062,,
305,710,320.71,217088,106,34.346,0.0003,8.60246883034706,0.2,0.36016279458999634,9.771926879882812,0.00029299757,0.02119140625,1050,0.0004880899534327909,-0.0536173746426357,,
308,710,318.35,219136,107,33.81300000000001,0.0003,7.852751747891307,0.2,0.35956013202667236,2.0621604919433594,0.0019205076,0.018896484375,1060,0.0011960940493736417,-0.06298839167720871,,
,,,220000,,,0.0003,9.793060468137265,0.2,0.16641700267791748,4.410890102386475,0.0025584952,0.01494140625,1070,0.0003414636303205043,-0.05627167540660594,1041.6,167.32
314,704,315.88,221184,108,33.467,,,,,,,,,,,,
316,704,309.89,223232,109,32.273999999999994,0.0003,8.811524186655879,0.2,0.2547338604927063,5.9029221534729,0.007842464,0.035205078125,1080,-0.004329641588265076,-0.07808382225921377,,
319,704,306.19,225280,110,31.705999999999996,0.0003,8.372021612524986,0.2,0.4299870729446411,6.478478908538818,0.004479826,0.025341796875,1090,-0.0009296355288824998,-0.0572526508331066,,
322,705,304.71,227328,111,31.656999999999996,0.0003,5.309756276756525,0.2,0.17066842317581177,1.940557599067688,0.0023978269,0.019775390625,1100,-0.0008817838650429621,-0.05887800698401406,,
325,705,302.01,229376,112,31.089999999999996,0.0003,6.576334205269814,0.2,0.5381818413734436,3.698624610900879,0.00075512973,0.017431640625,1110,-0.0016166440065717325,-0.05414067737874575,,
,,,230000,,,0.0003,8.454187348857522,0.2,0.47619950771331787,2.0946044921875,0.0046304953,0.02373046875,1120,-0.001210319879464805,-0.05425914471270517,198.0,9.7
328,704,299.09,231424,113,30.204,,,,,,,,,,,,
331,704,313.58,233472,114,32.544,0.0003,9.471812447160483,0.2,-0.3038158416748047,2.076009511947632,0.010838445,0.0263671875,1130,-0.0034809820528607814,-0.064021154952934,,
334,704,325.72,235520,115,34.847,0.0003,8.675467649847269,0.2,0.340026319026947,2.270658493041992,0.0036822655,0.021630859375,1140,7.073018641676754e-05,-0.055861851025838405,,
337,704,321.72,237568,116,34.54600000000001,0.0003,4.927286854758859,0.2,0.4168943762779236,2.1898207664489746,0.002411947,0.018701171875,1150,0.0014199358090991154,-0.049730848988110664,,
339,704,315.89,239616,117,33.369,0.0003,18.50851478278637,0.2,0.21469342708587646,7.780797004699707,0.049942017,0.115625,1160,-0.006840897066285834,-0.11311918964493088,,
,,,240000,,,0.0003,6.518546258844435,0.2,0.07512503862380981,5.9573211669921875,0.003177791,0.014013671875,1170,0.0003306364640593529,-0.06400188080151566,1872.8,319.73999999999995
347,695,311.98,241664,118,32.483,,,,,,,,,,,,
350,695,302.71,243712,119,30.862999999999996,0.0003,8.705655704811216,0.2,0.37780869007110596,5.586611270904541,0.000790642,0.01923828125,1180,-0.0020225202839355915,-0.058885795890819284,,
353,695,312.35,245760,120,32.619,0.0003,4.958776502311229,0.2,0.6425023078918457,1.4839421510696411,0.0032823742,0.026904296875,1190,-0.002888564849854447,-0.051153797676670366,,
356,695,317.27,247808,121,33.408,0.0003,5.4395813278853895,0.2,0.335041344165802,3.739744186401367,0.002523867,0.015576171875,1200,-0.0016966868919553236,-0.05189175617415458,,
359,695,315.81,249856,122,33.163,0.0003,6.829638144373893,0.2,-0.0676654577255249,0.4191209673881531,0.01554401,0.0408203125,1210,-0.006131792580708862,-0.07773837444838136,,
,,,250000,,,0.0003,8.542442714422942,0.2,0.349786639213562,7.343669414520264,0.0011743844,0.01962890625,1220,0.0010603096583508887,-0.051687691042025107,182.2,12.08
362,694,323.15,251904,123,34.59,,,,,,,,,,,,
365,695,321.97,253952,124,34.67,0.0003,4.837525343149901,0.2,0.24380594491958618,0.9060145020484924,0.0025197412,0.017138671875,1230,0.000882896946859546,-0.057119305679225366,,
368,695,330.34,256000,125,36.199999999999996,0.0003,12.813733469694853,0.2,-0.1374669075012207,6.829794406890869,0.04980403,0.07353515625,1240,-0.005999310911283829,-0.10186797204660251,,
370,695,324.01,258048,126,34.874,0.0003,7.677747057750821,0.2,0.3246115446090698,3.3464467525482178,0.00166013,0.0140625,1250,0.0001962332462426275,-0.06209328730474226,,
,,,260000,,,0.0003,8.019752364978194,0.2,0.32325005531311035,7.035415172576904,0.0025869384,0.01689453125,1260,0.0012626792638911865,-0.057390905343345365,247.0,18.56
374,694,326.67,260096,127,35.23899999999999,,,,,,,,,,,,
377,695,328.6,262144,128,35.629999999999995,0.0003,10.121329629421234,0.2,0.23298859596252441,4.888307571411133,0.001583304,0.01611328125,1270,-0.0005391967206378467,-0.06795803278801031,,
379,695,338.14,264192,129,37.376000000000005,0.0003,6.667291140556335,0.2,0.4919095039367676,3.5363733768463135,0.001185879,0.015478515625,1280,-0.0014564487006282433,-0.05799754811450839,,
382,695,345.18,266240,130,38.773,0.0003,6.224807136505842,0.2,0.5720486640930176,1.5225757360458374,0.0012944766,0.017138671875,1290,0.0001645738972001709,-0.05577146898140199,,
385,695,331.9,268288,131,36.356,0.0003,9.525322874635458,0.2,0.3486766219139099,7.7095046043396,0.009510763,0.028955078125,1300,-0.0005210332077695057,-0.0639197011711076,,
,,,270000,,,0.0003,9.39944298416376,0.2,0.17340803146362305,3.365936756134033,0.0013865151,0.016748046875,1310,0.00029687648348044606,-0.06648912312230096,197.2,13.580000000000002
389,694,343.48,270336,132,38.207,,,,,,,,,,,,
391,695,350.99,272384,133,39.156000000000006,0.0003,6.418406723625958,0.2,0.42045527696609497,2.1054883003234863,0.0042369133,0.025439453125,1320,-0.0009486916882451623,-0.05103935713705141,,
394,695,357.92,274432,134,40.146,0.0003,10.258438786119223,0.2,0.2536715865135193,3.7374894618988037,0.0026170406,0.02255859375,1330,-0.0024547445893404072,-0.06571345289994497,,
397,695,360.66,276480,135,40.617999999999995,0.0003,10.856910231709481,0.2,0.4034774899482727,7.099951267242432,0.012757499,0.03994140625,1340,-0.004752505119540729,-0.07152048663701863,,
400,695,366.76,278528,136,41.624,0.0003,7.877508506178856,0.2,0.1713762879371643,8.839595794677734,0.0014111681,0.00869140625,1350,0.00041826658271020277,-0.05863818132202141,,
,,,280000,,,0.0003,4.814878371357918,0.2,0.6140954494476318,2.601301431655884,0.010502221,0.013232421875,1360,-6.823524890933185e-05,-0.05013421641197056,2192.6,377.46
408,686,372.02,280576,137,42.446999999999996,,,,,,,,,,,,
411,686,374.54,282624,138,42.996,0.0003,5.858577811531722,0.2,0.5891269445419312,2.03191876411438,0.000794376,0.02236328125,1370,1.596864312887192e-05,-0.048183549092209434,,
414,687,376.02,284672,139,43.342000000000006,0.0003,5.572128395736217,0.2,0.2505127787590027,2.507594585418701,0.0025716752,0.023193359375,1380,0.0015293662261683493,-0.04285760950151598,,
417,687,385.47,286720,140,45.07899999999999,0.0003,6.2218561299145225,0.2,0.573386549949646,3.470062494277954,0.0023060446,0.018896484375,1390,-4.883400542894378e-05,-0.052993422650615685,,
419,687,391.71,288768,141,46.198,0.0003,5.996967861056328,0.2,0.6229552030563354,3.216801166534424,0.0033408087,0.015185546875,1400,0.0014734770666109398,-0.056359563753358086,,
,,,290000,,,0.0003,5.3570774449035525,0.2,0.5684104561805725,1.062500238418579,0.000771077,0.015087890625,1410,-0.0006609331263462082,-0.05698844891448971,1550.8,257.84000000000003
426,681,397.67,290816,142,47.18999999999999,,,,,,,,,,,,
429,681,393.34,292864,143,46.16299999999999,0.0003,7.8541165016591545,0.2,0.49730396270751953,0.8972932696342468,0.0017804173,0.029833984375,1420,0.0019845851740683427,-0.0488566942352918,,
432,681,402.06,294912,144,47.728,0.0003,7.65726817548275,0.2,0.33960044384002686,6.636861801147461,0.008092897,0.03369140625,1430,-0.003999834856949746,-0.06345075427670963,,
435,682,408.22,296960,145,48.93800000000001,0.0003,9.89711472056806,0.2,0.3618996739387512,10.485687255859375,0.022859592,0.05830078125,1440,-0.0014315557680674828,-0.08327651875151787,,
438,682,410.57,299008,146,49.470000000000006,0.0003,7.177052513696253,0.2,0.41484808921813965,11.218791961669922,0.001610046,0.014306640625,1450,0.0004595408128807321,-0.0585933474736521,,
,,,300000,,,0.0003,8.896154619380832,0.2,0.3897011876106262,5.863088130950928,0.00073800585,0.016357421875,1460,0.00031241527176462114,-0.044238966179545966,223.0,18.139999999999997
441,681,417.51,301056,147,50.857,,,,,,,,,,,,
444,682,423.75,303104,148,51.976000000000006,0.0003,8.437234955653548,0.2,0.33859097957611084,2.6350388526916504,0.0026399258,0.029833984375,1470,-0.002143933449406177,-0.06712308816204313,,
447,682,426.57,305152,149,52.456,0.0003,9.422961036115884,0.2,0.31386929750442505,3.525270938873291,0.0018888457,0.014404296875,1480,0.00024918157723732295,-0.05890176005777903,,
450,682,418.39,307200,150,51.04399999999999,0.0003,7.707095364108682,0.2,0.4502451419830322,2.0787851810455322,0.001724062,0.0158203125,1490,-0.0005364887081668712,-0.052275854721665384,,
452,682,421.29,309248,151,51.532,0.0003,8.715809568017722,0.2,0.38407236337661743,2.6625378131866455,0.0006798768,0.017578125,1500,-0.00040018794243223965,-0.05005958455731161,,
,,,310000,,,0.0003,6.614957163855434,0.2,0.34160035848617554,0.9504058361053467,0.0071970355,0.03173828125,1510,-0.00016650461766403167,-0.05741133808332961,260.6,23.880000000000003
456,682,430.89,311296,152,53.284,,,,,,,,,,,,
459,682,427.42,313344,153,52.739000000000004,0.0003,10.335188602283598,0.2,0.30482912063598633,5.705148696899414,0.0016429167,0.018896484375,1520,0.00011112503998447209,-0.0506734135793522,,
461,682,436.81,315392,154,54.470000000000006,0.0003,8.23432191349566,0.2,0.26196181774139404,8.78288745880127,0.0054933787,0.019287109375,1530,0.001442913801292889,-0.04451540530862985,,
464,683,443.88,317440,155,55.96900000000001,0.0003,9.480866464972497,0.2,0.25704050064086914,2.5912742614746094,0.0019508655,0.02216796875,1540,-0.0023469971085432915,-0.06192818280542269,,
467,683,462.6,319488,156,59.227000000000004,0.0003,6.520890345424414,0.2,0.336617112159729,4.476126194000244,0.014298078,0.03388671875,1550,-0.0016028251659008675,-0.06454732372076251,,
,,,320000,,,0.0003,10.531135819852352,0.2,0.19474250078201294,6.297339916229248,0.0044137486,0.028955078125,1560,-0.002227080368902534,-0.056516454485245046,171.8,9.059999999999999
470,683,463.81,321536,157,59.446999999999996,,,,,,,,,,,,
473,683,462.38,323584,158,59.30399999999999,0.0003,11.532759429886937,0.2,0.2602628469467163,4.273615837097168,0.0028455763,0.0306640625,1570,-0.002073186676716432,-0.060417207394493744,,
476,683,472.2,325632,159,61.077999999999996,0.0003,10.231448370590806,0.2,0.07981979846954346,8.21264934539795,0.008994992,0.03828125,1580,-0.0014769161396543495,-0.06447532942984253,,
479,683,484.4,327680,160,63.387,0.0003,8.647866094112397,0.2,0.415324330329895,4.157586574554443,0.00079209683,0.01494140625,1590,-0.0016205791587708517,-0.04973422189650591,,
481,684,493.64,329728,161,65.103,0.0003,8.488886214792728,0.2,0.4046837091445923,4.80423641204834,0.0018940115,0.02548828125,1600,0.0013176181848393754,-0.04995994837372564,,
,,,330000,,,0.0003,4.991543933749199,0.2,0.6781082153320312,4.183230400085449,0.005090061,0.034912109375,1610,0.0024473268160363658,-0.05104713628825266,1386.4,229.51999999999998
488,679,492.73,331776,162,64.81400000000001,,,,,,,,,,,,
491,679,492.65,333824,163,64.70700000000002,0.0003,7.812574585527182,0.2,0.4688929319381714,2.4189186096191406,0.00044673024,0.013427734375,1620,0.001122295371897053,-0.050904330500634386,,
494,679,510.91,335872,164,68.018,0.0003,3.888524155598134,0.2,0.7634894251823425,1.3931587934494019,0.00068428495,0.01904296875,1630,-0.001486715389182791,-0.04753470230207313,,
496,680,515.34,337920,165,68.956,0.0003,6.321933587267995,0.2,0.46773433685302734,1.123447299003601,0.00083130633,0.014111328125,1640,-1.9919135957024993e-05,-0.05759142831957433,,
499,680,516.85,339968,166,69.305,0.0003,7.008988357707858,0.2,0.3765990734100342,4.775779724121094,0.0017372535,0.02451171875,1650,0.0021619244245812295,-0.05346823160070926,,
,,,340000,,,0.0003,6.600955753214658,0.2,0.42934244871139526,3.153461217880249,0.00090138725,0.01376953125,1660,-0.00025305608287453654,-0.049232919571659296,852.6,136.54
504,677,499.39,342016,167,66.27199999999999,,,,,,,,,,,,
507,677,509.05,344064,168,68.12900000000002,0.0003,10.861884283274412,0.2,0.41803592443466187,7.869383335113525,0.0054860385,0.016943359375,1670,-0.0005186040245462209,-0.05389124410867226,,
510,678,503.67,346112,169,66.997,0.0003,7.15236632451415,0.2,0.04068046808242798,1.512616515159607,0.0012163087,0.015625,1680,0.0004199944727588445,-0.045330648665549235,,
512,678,482.94,348160,170,63.34000000000001,0.0003,11.809752526879311,0.2,0.18679147958755493,3.2210607528686523,0.0005186905,0.021826171875,1690,0.0013727650308283045,-0.0540707842388656,,
,,,350000,,,0.0003,12.325649741292,0.2,0.3158332109451294,9.758461952209473,0.008306725,0.02421875,1700,0.00047650227643316614,-0.05521622755331919,433.8,53.08
516,677,475.24,350208,171,62.075,,,,,,,,,,,,
519,677,493.52,352256,172,65.38799999999999,0.0003,2.7294013227336107,0.2,0.17734938859939575,0.17694595456123352,0.007250976,0.025732421875,1710,0.002562124948599376,-0.04804770637420006,,
522,677,500.62,354304,173,66.692,0.0003,10.834969745576382,0.2,0.10930925607681274,4.171350479125977,0.004344716,0.022216796875,1720,-0.0015756905355374328,-0.056196077649656215,,
525,678,503.64,356352,174,67.588,0.0003,2.9566399471834304,0.2,0.42778825759887695,0.16428755223751068,0.0015668999,0.020361328125,1730,0.0018191240014857613,-0.03892500855799881,,
528,678,509.63,358400,175,68.583,0.0003,6.074473249353469,0.2,0.5179958939552307,1.6534119844436646,0.05311925,0.0544921875,1740,-0.006754048401489854,-0.07017010076378938,,
,,,360000,,,0.0003,12.294248699769378,0.2,0.16899830102920532,6.918458461761475,0.0017649358,0.018408203125,1750,-0.0031659729691455142,-0.05380757411767263,2159.4,370.17999999999995
536,672,506.98,360448,176,68.02100000000002,,,,,,,,,,,,
539,672,510.99,362496,177,68.818,0.0003,8.018503441289067,0.2,0.3622363805770874,9.880973815917969,0.00086617266,0.008203125,1760,0.0006663628184469417,-0.052404816678608766,,
541,672,519.2,364544,178,70.233,0.0003,7.230871881172061,0.2,0.3626827597618103,5.915191173553467,0.0022170753,0.020361328125,1770,-0.0020934317813953384,-0.04060180746018886,,
544,673,503.87,366592,179,67.512,0.0003,7.07462053373456,0.2,0.5058845281600952,3.9297738075256348,0.0028574243,0.01767578125,1780,-0.00016610251914244144,-0.04885480123630259,,
547,673,495.42,368640,180,65.77600000000001,0.0003,13.205021694302559,0.2,-0.014940857887268066,11.300684928894043,0.012952607,0.041845703125,1790,-0.005750210632686503,-0.06452497734571808,,
,,,370000,,,0.0003,7.833146769553423,0.2,0.3168652653694153,1.231029748916626,0.0027012983,0.03193359375,1800,-0.0013750944228377194,-0.05651755475264508,1135.4,184.62
553,670,502.77,370688,181,67.204,,,,,,,,,,,,
555,670,506.32,372736,182,67.955,0.0003,9.646764382347465,0.2,0.21896761655807495,8.761730194091797,0.0030203897,0.027587890625,1810,0.0002850622986443341,-0.051589725978556086,,
558,670,507.78,374784,183,68.101,0.0003,7.788364415243268,0.2,0.3747790455818176,1.4887919425964355,0.0006677508,0.014013671875,1820,0.00010891345009440556,-0.04237533285631798,,
561,671,493.75,376832,184,65.708,0.0003,8.107035228051245,0.2,0.3959834575653076,1.340768814086914,0.03311052,0.01884765625,1830,0.00034415986156091096,-0.043068125555873846,,
564,671,503.66,378880,185,67.59,0.0003,14.101252456754446,0.2,0.05573880672454834,3.9089267253875732,0.0022133822,0.02626953125,1840,-0.0011864304906339385,-0.05862627900787629,,
,,,380000,,,0.0003,6.373606375232339,0.2,0.06958925724029541,5.386524677276611,0.0029760578,0.02275390625,1850,0.0016898430971195922,-0.05572786462143995,227.4,14.62
567,670,499.79,380928,186,67.104,,,,,,,,,,,,
570,671,505.31,382976,187,68.151,0.0003,7.631028827652335,0.2,0.4469892978668213,1.2357255220413208,0.003376346,0.028662109375,1860,-0.0031837799702771007,-0.059463912362116386,,
573,671,469.07,385024,188,61.65599999999999,0.0003,9.132334450259805,0.2,0.5018255114555359,0.9936208724975586,0.0024158312,0.020947265625,1870,0.00019876466394634916,-0.05295947643317049,,
576,671,456.55,387072,189,59.51300000000001,0.0003,10.580293705314398,0.2,0.4049239158630371,2.2435991764068604,0.0023767569,0.027734375,1880,-0.004469361700466834,-0.06005717333755456,,
579,672,470.65,389120,190,61.81399999999999,0.0003,10.167672972381116,0.2,0.1602899432182312,3.8540375232696533,0.000932696,0.00732421875,1890,0.0003964480914874002,-0.04614743534184527,,
,,,390000,,,0.0003,8.339941330254078,0.2,0.3371121287345886,6.676601409912109,0.0017400142,0.014599609375,1900,0.0007681543036596849,-0.053433176729595286,5131.2,908.9200000000001
594,657,477.89,391168,191,63.132,,,,,,,,,,,,
597,657,494.86,393216,192,66.215,0.0003,4.0449016955681145,0.2,0.5743865370750427,1.123708963394165,0.0031645638,0.022607421875,1910,-0.0003897948598023504,-0.048062240466242655,,
600,658,500.13,395264,193,67.237,0.0003,6.936104953847826,0.2,0.4055516719818115,1.9576327800750732,0.003338328,0.03115234375,1920,-0.0008322412380948663,-0.054843942812294696,,
603,658,512.09,397312,194,69.32399999999998,0.0003,5.961073772329837,0.2,0.5246489644050598,8.367958068847656,0.00081798364,0.0181640625,1930,0.0018324033168028108,-0.04501938874309417,,
606,658,516.11,399360,195,70.122,0.0003,6.54035183750093,0.2,0.3983805775642395,2.5713002681732178,0.001622726,0.019482421875,1940,-0.0024931271618697792,-0.03676517340063583,,
,,,400000,,,0.0003,13.891136626154184,0.2,0.30152952671051025,8.325788497924805,0.0015414008,0.0125,1950,0.0006684987747576088,-0.04662353429739596,171.6,7.0600000000000005
609,658,491.95,401408,196,65.72599999999998,,,,,,,,,,,,
612,659,482.29,403456,197,63.968,0.0003,11.95087090358138,0.2,0.27690452337265015,2.03946590423584,0.005824188,0.03984375,1960,-0.00320493000181159,-0.05789101370901335,,
614,659,478.72,405504,198,63.31400000000001,0.0003,5.7293968088924885,0.2,0.35169118642807007,1.844038486480713,0.0013439709,0.02177734375,1970,0.0029581334383692592,-0.04387956639693584,,
617,659,484.68,407552,199,64.40500000000002,0.0003,12.163031018525363,0.2,0.3700406551361084,6.155782222747803,0.017284306,0.050244140625,1980,-0.005829061733675189,-0.06476751740847249,,
620,660,490.71,409600,200,65.701,0.0003,6.215416528098285,0.2,0.3032347559928894,4.850010395050049,0.0019089485,0.0216796875,1990,0.0010612752434099094,-0.04806793067982653,,
,,,410000,,,0.0003,4.560865100286901,0.2,0.6378704309463501,1.7052334547042847,0.0069732005,0.0189453125,2000,0.001495067031646613,-0.04628060304530664,434.4,53.14
624,659,502.58,411648,201,67.779,,,,,,,,,,,,
626,659,512.45,413696,202,69.657,0.0003,2.7965563234407456,0.2,0.718895435333252,0.3104743957519531,0.00137916,0.0212890625,2010,0.0010354703874327243,-0.04928905920824036,,
629,660,508.73,415744,203,68.88900000000001,0.0003,7.0686051359400155,0.2,0.3762373924255371,0.756986677646637,0.001042955,0.016015625,2020,6.152899877633899e-05,-0.04380321173521225,,
632,660,513.39,417792,204,69.75099999999999,0.0003,11.061110444366932,0.2,0.13300669193267822,5.705622673034668,0.0013414877,0.007080078125,2030,0.0008978754354757257,-0.04240911285887705,,
635,660,487.99,419840,205,65.32999999999998,0.0003,6.795368036627769,0.2,0.3974478840827942,2.4700121879577637,0.0018281778,0.013134765625,2040,0.0004264304836397059,-0.038493436588760234,,
,,,420000,,,0.0003,13.305932161957026,0.2,-0.11034667491912842,5.484759330749512,0.0067178207,0.036181640625,2050,-0.004586211816058494,-0.0580363567751192,1249.4,207.9
641,657,474.62,421888,206,63.398999999999994,,,,,,,,,,,,
644,658,480.97,423936,207,64.42999999999999,0.0003,8.265422090515495,0.2,0.2584272027015686,5.981845378875732,0.0014246089,0.01826171875,2060,0.0009467149502597749,-0.048090661542664746,,
646,658,486.02,425984,208,65.33099999999999,0.0003,6.184119690582156,0.2,0.41904252767562866,6.686402797698975,0.0023680944,0.010302734375,2070,-0.0008078130180365406,-0.04166218159516575,,
649,658,476.07,428032,209,63.346,0.0003,10.107548955082894,0.2,0.41135650873184204,12.149160385131836,0.00074725243,0.013232421875,2080,-0.0007329952146392316,-0.04197274112084415,,
,,,430000,,,0.0003,6.166796540655196,0.2,0.24976670742034912,1.758737325668335,0.0007727365,0.01650390625,2090,-0.00041119170928141104,-0.04246842030988773,7599.6,1361.6799999999998
672,639,482.12,430080,210,64.446,,,,,,,,,,,,
675,639,505.17,432128,211,68.632,0.0003,3.1905145926401017,0.2,0.4669008255004883,0.38536685705184937,0.0022999342,0.025634765625,2100,0.004932858627580572,-0.04092815728672576,,
678,639,492.84,434176,212,66.508,0.0003,10.90031511709094,0.2,0.2604858875274658,3.1639864444732666,0.005020052,0.047998046875,2110,-0.004588943379349075,-0.06442143362364731,,
681,640,522.48,436224,213,71.848,0.0003,3.577843390405178,0.2,0.5822335481643677,1.0739065408706665,0.007445235,0.022900390625,2120,0.00018889279454015195,-0.051344006990257186,,
683,640,522.48,438272,214,71.848,0.0003,4.706322392635047,0.2,0.5090792179107666,3.492849349975586,0.0031507795,0.028125,2130,0.0014054589250008576,-0.04629677471675677,,
,,,440000,,,0.0003,0.33876038528978825,0.2,0.9188942313194275,0.09773790836334229,0.002763506,0.023095703125,2140,0.0007599752425448969,-0.0481994015222881,658.8,95.38
688,639,550.29,440320,215,76.807,,,,,,,,,,,,
691,639,566.03,442368,216,79.66799999999999,0.0003,7.643348333984614,0.2,0.3686543107032776,4.980077743530273,0.004228543,0.029736328125,2150,-0.002984892843232956,-0.05413935692340601,,
694,640,572.43,444416,217,80.605,0.0003,5.508383873850107,0.2,0.3766181468963623,1.573050618171692,0.00039974198,0.014453125,2160,-0.0002114020346198231,-0.04323417319683358,,
696,640,576.36,446464,218,81.493,0.0003,7.480750076472759,0.2,0.44131582975387573,6.117439270019531,0.00073632086,0.01181640625,2170,-0.0006823528761742637,-0.04324986750725657,,
699,640,564.3,448512,219,79.39600000000002,0.0003,5.810145297646523,0.2,0.5579955577850342,0.9010809659957886,0.0006989866,0.0125,2180,-0.0015609632639097982,-0.03682210914266761,,
,,,450000,,,0.0003,3.9499437669757755,0.2,0.5986426472663879,1.4776190519332886,0.0007171135,0.0208984375,2190,-0.00040405099862255155,-0.03857297319045756,825.8,125.94000000000001
704,639,560.41,450560,220,78.512,,,,,,,,,,,,
707,639,547.46,452608,221,76.227,0.0003,12.391154215484857,0.2,0.06390899419784546,4.278414249420166,0.0039044162,0.029296875,2200,-0.0049774397601140665,-0.051522666445816864,,
710,639,557.42,454656,222,78.11399999999999,0.0003,10.459505355730652,0.2,0.004963219165802002,1.0903934240341187,0.00020044508,0.015673828125,2210,0.0002351734961848706,-0.0453043551693554,,
713,640,572.38,456704,223,80.69900000000001,0.0003,4.79771441007033,0.2,0.5136296153068542,3.6044342517852783,0.005009327,0.01923828125,2220,0.0032767426964710467,-0.05278000049802358,,
716,640,589.44,458752,224,83.89,0.0003,6.482918078824878,0.2,0.463076651096344,1.206154227256775,0.0026314126,0.019921875,2230,0.0006785743898944929,-0.05160125223046634,,
,,,460000,,,0.0003,2.0962206775788217,0.2,0.7178795337677002,0.24147053062915802,0.003981786,0.025634765625,2240,0.0009562279636156745,-0.04902367925387807,1154.8,188.54000000000002
721,638,592.7,460800,225,84.21600000000002,,,,,,,,,,,,
724,638,599.8,462848,226,85.52,0.0003,10.390829069539905,0.2,-0.06583499908447266,1.77873694896698,0.00061868195,0.020556640625,2250,-0.0004903002045466565,-0.038879490608815105,,
727,639,592.58,464896,227,84.20400000000001,0.0003,10.102098905667663,0.2,0.1709301471710205,4.833052635192871,0.0008544032,0.010498046875,2260,-0.000786380990757607,-0.043418893600755834,,
729,639,611.48,466944,228,87.38100000000003,0.0003,6.3450623992830515,0.2,0.38316190242767334,1.820253610610962,0.0012262405,0.01484375,2270,-0.0002216391803813167,-0.04316214657301316,,
732,640,622.49,468992,229,89.373,0.0003,8.771737294830382,0.2,0.31577324867248535,2.9945504665374756,0.00060782477,0.011279296875,2280,0.0012714801501715555,-0.04250568380230106,,
,,,470000,,,0.0003,6.747529479861259,0.2,0.49133700132369995,0.8673276901245117,0.002069362,0.02294921875,2290,0.00355913586972747,-0.048738482016779015,9546.8,1714.8
760,619,623.84,471040,230,89.706,,,,,,,,,,,,
763,619,611.87,473088,231,87.42000000000002,0.0003,4.7105516327545045,0.2,0.5738276243209839,4.778770446777344,0.0052607427,0.014453125,2300,-0.0001882233307696879,-0.044829029859101865,,
766,620,608.35,475136,232,86.87000000000002,0.0003,8.84527599811554,0.2,0.34971117973327637,2.3102071285247803,0.00038805226,0.014599609375,2310,0.0009882209938950836,-0.03966362512037449,,
768,620,605.98,477184,233,86.43499999999999,0.0003,5.860257962718606,0.2,0.26353520154953003,1.2013462781906128,0.0027632697,0.02431640625,2320,-0.0004927487912937068,-0.04593704436629196,,
771,621,604.16,479232,234,85.95600000000002,0.0003,9.297845778614283,0.2,-0.1088024377822876,3.0360805988311768,0.0012096156,0.017626953125,2330,-0.00072386702086078,-0.03933222575724358,,
,,,480000,,,0.0003,9.691018346697092,0.2,0.22708231210708618,4.326805591583252,0.0031397813,0.032177734375,2340,-0.002405939807067625,-0.05331084938079585,7797.6,1395.34
794,605,623.41,481280,235,89.36599999999999,,,,,,,,,,,,
797,606,641.04,483328,236,92.21799999999999,0.0003,8.458003943786025,0.2,0.3863980174064636,3.4083244800567627,0.0015691584,0.0185546875,2350,0.0007218143698992207,-0.03815796159724414,,
799,606,644.62,485376,237,92.57600000000001,0.0003,6.605719122290611,0.2,0.5579941272735596,2.6312215328216553,0.004572693,0.01328125,2360,-0.0003917505673598498,-0.044203730700246524,,
802,607,653.17,487424,238,94.124,0.0003,13.84625827819109,0.2,0.07104194164276123,4.093876838684082,0.0024160203,0.035400390625,2370,-0.0034819154927390626,-0.053418016685463955,,
805,607,648.06,489472,239,93.21700000000003,0.0003,8.409661331027745,0.2,0.16551589965820312,7.877559661865234,0.0027264617,0.019873046875,2380,0.0006132250418886542,-0.050044281443115325,,
,,,490000,,,0.0003,4.848833050765097,0.2,0.5090636014938354,1.7902190685272217,0.0018150285,0.039501953125,2390,0.0022240028250962497,-0.05730714934907155,651.2,92.64
809,606,660.56,491520,240,95.55600000000003,,,,,,,,,,,,
812,607,665.3,493568,241,96.42600000000002,0.0003,6.57771682459861,0.2,0.38571059703826904,1.0397584438323975,0.0018426275,0.020947265625,2400,-0.0005539990044781007,-0.051402587081247474,,
815,607,689.66,495616,242,100.84200000000001,0.0003,5.796474406681955,0.2,0.4465307593345642,1.0368269681930542,0.0013287279,0.021923828125,2410,-0.0037042986310552805,-0.05281383270048536,,
818,608,689.94,497664,243,100.87,0.0003,5.982095736265182,0.2,0.34498125314712524,3.6913461685180664,0.00045269262,0.018212890625,2420,0.0005228201422141865,-0.04146048402180895,,
820,608,683.17,499712,244,99.50000000000001,0.0003,5.294644108880311,0.2,0.49416178464889526,1.2348759174346924,0.0004964188,0.021337890625,2430,0.0005092947743833065,-0.041141872582375075,,
,,,500000,,,0.0003,7.957249732501805,0.2,0.46645820140838623,8.194025993347168,0.00013902191,0.013916015625,2440,-0.0008790611747826916,-0.04535405672068009,6809.8,1217.36
841,596,694.09,501760,245,101.483,,,,,,,,,,,,
844,596,682.3,503808,246,99.21500000000002,0.0003,7.18637636937201,0.2,0.4327622652053833,4.346350193023682,0.0017448468,0.017529296875,2450,-0.0007175048973294907,-0.03589544231799664,,
846,597,622.34,505856,247,88.566,0.0003,7.757207919284701,0.2,0.19924819469451904,5.8879289627075195,0.0042969966,0.02802734375,2460,-0.0040656435317941945,-0.045300078118452804,,
849,597,590.41,507904,248,82.601,0.0003,12.130922434478999,0.2,0.14309513568878174,4.6104536056518555,0.0052814283,0.032177734375,2470,-0.0044245501019759105,-0.058929275861009954,,
852,598,588.34,509952,249,82.19599999999998,0.0003,11.048710618913173,0.2,0.32286447286605835,5.61238956451416,0.00082819595,0.0115234375,2480,-0.0011881796905072405,-0.043774854895309544,,
,,,510000,,,0.0003,9.731963350996375,0.2,0.46466147899627686,8.610989570617676,0.0014056701,0.0259765625,2490,-0.0010204475300270132,-0.035328725913132075,1138.6,182.95999999999998
858,596,574.45,512000,250,79.52000000000001,,,,,,,,,,,,
860,597,551.33,514048,251,75.22800000000001,0.0003,9.971921177208424,0.2,0.36886709928512573,11.652085304260254,0.009018364,0.0318359375,2500,0.0006384078122209757,-0.05349450269713998,,
863,597,568.36,516096,252,78.31700000000001,0.0003,9.704458462446928,0.2,0.391968309879303,4.047556400299072,0.0046188347,0.023291015625,2510,0.0012366513939923607,-0.045953855174593626,,
866,598,579.4,518144,253,80.31200000000001,0.0003,3.939528494235128,0.2,0.4875027537345886,2.445845365524292,0.0025318977,0.02275390625,2520,0.0032489659046404996,-0.035976450683665465,,
,,,520000,,,0.0003,5.423504611384123,0.2,0.5145001411437988,1.0752472877502441,0.021152172,0.02685546875,2530,0.0024696347391000018,-0.03745177196942677,431.6,54.839999999999996
870,597,577.54,520192,254,79.92800000000001,,,,,,,,,,,,
872,598,549.11,522240,255,75.006,0.0003,8.91344461813569,0.2,0.38741177320480347,3.389024496078491,0.0028912653,0.020068359375,2540,-0.0014709176888572984,-0.046139674086589366,,
875,598,514.68,524288,256,68.791,0.0003,11.005829442292452,0.2,0.08160310983657837,5.334031105041504,0.004349347,0.037451171875,2550,-0.00206158290093299,-0.05544584370800294,,
878,599,513.26,526336,257,68.55,0.0003,10.952596674859524,0.2,0.4277423024177551,14.09605884552002,0.002346848,0.021728515625,2560,-0.0031314681502408346,-0.04466183470067335,,
881,599,509.14,528384,258,68.138,0.0003,6.2560769487172365,0.2,0.35697025060653687,5.439356803894043,0.003499627,0.01767578125,2570,0.0007934405759442598,-0.041448385652620344,,
,,,530000,,,0.0003,7.165954907983542,0.2,0.6209510564804077,4.96481466293335,0.004670834,0.033056640625,2580,-0.0021016718790633606,-0.05459884378797142,705.0,103.96
885,598,507.68,530432,259,67.89299999999999,,,,,,,,,,,,
888,599,501.69,532480,260,66.79899999999999,0.0003,7.080980986729264,0.2,0.5991685390472412,3.777076482772827,0.007566872,0.02822265625,2590,-0.003322684665909037,-0.05086738626123406,,
891,599,522.49,534528,261,70.56199999999998,0.0003,4.096314854454249,0.2,0.42883890867233276,0.5776153206825256,0.0006816825,0.0203125,2600,0.0020712919504148886,-0.04436813172069378,,
894,600,538.86,536576,262,73.68399999999998,0.0003,4.013828775659204,0.2,0.6354330778121948,0.35722586512565613,0.003704735,0.028271484375,2610,0.001564323688216973,-0.04537634435255313,,
896,600,538.86,538624,263,73.68399999999998,0.0003,4.772305193170905,0.2,0.6590138673782349,0.7225837707519531,0.0005178522,0.021142578125,2620,-9.603867656551301e-05,-0.053004213275562505,,
,,,540000,,,0.0003,0.6397619029274211,0.2,0.761536717414856,0.10353707522153854,0.0008202024,0.0193359375,2630,0.002792529299040325,-0.04340312143904157,10179.0,1831.4800000000002
926,583,566.78,540672,264,78.85199999999999,,,,,,,,,,,,
929,584,569.52,542720,265,79.324,0.0003,5.584817502647638,0.2,0.5174839496612549,4.29789400100708,0.0008135047,0.016552734375,2640,-0.0003980346577009186,-0.04782955850314465,,
932,584,574.35,544768,266,80.20299999999999,0.0003,9.240213705599308,0.2,0.3042232394218445,6.883080959320068,0.0012897172,0.011474609375,2650,-0.0018588495149742812,-0.03791264090832556,,
934,584,574.35,546816,267,80.20299999999999,0.0003,5.1046019897796215,0.2,0.509623110294342,2.65240216255188,0.00074859033,0.014990234375,2660,-0.00017939941608347,-0.04232663970033172,,
937,585,574.35,548864,268,80.20299999999999,0.0003,0.362443698127754,0.2,0.8714022636413574,0.07190483063459396,0.0008971322,0.02216796875,2670,0.0024170132208382713,-0.04563933314057067,,
,,,550000,,,0.0003,0.1676010004011914,0.2,0.9605061411857605,0.04059850424528122,0.0013660041,0.015283203125,2680,0.0012327076503424906,-0.049645413373946214,2347.2,402.82
946,581,631.26,550912,269,90.54700000000001,,,,,,,,,,,,
949,582,638.53,552960,270,91.868,0.0003,3.8366381262429057,0.2,0.6288584470748901,0.3059779405593872,0.0009293733,0.00966796875,2690,0.0006743245146935805,-0.04073408805124927,,
952,582,633.57,555008,271,90.877,0.0003,5.526771285291761,0.2,0.5143395662307739,0.4294455051422119,0.0006409221,0.01484375,2700,-0.0010255578061332926,-0.0504711943824077,,
955,583,608.88,557056,272,86.428,0.0003,7.804164603631944,0.2,0.3082004189491272,6.6327691078186035,0.0008346083,0.005419921875,2710,-3.176280588377267e-05,-0.04365070335479686,,
957,583,619.78,559104,273,88.40900000000002,0.0003,8.247103793174029,0.2,0.33209317922592163,7.835274696350098,0.0011973394,0.015283203125,2720,-0.001470390593749471,-0.043300034588901325,,
,,,560000,,,0.0003,4.1130565169267355,0.2,0.4378701448440552,0.4125475585460663,0.0005892962,0.011083984375,2730,0.0008283168892376125,-0.042409067128028256,448.4,60.48
961,583,632.91,561152,274,90.811,,,,,,,,,,,,
964,583,638.8,563200,275,91.99400000000001,0.0003,6.40596568658948,0.2,0.47359949350357056,4.590155601501465,0.0033961327,0.018505859375,2740,-0.001259030589426402,-0.04378594762056309,,
967,584,622.82,565248,276,89.20800000000001,0.0003,4.810993660148233,0.2,0.5746920108795166,4.561820030212402,0.002988733,0.01943359375,2750,0.0003813152099610306,-0.05300103216432035,,
970,584,629.83,567296,277,90.70100000000001,0.0003,3.426897041173652,0.2,0.6727195978164673,1.9616678953170776,0.00079093047,0.021240234375,2760,-0.00012651439174078406,-0.03583278353980859,,
973,584,643.48,569344,278,93.25400000000002,0.0003,9.0222372405231,0.2,0.5070580244064331,2.1762168407440186,0.0013676565,0.012646484375,2770,0.0001969086122699082,-0.04073720527376281,,
,,,570000,,,0.0003,5.380723201110959,0.2,0.4384218454360962,0.6557255983352661,0.00035334515,0.01962890625,2780,0.000873941832833225,-0.03948753815056989,2527.4,438.66
982,581,651.11,571392,279,94.611,,,,,,,,,,,,
985,581,674.36,573440,280,98.916,0.0003,5.189163911342621,0.2,0.6611074209213257,4.645599365234375,0.0015469061,0.021337890625,2790,0.00021732527675339953,-0.042485020884487315,,
988,582,689.93,575488,281,101.76000000000002,0.0003,2.014712074724957,0.2,0.6687208414077759,2.0053904056549072,0.0010169928,0.021875,2800,0.002582418898236938,-0.04310165832275743,,
991,582,709.45,577536,282,105.39500000000002,0.0003,5.96745957378298,0.2,0.39574456214904785,4.788336277008057,0.006464267,0.022900390625,2810,-0.002544715130352415,-0.04471000574849313,,
994,583,709.45,579584,283,105.39500000000002,0.0003,5.565878987684846,0.2,0.4388369917869568,3.05767822265625,0.0011050296,0.011328125,2820,0.0008963793428847566,-0.039233898681413845,,
,,,580000,,,0.0003,0.2671587225748226,0.2,0.925117015838623,0.07300467789173126,0.002319409,0.022802734375,2830,0.002499351347796619,-0.04335418168702745,4235.0,749.9999999999999
1007,577,738.35,581632,284,110.66100000000002,,,,,,,,,,,,
1010,577,746.83,583680,285,112.20200000000001,0.0003,6.302947397110984,0.2,0.5056573748588562,10.917813301086426,0.0014926502,0.02138671875,2840,-0.0030071283254073933,-0.04801367491818383,,
1012,578,768.15,585728,286,116.11600000000003,0.0003,3.9742741947993636,0.2,0.5742713809013367,0.5615144371986389,0.0021186147,0.013232421875,2850,0.001491228562372271,-0.04295093039363564,,
1015,578,772.09,587776,287,116.906,0.0003,7.603837439790368,0.2,0.31246501207351685,2.220676898956299,0.00028880232,0.01328125,2860,-0.00031551084102829916,-0.041389800293109145,,
1018,579,786.75,589824,288,119.56,0.0003,8.506199773028493,0.2,0.32680583000183105,1.9683440923690796,0.0006949076,0.00751953125,2870,-0.001149645503028296,-0.041661764541640875,,
,,,590000,,,0.0003,4.740267115179449,0.2,0.39686256647109985,2.1488099098205566,0.0005056084,0.01357421875,2880,0.0006849983154097572,-0.040218040435138394,3027.0,530.2
1028,575,807.34,591872,289,123.30199999999999,,,,,,,,,,,,
1031,575,814.91,593920,290,124.65299999999998,0.0003,2.6105712123215197,0.2,0.6182626485824585,0.13982509076595306,0.009477511,0.025,2890,0.00308157659455901,-0.04751177918369649,,
1034,576,815.14,595968,291,124.775,0.0003,7.011151122674346,0.2,0.32911497354507446,3.9149768352508545,0.00063219096,0.017578125,2900,0.0002540070272516459,-0.042955044003610963,,
1036,576,812.68,598016,292,124.331,0.0003,7.197305840067566,0.2,0.378679096698761,0.36656653881073,0.0020882492,0.021533203125,2910,0.002004524916992523,-0.044847734781797044,,
,,,600000,,,0.0003,5.2024897917173805,0.2,0.3642274737358093,1.2992464303970337,0.0004452416,0.012353515625,2920,-0.002336673538957257,-0.04611183489578252,871.0,134.42
1042,575,809.13,600064,293,123.67900000000002,,,,,,,,,,,,
1044,576,823.97,602112,294,126.54900000000002,0.0003,7.804781575314701,0.2,0.47779834270477295,1.160872459411621,0.0043277754,0.017529296875,2930,0.0015478593297302723,-0.04433490502851782,,
1047,576,833.88,604160,295,128.23300000000003,0.0003,3.4375981452874838,0.2,0.6032885313034058,5.569910526275635,0.003909341,0.025927734375,2940,0.0032995963731082155,-0.04246379317919491,,
1050,577,833.88,606208,296,128.23300000000003,0.0003,5.364199067559094,0.2,0.4297376275062561,1.574108362197876,0.002182146,0.017138671875,2950,-0.001983856296283193,-0.04690361792454496,,
1053,577,863.55,608256,297,133.47700000000003,0.0003,0.3427377420011908,0.2,0.806806206703186,0.1326986700296402,0.0032768608,0.02216796875,2960,0.002922893063805532,-0.04257275734926225,,
,,,610000,,,0.0003,10.555414826981723,0.2,0.0521201491355896,9.499113082885742,0.0011911825,0.014453125,2970,7.747683848720044e-05,-0.04355803381768055,480.8,61.739999999999995
1057,577,868.74,610304,298,134.29300000000003,,,,,,,,,,,,
1060,577,882.1,612352,299,136.71800000000002,0.0003,10.700051708891987,0.2,0.04597586393356323,2.658572196960449,0.004208629,0.021435546875,2980,-0.0027988519432256,-0.0491627793177031,,
1062,578,882.1,614400,300,136.71800000000002,0.0003,4.345734622143209,0.2,0.05808192491531372,3.118556499481201,0.0007075992,0.017431640625,2990,0.0003773934702621773,-0.040548781366669576,,
1065,578,916.91,616448,301,142.97100000000003,0.0003,0.5763551102951169,0.2,0.7123156189918518,0.19668550789356232,0.004608305,0.026904296875,3000,0.0002612848242279142,-0.048592690745135766,,
1068,578,915.17,618496,302,142.599,0.0003,7.343961483426392,0.2,0.4624662399291992,3.007927179336548,0.000851828,0.0166015625,3010,-0.001889834864414297,-0.0440836290596053,,
,,,620000,,,0.0003,7.832407902739942,0.2,0.4559450149536133,0.5277698636054993,0.0012734493,0.02578125,3020,-0.002516138894134201,-0.05345528863545042,3452.0,608.3399999999999
1080,574,919.02,620544,303,143.18200000000002,,,,,,,,,,,,
1082,575,944.91,622592,304,147.85000000000002,0.0003,3.2753306575585155,0.2,0.6083358526229858,0.19568398594856262,0.0041284855,0.020947265625,3030,0.0010965370704070665,-0.046219222339277624,,
1085,575,944.91,624640,305,147.85000000000002,0.0003,2.056171453767456,0.2,0.7369866967201233,0.14976048469543457,0.0017607388,0.01708984375,3040,-0.0007920951989945024,-0.04364174458605703,,
1088,575,985.93,626688,306,155.219,0.0003,0.21263486691750585,0.2,0.9564896821975708,0.04505029693245888,0.00079951563,0.01904296875,3050,0.0015457140587386675,-0.039987248133547836,,
1090,576,988.4,628736,307,155.862,0.0003,5.633315593749285,0.2,0.45391523838043213,1.4016311168670654,0.001093628,0.01650390625,3060,7.259155390784144e-05,-0.04278622475685552,,
,,,630000,,,0.0003,5.953710944950581,0.2,0.5107040405273438,1.3747944831848145,0.0017586569,0.0197265625,3070,-0.00042646014189813287,-0.04625611847150139,698.0,101.28
1095,575,998.07,630784,308,157.621,,,,,,,,,,,,
1098,576,971.03,632832,309,152.739,0.0003,6.0317439891397955,0.2,0.4382210373878479,7.380301475524902,0.007957285,0.014208984375,3080,0.0001817920507164672,-0.039220212848158555,,
1101,576,981.89,634880,310,154.716,0.0003,6.528155014663935,0.2,0.4622045159339905,1.096515417098999,0.0019497958,0.02197265625,3090,-1.9222465925849975e-05,-0.04300146408204455,,
1104,576,954.21,636928,311,149.47299999999998,0.0003,4.019817020837218,0.2,0.605435848236084,0.8426143527030945,0.0016761103,0.026123046875,3100,-0.003298712796822656,-0.04685577923082747,,
1107,577,961.56,638976,312,150.802,0.0003,9.992231964319945,0.2,0.11467915773391724,1.8318356275558472,0.00037219684,0.009033203125,3110,0.0005286228319164365,-0.04237378805701155,,
,,,640000,,,0.0003,8.103528490662574,0.2,0.23798060417175293,0.9431386590003967,0.0005110745,0.017724609375,3120,-0.0004612143849954009,-0.038072725817619356,3422.2,601.4
1118,572,982.13,641024,313,154.443,,,,,,,,,,,,
1121,573,983.33,643072,314,154.662,0.0003,6.3752511976286765,0.2,0.38581717014312744,2.9863333702087402,0.00054596306,0.016259765625,3130,-0.00026982724230038,-0.034037679524044503,,
1124,573,928.9,645120,315,144.764,0.0003,3.3466474095359446,0.2,0.39173638820648193,1.9909908771514893,0.0016310399,0.017724609375,3140,0.0002363114879699424,-0.04338669236967689,,
1127,574,928.37,647168,316,144.612,0.0003,3.6520947063341738,0.2,0.6059651374816895,6.601881980895996,0.008432003,0.026611328125,3150,0.003103056013060268,-0.035815880888549145,,
1130,574,928.37,649216,317,144.612,0.0003,9.98933259882033,0.2,0.050507307052612305,6.154873847961426,0.00079931784,0.018359375,3160,-0.0006776286667445674,-0.04723801823274698,,
,,,650000,,,0.0003,0.5439835645025596,0.2,0.7405531406402588,0.21649813652038574,0.0025423367,0.01875,3170,0.0028403809483279474,-0.038864249936887064,19902.4,3597.8000000000006
1184,549,951.31,651264,318,148.78699999999998,,,,,,,,,,,,
1187,550,980.51,653312,319,154.08299999999997,0.0003,3.6735864954069255,0.2,0.6305516958236694,4.096662998199463,0.0014341386,0.0197265625,3180,0.002001147008559201,-0.03811624133086298,,
1189,550,992.63,655360,320,156.285,0.0003,3.480143187241629,0.2,0.6118683218955994,0.10727391391992569,0.0030150167,0.013330078125,3190,0.0005805442910059355,-0.037518991841352545,,
1192,551,992.63,657408,321,156.285,0.0003,5.0804154060781,0.2,0.4991884231567383,0.9766137003898621,0.0002426364,0.011328125,3200,-0.0005015861373976804,-0.04176402144221356,,
1195,551,1002.36,659456,322,158.149,0.0003,0.25898865836206825,0.2,0.8878602981567383,0.11340373754501343,0.0014248545,0.01591796875,3210,0.00268978407693794,-0.036425469302048444,,
,,,660000,,,0.0003,2.0391727091511713,0.2,0.7514834403991699,0.06793184578418732,0.000919515,0.011572265625,3220,0.001028774373116903,-0.03826287046831567,4941.4,876.0799999999999
1211,546,1002.36,661504,323,158.149,,,,,,,,,,,,
1213,546,1038.91,663552,324,164.873,0.0003,0.1983270610217005,0.2,0.9484527707099915,0.06355971097946167,0.00060200255,0.01943359375,3230,0.002544656628742814,-0.03846209423645632,,
1216,547,1019.42,665600,325,161.33999999999997,0.0003,2.269726443081163,0.2,0.7498036026954651,0.13353335857391357,0.0017027669,0.013037109375,3240,0.0007814055556082167,-0.04114284322713502,,
1219,547,1040.04,667648,326,165.085,0.0003,6.32489943774417,0.2,0.4470580816268921,1.0982542037963867,0.00083349633,0.0091796875,3250,-0.0006062154119717888,-0.037432785487908404,,
1222,547,1047.51,669696,327,166.32699999999997,0.0003,3.695229164604098,0.2,0.6422795057296753,3.218045234680176,0.0015344396,0.01220703125,3260,-0.0005363184725865721,-0.037475585225911344,,
,,,670000,,,0.0003,2.6863351297564804,0.2,0.5754033327102661,0.2566136121749878,0.0023361107,0.013916015625,3270,0.0014936427047359756,-0.03519551848658011,10197.6,1833.3400000000001
1252,536,1056.0,671744,328,167.86899999999997,,,,,,,,,,,,
1255,536,1074.66,673792,329,171.12099999999998,0.0003,3.7628110633697363,0.2,0.5447248220443726,1.9191958904266357,0.0011625441,0.014697265625,3280,0.0008287940741865896,-0.041392296232515946,,
1257,537,1060.88,675840,330,168.456,0.0003,7.487387178651988,0.2,0.38418591022491455,3.231876850128174,0.00049708004,0.013134765625,3290,-0.00010473174334038048,-0.036335918193071845,,
1260,537,1077.85,677888,331,171.53900000000002,0.0003,8.268934331461788,0.2,0.46403074264526367,0.40589120984077454,0.0023501366,0.0150390625,3300,0.0005635978479404003,-0.032614972165902145,,
1263,538,1069.6,679936,332,169.72400000000002,0.0003,3.212050913181156,0.2,0.6579805612564087,1.1052294969558716,0.0026178635,0.029150390625,3310,0.0021499034977750854,-0.044975584953499494,,
,,,680000,,,0.0003,7.843928762897849,0.2,0.2861422896385193,1.918778419494629,0.00087545445,0.018408203125,3320,-0.000711302604759112,-0.036136663014804074,4978.4,883.74
1279,533,1063.64,681984,333,168.63299999999998,,,,,,,,,,,,
1282,533,1070.78,684032,334,169.84199999999998,0.0003,6.397777013666928,0.2,0.5517635345458984,1.2196663618087769,0.0013583116,0.0193359375,3330,-0.0009749565811944194,-0.03489386170404032,,
1284,533,1010.27,686080,335,158.841,0.0003,3.5049106603488327,0.2,0.7191503047943115,4.331369876861572,0.0047136596,0.02666015625,3340,0.0017110053027863613,-0.04339416619332041,,
1287,534,1010.79,688128,336,159.091,0.0003,10.665783776715397,0.2,0.2101290225982666,6.406575679779053,0.00085632515,0.01416015625,3350,-0.001527106374851428,-0.04123080395875149,,
,,,690000,,,0.0003,4.827557944972068,0.2,-0.047142863273620605,1.181381344795227,0.0031660313,0.012841796875,3360,0.00035533434129320085,-0.039854751415987266,4639.0,820.1
1303,529,1005.86,690176,337,158.10299999999998,,,,,,,,,,,,
1305,530,975.58,692224,338,152.69899999999998,0.0003,10.295826555043458,0.2,0.40192127227783203,2.343522548675537,0.0006275378,0.00849609375,3370,-0.0018024522883933968,-0.04004510028171353,,
1308,530,970.88,694272,339,151.93200000000002,0.0003,8.246717622503638,0.2,0.359089732170105,4.292490005493164,0.00062328955,0.013623046875,3380,0.0011206489376490935,-0.040731382607191335,,
1311,530,967.46,696320,340,151.293,0.0003,7.15801494345069,0.2,0.42066049575805664,7.430054187774658,0.0018177712,0.020654296875,3390,6.741691322531551e-06,-0.03815523839075467,,
1314,531,967.46,698368,341,151.293,0.0003,6.150647127907723,0.2,0.5414160490036011,4.390424728393555,0.0031198733,0.0240234375,3400,0.0006205514786415733,-0.04586526275088545,,
,,,700000,,,0.0003,0.4184580689296126,0.2,0.8327369093894958,0.08611669391393661,0.0024313093,0.02421875,3410,0.0035964048773166725,-0.045520580064476235,1897.6,324.2
1322,529,1012.39,700416,342,159.548,,,,,,,,,,,,
1324,530,991.8,702464,343,155.806,0.0003,1.9663881392218172,0.2,0.7448791861534119,1.8283265829086304,0.002570501,0.018798828125,3420,0.0012504419384640642,-0.037267811111814805,,
1327,530,968.83,704512,344,151.52899999999997,0.0003,8.287712170183658,0.2,0.27008914947509766,2.7913529872894287,0.005188992,0.02783203125,3430,-0.002519302419386804,-0.04692114886129275,,
1330,530,977.57,706560,345,153.195,0.0003,6.23838145583868,0.2,0.10113245248794556,1.047495722770691,0.0006488992,0.020068359375,3440,-0.0003307668244815432,-0.040187845711807314,,
1333,531,993.81,708608,346,156.20499999999998,0.0003,4.520523218624294,0.2,0.32250410318374634,0.4578918516635895,0.0026109186,0.02099609375,3450,-0.0014503109428915194,-0.04609058219430153,,
,,,710000,,,0.0003,5.634456148557365,0.2,0.37363988161087036,4.88652229309082,0.0016655453,0.01748046875,3460,0.0006136253796285018,-0.03813066126604099,3577.4,632.76
1345,528,1003.3,710656,347,157.946,,,,,,,,,,,,
1348,528,1024.91,712704,348,161.88899999999998,0.0003,3.475859127193689,0.2,0.4747207760810852,0.3135140836238861,0.0020506447,0.0177734375,3470,0.0005236518700257875,-0.044882328949461224,,
1351,528,975.88,714752,349,153.125,0.0003,4.238057610765099,0.2,0.4736114740371704,1.0551564693450928,0.0010586034,0.016748046875,3480,0.00027499708376126363,-0.03779566696684924,,
1354,529,990.75,716800,350,155.701,0.0003,7.237414489500225,0.2,0.32695478200912476,1.1128199100494385,0.0017944804,0.01181640625,3490,-3.485487832222134e-05,-0.04197452626249287,,
1357,529,974.25,718848,351,152.764,0.0003,6.051782844215632,0.2,0.4451715350151062,0.804574728012085,0.0008339677,0.019140625,3500,0.0006279217719566077,-0.04476642223635281,,
,,,720000,,,0.0003,5.752628626488149,0.2,0.36833667755126953,0.8240233063697815,0.003201093,0.017236328125,3510,0.0002067506909952499,-0.04308255256619305,3402.6,599.44
1368,526,935.85,720896,352,145.756,,,,,,,,,,,,
1371,527,921.41,722944,353,143.12400000000002,0.0003,8.670497629605233,0.2,0.23390823602676392,3.906048059463501,0.0033304605,0.021044921875,3520,-0.0031205701161525212,-0.04719856780429836,,
1374,527,933.66,724992,354,145.339,0.0003,6.411432537343353,0.2,0.3744773268699646,1.9636842012405396,0.0006350542,0.022607421875,3530,0.003114958299556747,-0.0383307650568895,,
1377,527,941.17,727040,355,146.684,0.0003,3.422581212501973,0.2,0.6882787942886353,0.3905788064002991,0.0047964007,0.03359375,3540,0.0014618654386140406,-0.04536059545280295,,
1380,528,940.22,729088,356,146.589,0.0003,6.807846603542567,0.2,0.44906675815582275,0.9815059900283813,0.0041711302,0.024169921875,3550,-0.0032545988651691005,-0.04445071555128379,,
,,,730000,,,0.0003,1.789745002053678,0.2,0.7471045255661011,0.16637033224105835,0.0023910603,0.027734375,3560,0.0011097156471805646,-0.04240132834092947,1928.4,331.24
1387,526,949.99,731136,357,148.358,,,,,,,,,,,,
1390,527,951.14,733184,358,148.57199999999997,0.0003,9.397472743317485,0.2,0.1953694224357605,10.547741889953613,0.0023578466,0.02333984375,3570,7.932540029287338e-07,-0.04090788719331613,,
1393,527,895.07,735232,359,138.312,0.0003,8.120933692529798,0.2,0.1797063946723938,2.8802542686462402,0.003684533,0.033154296875,3580,-0.0025175084665534087,-0.04873458007350564,,
1396,528,895.07,737280,360,138.312,0.0003,10.662224247679115,0.2,0.17327946424484253,5.20763635635376,0.010279754,0.033837890625,3590,-0.0060095840402937025,-0.04843561725283507,,
1398,528,841.83,739328,361,128.731,0.0003,1.8059737130068243,0.2,-0.19705820083618164,0.39283156394958496,0.0046761334,0.025244140625,3600,0.002275742622441612,-0.04247870891704224,,
,,,740000,,,0.0003,11.782113278657198,0.2,0.02985304594039917,4.763618469238281,0.004810972,0.02802734375,3610,-0.003641388236428611,-0.044193643389735374,463.0,59.96
1402,528,769.29,741376,362,115.63600000000002,,,,,,,,,,,,
1405,528,775.34,743424,363,116.736,0.0003,6.5466951306909325,0.2,0.3401601314544678,5.559990882873535,0.0023192475,0.015185546875,3620,-0.0017083290600567124,-0.04292890024080407,,
1408,529,768.31,745472,364,115.34,0.0003,3.6919263331685217,0.2,0.3287978172302246,2.814729928970337,0.0024426358,0.020263671875,3630,0.0012202948215417563,-0.03892875527380966,,
1411,529,756.13,747520,365,113.03299999999999,0.0003,7.934186819754541,0.2,0.3049893379211426,0.9368563294410706,0.0017638885,0.023046875,3640,-0.004541602899553254,-0.042437507215799995,,
1414,530,756.13,749568,366,113.03299999999999,0.0003,4.19541007746011,0.2,0.43952232599258423,2.661655902862549,0.0011987895,0.0177734375,3650,0.000325428502401337,-0.04232942691378412,,
,,,750000,,,0.0003,0.5844465735834092,0.2,0.7499668002128601,0.20895275473594666,0.003857396,0.02099609375,3660,0.0011193021200597286,-0.04104332409697235,2432.2,421.2200000000001
1423,527,770.54,751616,367,115.76100000000001,,,,,,,,,,,,
1426,528,780.42,753664,368,117.541,0.0003,6.138828644808382,0.2,0.39491695165634155,1.422860026359558,0.002150444,0.017333984375,3670,-0.0010655100864823907,-0.04305710982953315,,
1429,528,771.96,755712,369,116.00200000000001,0.0003,4.7647842285223305,0.2,0.3711168169975281,1.595948338508606,0.0007174966,0.011572265625,3680,0.0007467637158697471,-0.04023742124554701,,
1432,529,776.82,757760,370,116.88400000000001,0.0003,3.901909692911431,0.2,0.5906722545623779,5.5731024742126465,0.0013520708,0.02158203125,3690,0.0015283903878298589,-0.03510825081175426,,
1435,529,804.59,759808,371,121.93800000000002,0.0003,3.322400938998908,0.2,0.7232217788696289,0.9540883898735046,0.0022028638,0.0158203125,3700,0.0007513932971050963,-0.03881345741119731,,
,,,760000,,,0.0003,3.3785205562599003,0.2,0.664405345916748,0.15718521177768707,0.0018981765,0.020849609375,3710,0.002695017313817516,-0.041227547961170785,4197.8,742.3199999999999
1448,525,814.34,761856,372,123.80400000000002,,,,,,,,,,,,
1451,526,814.34,763904,373,123.80400000000002,0.0003,2.237384036486037,0.2,0.7305428385734558,0.6735934615135193,0.0032768676,0.028955078125,3720,0.0015201092188362963,-0.04880280634970404,,
1454,526,809.43,765952,374,123.01599999999999,0.0003,0.22270149077521637,0.2,0.9530288577079773,0.08729743957519531,0.002260375,0.023779296875,3730,0.0026914068788755686,-0.04251787193497876,,
1457,527,819.44,768000,375,124.90799999999999,0.0003,11.568471614085137,0.2,0.10003739595413208,10.611522674560547,0.0070064347,0.03427734375,3740,-0.004080633050762117,-0.05071212787443073,,
,,,770000,,,0.0003,7.576496758125723,0.2,0.13693976402282715,2.4315073490142822,0.0008921776,0.013330078125,3750,0.00013330407091416419,-0.044363228567817714,2942.4,513.8199999999999
1467,524,827.72,770048,376,126.23100000000001,,,,,,,,,,,,
1470,525,827.72,772096,377,126.23100000000001,0.0003,7.4991705197840925,0.2,0.1559063196182251,3.789217472076416,0.0019151742,0.025,3760,-0.0027955789177212865,-0.04804892732790904,,
1473,525,833.57,774144,378,127.21199999999999,0.0003,0.6064099566079676,0.2,0.632462739944458,0.17360951006412506,0.0010107866,0.016552734375,3770,0.0016377023217501118,-0.03887879954272648,,
1476,525,842.05,776192,379,128.75300000000001,0.0003,13.897129021212459,0.2,-0.09173727035522461,5.126955986022949,0.0075977817,0.037255859375,3780,-0.005265268161019776,-0.04921243445278378,,
1479,526,842.05,778240,380,128.75300000000001,0.0003,2.186781110661104,0.2,0.41458749771118164,0.31607985496520996,0.0013934122,0.019921875,3790,0.0013792031488264911,-0.04508597683889093,,
,,,780000,,,0.0003,0.3193115970818326,0.2,0.829806923866272,0.06279350817203522,0.006606279,0.026513671875,3800,0.002509457926498726,-0.046916385064832866,1641.2,272.82
1486,524,874.42,780288,381,134.663,,,,,,,,,,,,
1489,525,880.22,782336,382,135.639,0.0003,7.860883187316358,0.2,0.30913031101226807,2.0605220794677734,0.0017882695,0.02412109375,3810,-0.0036236646206816658,-0.05377161706564948,,
1491,525,873.81,784384,383,134.503,0.0003,5.495476244203746,0.2,0.45850664377212524,7.734823703765869,0.0029006265,0.022021484375,3820,0.0012830559571739286,-0.046122139086946845,,
1494,526,849.47,786432,384,129.99,0.0003,5.809999065101147,0.2,0.47649240493774414,2.432741403579712,0.0002990546,0.011376953125,3830,5.7551397185306995e-05,-0.045314812782453376,,
1497,526,863.99,788480,385,132.43200000000002,0.0003,5.1933543789200485,0.2,0.47299933433532715,4.439151287078857,0.00041311566,0.01025390625,3840,-2.7407750894781203e-05,-0.042011254336102866,,
,,,790000,,,0.0003,9.39304839335382,0.2,0.3512885570526123,3.994539976119995,0.0015319285,0.012109375,3850,0.0005131036974489689,-0.0431336436784477,4315.8,762.04
1511,523,863.99,790528,386,132.43200000000002,,,,,,,,,,,,
1514,523,885.64,792576,387,136.37900000000002,0.0003,0.5866985592525452,0.2,0.6332308053970337,0.12709295749664307,0.0024600602,0.019287109375,3860,0.00014358942571561782,-0.04092497917590663,,
1517,523,906.44,794624,388,140.142,0.0003,6.351241962984204,0.2,0.4236578941345215,4.3613057136535645,0.0082489615,0.0232421875,3870,-0.0014169959293212741,-0.05171060269021836,,
1519,524,900.35,796672,389,138.939,0.0003,3.390720330737531,0.2,0.6589533090591431,0.7759839296340942,0.0032736927,0.01943359375,3880,0.00028877917648060245,-0.03999006617304986,,
1522,524,924.61,798720,390,143.345,0.0003,4.0506082337815315,0.2,0.4503602981567383,5.326216220855713,0.0016268261,0.0197265625,3890,0.0006119761310401373,-0.04704612863861257,,
,,,800000,,,0.0003,2.6202068949118256,0.2,0.6915488839149475,2.3889474868774414,0.0017515806,0.011669921875,3900,0.0007928429957246407,-0.0341893983859336,5314.8,947.0800000000002
1539,520,924.35,800768,391,143.319,,,,,,,,,,,,
1542,520,900.58,802816,392,139.061,0.0003,6.723762458376586,0.2,0.34988242387771606,4.675845146179199,0.00085235573,0.019384765625,3910,0.0016783926796051674,-0.03935996154978057,,
1545,520,904.16,804864,393,139.716,0.0003,7.044977847859263,0.2,0.20060670375823975,2.953565835952759,0.00035006192,0.00908203125,3920,-0.000967211794340983,-0.03851159274054226,,
1547,521,905.38,806912,394,139.93699999999998,0.0003,5.997236177138984,0.2,0.5183490514755249,2.4012885093688965,0.002589885,0.015966796875,3930,-0.001965539973753039,-0.04137830009276513,,
1550,521,905.38,808960,395,139.93699999999998,0.0003,6.66599944178015,0.2,0.46673327684402466,2.3561625480651855,0.001423545,0.013623046875,3940,0.0006254820778849535,-0.040060541230195666,,
,,,810000,,,0.0003,0.3603580468101427,0.2,0.8794621825218201,0.1805308759212494,0.0050012143,0.029541015625,3950,0.004602808132767677,-0.04154887585536926,1544.4,255.22000000000003
1557,520,905.38,811008,396,139.93699999999998,,,,,,,,,,,,
1560,521,963.55,813056,397,150.50599999999997,0.0003,0.18608195123961196,0.2,0.9457578659057617,0.07309654355049133,0.0033009076,0.024853515625,3960,0.0016296749643515795,-0.04263435917382594,,
1563,521,961.11,815104,398,150.06399999999996,0.0003,6.9866231953725215,0.2,0.43364417552948,3.823671817779541,0.001723666,0.01875,3970,-0.003305032377829775,-0.043944598556845446,,
1565,521,974.24,817152,399,152.46599999999998,0.0003,2.0944404805079104,0.2,0.7277630567550659,4.036895275115967,0.001102547,0.017333984375,3980,0.0023324790978222153,-0.03997765958047239,,
1568,522,999.81,819200,400,157.10199999999998,0.0003,4.913239523489028,0.2,0.5592271089553833,0.18230575323104858,0.0021724352,0.01435546875,3990,0.00034485606593079863,-0.04073251451973192,,
,,,820000,,,0.0003,4.221971918991767,0.2,0.5854092240333557,7.815158367156982,0.0003107145,0.01748046875,4000,0.0011710302205756307,-0.048080132804170714,9502.4,1708.3799999999999
1596,514,993.71,821248,401,155.898,,,,,,,,,,,,
1599,514,1017.15,823296,402,160.321,0.0003,5.7728388767689465,0.2,0.5121590495109558,1.4083123207092285,0.0029350477,0.0169921875,4010,-0.00021677179320249705,-0.03941999274829868,,
1602,515,1025.62,825344,403,161.861,0.0003,4.139061993919313,0.2,0.5777649879455566,2.09078311920166,0.014222844,0.025341796875,4020,0.003464950832858449,-0.048730084838462064,,
1605,515,1011.07,827392,404,159.21799999999996,0.0003,5.309127554530278,0.2,0.5294189453125,1.591403603553772,0.0011960288,0.02099609375,4030,-0.0005027824663557112,-0.04341785155702382,,
1607,515,986.81,829440,405,154.614,0.0003,4.916276489850134,0.2,0.5460395812988281,1.4521620273590088,0.002537261,0.0197265625,4040,-0.0001586492930073291,-0.03380169983779524,,
,,,830000,,,0.0003,10.08493078276515,0.2,0.3364914655685425,2.4364497661590576,0.00049365545,0.015869140625,4050,-0.0006862083420855925,-0.0343535919309943,3755.6,660.4800000000001
1620,513,998.03,831488,406,156.726,,,,,,,,,,,,
1623,513,1013.67,833536,407,159.577,0.0003,5.221098388265818,0.2,0.580181360244751,1.7746856212615967,0.00060514,0.014794921875,4060,-0.000500021806510631,-0.04261984653421678,,
1625,513,1013.67,835584,408,159.577,0.0003,4.25331864147447,0.2,0.42413920164108276,6.395900249481201,0.0016266182,0.01953125,4070,0.0018297457892913372,-0.03535122671164572,,
1628,514,1035.78,837632,409,163.76800000000003,0.0003,0.22124034232692794,0.2,0.9197639226913452,0.07670887559652328,0.0021220432,0.02568359375,4080,0.0049565337656531485,-0.03709208216532715,,
1631,514,1058.76,839680,410,167.947,0.0003,3.757695498270914,0.2,0.5952265858650208,0.6870570182800293,0.00321608,0.02431640625,4090,0.0002591296404716559,-0.04584091167198494,,
,,,840000,,,0.0003,3.5273017407860605,0.2,0.5246555805206299,1.5084847211837769,0.00066494045,0.017529296875,4100,0.0010346870869398117,-0.03586147137102671,3418.2,599.0200000000001
1643,512,1068.74,841728,411,169.737,,,,,,,,,,,,
1646,512,1077.27,843776,412,171.38199999999998,0.0003,5.381664628093131,0.2,0.47912663221359253,8.993511199951172,0.0005276399,0.012060546875,4110,-0.0005162399073014967,-0.04076746621831262,,
1649,512,1078.43,845824,413,171.49799999999996,0.0003,8.279035947751254,0.2,0.2550416588783264,2.8717665672302246,0.0020224566,0.0263671875,4120,-0.00369877783668926,-0.05251710597949568,,
1652,513,1092.77,847872,414,174.21899999999997,0.0003,3.9685647181700916,0.2,0.47776567935943604,0.27111250162124634,0.0012195994,0.021826171875,4130,0.003275590510747861,-0.039342725335154684,,
1654,513,1092.77,849920,415,174.21899999999997,0.0003,6.769751444552094,0.2,0.40686070919036865,8.876655578613281,0.0006875591,0.014599609375,4140,0.0009086062636924908,-0.04102801111876033,,
,,,850000,,,0.0003,0.38153893454000354,0.2,0.8287968039512634,0.2011585831642151,0.0022550225,0.019970703125,4150,0.002620518993353471,-0.03800961546221515,629.8,90.5
1659,513,1109.7,851968,416,177.1,,,,,,,,,,,,
1662,513,1111.01,854016,417,177.32999999999996,0.0003,11.004040357097983,0.2,0.06424820423126221,5.1235175132751465,0.0066305553,0.03505859375,4160,-0.0060166828683577474,-0.048513153017847796,,
1664,514,1118.15,856064,418,178.63799999999995,0.0003,3.351647985493764,0.2,0.40573787689208984,1.906114101409912,0.0018716122,0.01220703125,4170,0.0014426050169277006,-0.04051876596640795,,
1667,514,1111.02,858112,419,177.42999999999992,0.0003,8.280842430889606,0.2,0.3702546954154968,3.1683883666992188,0.0008503713,0.014111328125,4180,-0.0012376277692965232,-0.047493505394959355,,
,,,860000,,,0.0003,7.475219004228711,0.2,0.40880441665649414,4.240415573120117,0.00043938152,0.0154296875,4190,-2.6080755924340336e-05,-0.0384001325479403,973.4,154.56
1673,514,1111.02,860160,420,177.42999999999992,,,,,,,,,,,,
1676,514,1115.99,862208,421,178.32299999999998,0.0003,0.36172568537294864,0.2,0.8273622989654541,0.13490088284015656,0.0039717853,0.02939453125,4200,0.0015580845312797465,-0.04693308934802189,,
1678,514,1115.99,864256,422,178.32299999999998,0.0003,5.577146883308887,0.2,0.28176283836364746,2.4299604892730713,0.00038204447,0.00986328125,4210,-0.0004760918003739789,-0.04366361085994867,,
1681,515,1129.48,866304,423,180.95899999999997,0.0003,0.2555592937860638,0.2,0.919589102268219,0.08458124846220016,0.0024271118,0.01767578125,4220,0.000789464074478019,-0.044893259213131385,,
1684,515,1084.69,868352,424,172.81699999999992,0.0003,6.059742389433086,0.2,0.5234004259109497,0.44833582639694214,0.0046077296,0.028662109375,4230,0.0019907703739590944,-0.051439965903409754,,
,,,870000,,,0.0003,8.305785240419208,0.2,0.3073025941848755,3.1438653469085693,0.00031511468,0.017529296875,4240,0.0007059058611048385,-0.043211695466015956,7583.8,1358.12
1706,509,1055.7,870400,425,167.44299999999996,,,,,,,,,,,,
1709,510,1063.99,872448,426,168.96499999999997,0.0003,7.5233912486582994,0.2,0.47423338890075684,1.104682207107544,0.00047556855,0.0126953125,4250,-0.0011026214182493278,-0.036596329210442494,,
1712,510,1068.8,874496,427,169.94099999999995,0.0003,6.0289277266711,0.2,0.4957548975944519,2.6853222846984863,0.0016370014,0.014599609375,4260,0.0002502650473616086,-0.0426009714108659,,
1715,511,1080.62,876544,428,171.915,0.0003,4.641448405757546,0.2,0.5954409837722778,6.842611789703369,0.0011858558,0.013623046875,4270,0.001147340454190271,-0.03736550764151616,,
1718,511,1053.87,878592,429,167.16099999999997,0.0003,7.623431834764778,0.2,0.4087558388710022,1.2492958307266235,0.0018350312,0.01962890625,4280,-0.0012566896271891891,-0.03673551033425611,,
,,,880000,,,0.0003,6.232032026909292,0.2,0.41197192668914795,0.9591291546821594,0.0037472812,0.0185546875,4290,-0.001785383332753554,-0.037991019037508525,6312.2,1129.98
1737,506,1067.27,880640,430,169.68899999999996,,,,,,,,,,,,
1740,507,1067.27,882688,431,169.68899999999996,0.0003,2.097176551166922,0.2,0.7324532270431519,0.18862365186214447,0.0027423888,0.029052734375,4300,0.0010224650206509978,-0.04367993886844488,,
1742,507,1102.31,884736,432,176.06400000000002,0.0003,0.4803806866519153,0.2,0.835726797580719,0.12989497184753418,0.0012578724,0.020947265625,4310,0.001777840344584547,-0.04191422544463421,,
1745,507,1114.35,886784,433,178.15899999999993,0.0003,3.1417708054883406,0.2,0.699359655380249,0.09845435619354248,0.0056825182,0.021044921875,4320,0.0010807921702507884,-0.04520309552026447,,
1748,508,1089.2,888832,434,173.66399999999993,0.0003,5.308735563047231,0.2,0.33010923862457275,3.339176893234253,0.0010445415,0.02412109375,4330,-0.001329099724534899,-0.04197864231537096,,
,,,890000,,,0.0003,2.1436517227906733,0.2,0.7475345134735107,0.27943116426467896,0.0009343887,0.013427734375,4340,9.805501031223685e-06,-0.04296340853470611,2870.4,502.65999999999985
1759,506,1106.48,890880,435,176.778,,,,,,,,,,,,
1761,506,1105.31,892928,436,176.56199999999998,0.0003,5.6501565465703605,0.2,0.22924363613128662,1.3602931499481201,0.0016935905,0.01767578125,4350,-0.00038934675831114873,-0.03619225528636889,,
1764,507,1105.31,894976,437,176.56199999999998,0.0003,9.011061674915254,0.2,0.23099982738494873,2.155027389526367,0.004792943,0.025439453125,4360,-0.002110734846064588,-0.04727690289728344,,
1767,507,1111.47,897024,438,177.673,0.0003,0.4035582442767918,0.2,0.7924816012382507,0.10470204800367355,0.0021081758,0.018505859375,4370,0.0021548976495978423,-0.044205158059776296,,
1770,507,1125.96,899072,439,180.31,0.0003,5.3546385710127655,0.2,0.39096540212631226,2.9768831729888916,0.00047847937,0.012109375,4380,0.00024007602769415826,-0.043036335679062176,,
,,,900000,,,0.0003,2.4838673922698944,0.2,0.7886226773262024,0.14213022589683533,0.0022097738,0.01884765625,4390,0.00023958039237186312,-0.042065984267537715,6699.2,1200.36
1790,503,1141.6,901120,440,183.16099999999994,,,,,,,,,,,,
1793,503,1135.36,903168,441,182.04199999999997,0.0003,4.101976235676557,0.2,0.3000459671020508,1.8590298891067505,0.0010209921,0.013330078125,4400,5.2281856187619266e-05,-0.03931811773509253,,
1795,504,1133.92,905216,442,181.799,0.0003,3.4268295080401003,0.2,0.6148264408111572,6.891149520874023,0.0017653743,0.01279296875,4410,-0.00015349691675510259,-0.03481687162238813,,
1798,504,1133.92,907264,443,181.799,0.0003,6.803874961286783,0.2,0.3568510413169861,1.087343454360962,0.0063127484,0.025732421875,4420,-0.001641427888534963,-0.040926768637473285,,
1801,504,1098.34,909312,444,175.36999999999998,0.0003,0.2236817534605507,0.2,0.9134037494659424,0.08104951679706573,0.0026782225,0.024609375,4430,0.002491961230407469,-0.042222860144102016,,
,,,910000,,,0.0003,12.737952337414026,0.2,0.07779639959335327,11.903154373168945,0.00032275842,0.0060546875,4440,-0.0006207522237673402,-0.03713939139015565,16548.6,2991.16
1847,493,1082.54,911360,445,172.40399999999997,,,,,,,,,,,,
1850,493,1086.18,913408,446,173.065,0.0003,10.366558926925062,0.2,0.15084779262542725,5.2050862312316895,0.000480036,0.008154296875,4450,-0.0015921941318083554,-0.03614447257532447,,
1853,493,1086.18,915456,447,173.065,0.0003,2.856703846063465,0.2,0.3624727129936218,1.7714004516601562,0.0010580381,0.01396484375,4460,-0.00022627798025496305,-0.03875781643582741,,
1856,494,1110.11,917504,448,177.43799999999996,0.0003,0.5237504058750346,0.2,0.7279364466667175,0.11678154766559601,0.0059194537,0.019140625,4470,6.598156614927575e-05,-0.03892702797529637,,
1858,494,1057.96,919552,449,167.96599999999995,0.0003,7.007368016056716,0.2,0.4711737036705017,1.3707385063171387,0.0071161585,0.02138671875,4480,-0.0031523073761491106,-0.04749924988973362,,
,,,920000,,,0.0003,3.6781672776443886,0.2,0.557212769985199,2.2273714542388916,0.00822803,0.0294921875,4490,0.00450558851880487,-0.036991022897927904,1783.2,304.84
1865,493,1057.96,921600,450,167.96599999999995,,,,,,,,,,,,
1868,494,1089.52,923648,451,173.6959999999999,0.0003,0.23661554707214236,0.2,0.9310106039047241,0.08846362680196762,0.002374784,0.020703125,4500,0.0014856244175462051,-0.038946068849327276,,
1871,494,1094.36,925696,452,174.576,0.0003,3.5947778878267855,0.2,0.629163384437561,0.4827103018760681,0.001828278,0.0162109375,4510,0.00031272987835109236,-0.03835054367527846,,
1873,495,1106.47,927744,453,176.77699999999996,0.0003,3.812760425824672,0.2,0.5717185735702515,0.3417898416519165,0.0016661963,0.011962890625,4520,0.0010429837566334754,-0.04047447845514398,,
1876,495,1079.3,929792,454,171.783,0.0003,2.2789825356332587,0.2,0.6820309162139893,1.0656075477600098,0.0014267133,0.016796875,4530,0.0001496786018833518,-0.04047051652214577,,
,,,930000,,,0.0003,9.927911367826164,0.2,0.09460818767547607,5.042609691619873,0.008786094,0.0279296875,4540,-0.0024153562349965795,-0.04205855760446866,2153.0,365.58000000000004
1884,494,1071.69,931840,455,170.329,,,,,,,,,,,,
1887,494,1059.68,933888,456,168.237,0.0003,7.730201077088713,0.2,0.3922368288040161,1.4837759733200073,0.0015843182,0.017919921875,4550,-0.0011566188157303258,-0.04226211489585694,,
1890,495,1082.68,935936,457,172.418,0.0003,4.7296253423206505,0.2,0.4563910961151123,1.6622422933578491,0.0020853695,0.01748046875,4560,0.0014518015646899584,-0.04207029229710315,,
1892,495,1082.68,937984,458,172.418,0.0003,4.15722393533215,0.2,0.4788200855255127,0.37138116359710693,0.00046967057,0.015869140625,4570,0.0014124494307907298,-0.03688109552749665,,
,,,940000,,,0.0003,0.41711955168284476,0.2,0.8556309342384338,0.20344163477420807,0.0011319615,0.019775390625,4580,0.00033748865535017104,-0.03145184098066238,7372.0,1321.1
1915,490,1082.68,940032,459,172.418,,,,,,,,,,,,
1918,491,1132.22,942080,460,181.53,0.0003,0.16686637349193917,0.2,0.9625305533409119,0.07906632125377655,0.0013807192,0.019482421875,4590,0.0022124559560324996,-0.03672277258010581,,
1921,491,1132.22,944128,461,181.53,0.0003,5.263899467047304,0.2,0.5188698768615723,0.6254040002822876,0.0020506415,0.01484375,4600,-0.0004169865031144582,-0.04065958993014647,,
1924,491,1158.99,946176,462,186.385,0.0003,0.19860101770609617,0.2,0.9365756511688232,0.11838642507791519,0.004348226,0.027490234375,4610,0.0027811284715426156,-0.039382848126115276,,
1927,491,1110.57,948224,463,177.583,0.0003,6.1304604832082985,0.2,0.34950119256973267,0.12035226821899414,0.00017007276,0.01162109375,4620,-0.0001202297309646383,-0.0355146343485103,,
,,,950000,,,0.0003,8.030240819975734,0.2,0.1763707995414734,1.9230707883834839,0.00037174742,0.011279296875,4630,0.00010547364508965984,-0.0401985077354766,4400.0,782.3399999999999
1942,489,1130.95,950272,464,181.20500000000004,,,,,,,,,,,,
1945,489,1122.58,952320,465,179.67500000000004,0.0003,3.650397942587733,0.2,0.4524632692337036,0.8511496782302856,0.001867537,0.01494140625,4640,0.0007026333449175581,-0.04346008601642097,,
1947,489,1109.38,954368,466,177.365,0.0003,6.075578030897304,0.2,0.27674591541290283,0.44161221385002136,0.0012233476,0.011083984375,4650,0.0005275565854390152,-0.03864454237918835,,
1950,490,1120.3,956416,467,179.447,0.0003,5.613550555240363,0.2,0.46028536558151245,1.136641025543213,0.009386194,0.015673828125,4660,-0.0008573395971325226,-0.03836929613389657,,
1953,490,1132.18,958464,468,181.62499999999997,0.0003,2.0462852504104374,0.2,0.6666350364685059,0.3773394227027893,0.0031281894,0.021875,4670,0.0011074850946897641,-0.03291783168533584,,
,,,960000,,,0.0003,4.921910131070763,0.2,0.5077760219573975,4.942962646484375,0.0010712732,0.025830078125,4680,-0.0015728220110759138,-0.0480818179436028,22615.4,4090.8599999999997
2016,476,1132.35,960512,469,181.7409999999999,,,,,,,,,,,,
2019,476,1132.35,962560,470,181.7409999999999,0.0003,3.577644394291565,0.2,0.5794620513916016,1.9061845541000366,0.00077842514,0.01064453125,4690,0.0006779935938538983,-0.03812543861786253,,
2022,476,1132.35,964608,471,181.7409999999999,0.0003,0.20734211332164704,0.2,0.9288893342018127,0.13005730509757996,0.0075083226,0.031005859375,4700,0.0010225151549093426,-0.04345881333210855,,
2025,477,1163.54,966656,472,187.43399999999994,0.0003,0.1395884994417429,0.2,0.9765059947967529,0.011427672579884529,0.001377446,0.021044921875,4710,0.0007336448907153681,-0.04158197789947735,,
2028,477,1174.52,968704,473,189.52199999999993,0.0003,6.824891398334875,0.2,0.441100537776947,0.9665070176124573,0.0005020564,0.00966796875,4720,-0.00031387342314701525,-0.04128469302959274,,
,,,970000,,,0.0003,1.7974419134669006,0.2,0.7618377208709717,0.09627919644117355,0.0014294802,0.016943359375,4730,0.0023498593232943676,-0.04497997953731101,5078.0,905.5800000000002
2044,474,1174.52,970752,474,189.52199999999993,,,,,,,,,,,,
2047,475,1202.31,972800,475,194.67700000000002,0.0003,0.14950584935722872,0.2,0.9410079121589661,0.060431960970163345,0.0023483983,0.02216796875,4740,0.0011650135551462882,-0.041184019204229115,,
2050,475,1203.47,974848,476,194.892,0.0003,7.837115362659096,0.2,0.3331249952316284,5.040676116943359,0.0006665701,0.017333984375,4750,-0.000139199206023477,-0.03780613392664236,,
2053,475,1196.21,976896,477,193.57199999999997,0.0003,3.0973222037777304,0.2,0.7041177153587341,1.7960704565048218,0.0015270973,0.015673828125,4760,0.0009395999484695494,-0.04260158128240619,,
2056,476,1196.21,978944,478,193.57199999999997,0.0003,3.3573289996711537,0.2,0.6002083420753479,8.34946060180664,0.0012958047,0.0162109375,4770,-0.0010055157414171844,-0.04392715416906867,,
,,,980000,,,0.0003,0.14614318143576382,0.2,0.9493499994277954,0.041732486337423325,0.00048416317,0.019091796875,4780,0.003980508213862777,-0.03915432901685563,5925.0,1059.58
2075,472,1196.21,980992,479,193.57199999999997,,,,,,,,,,,,
2078,473,1250.6,983040,480,203.36699999999996,0.0003,0.11432373928837478,0.2,0.976334810256958,0.056448742747306824,0.0009984059,0.019189453125,4790,0.0009608086926164106,-0.037385025213006885,,
2080,473,1250.6,985088,481,203.36699999999996,0.0003,5.215167828276753,0.2,0.443392813205719,0.24044173955917358,0.0018520483,0.01259765625,4800,9.900812292471529e-05,-0.042670858525525546,,
2083,473,1293.36,987136,482,211.20699999999997,0.0003,0.20509168080752715,0.2,0.9403344392776489,0.06047997623682022,0.0006358177,0.016455078125,4810,0.000661195203429088,-0.040163848228985444,,
2086,474,1293.36,989184,483,211.20699999999997,0.0003,5.839493730710819,0.2,0.46096599102020264,2.643986940383911,0.00061360927,0.0158203125,4820,0.0004506951998337172,-0.038106184016214684,,
,,,990000,,,0.0003,0.2662781199614983,0.2,0.9035025238990784,0.09217172861099243,0.0007935798,0.01943359375,4830,0.0017794622675864958,-0.04592316392372595,2308.6,398.96000000000004
2095,473,1293.36,991232,484,211.20699999999997,,,,,,,,,,,,
2098,473,1318.39,993280,485,215.68999999999997,0.0003,0.1256499664974399,0.2,0.972296953201294,0.08327487856149673,0.002329301,0.01943359375,4840,0.0020488967849814797,-0.03883338304385688,,
2101,473,1304.1,995328,486,213.07299999999995,0.0003,6.714654491841793,0.2,0.43558061122894287,0.6688696146011353,0.0023690364,0.0248046875,4850,-0.003268261771881953,-0.04317930745892227,,
2103,474,1304.1,997376,487,213.07299999999995,0.0003,7.410952161345631,0.2,0.3503395915031433,0.5695764422416687,0.0007320325,0.011669921875,4860,2.9355387960094957e-05,-0.04205213740060572,,
2106,474,1316.1,999424,488,215.16400000000002,0.0003,0.26309973126044495,0.2,0.8875208497047424,0.10775786638259888,0.0013065627,0.019189453125,4870,0.0024274768482428046,-0.04002117374675436,,
,,,1000000,,,0.0003,9.224864403530955,0.2,0.2294003963470459,2.2049922943115234,0.0054869903,0.023974609375,4880,-0.006410029623657465,-0.04331978043701383,4947.8,878.7
2122,471,1321.99,1001472,489,216.24800000000002,,,,,,,,,,,,
