time/fps,time/time_elapsed,rollout/ep_rew_mean,rollout/ep_len_mean,time/iterations,time/total_timesteps,train/n_updates,train/explained_variance,train/value_loss,train/clip_range,train/policy_gradient_loss,train/approx_kl,train/clip_fraction,train/loss,train/learning_rate,train/entropy_loss,eval/mean_reward,eval/mean_ep_length
1003,2,-4.7631578947368425,53.36842105263158,1,2048,,,,,,,,,,,,
825,4,-4.835064935064934,52.64935064935065,2,4096,10,-0.01761496067047119,7.53385938256979,0.2,-0.0033175832970300688,0.016761845,0.0212890625,1.7296112775802612,0.0003,-0.6825132869184017,,
808,7,-4.842,52.58,3,6144,20,0.7347692847251892,1.0784370721317829,0.2,-0.0005863374361069873,0.009040132,0.003173828125,0.25271716713905334,0.0003,-0.6821570627391338,,
772,10,-4.76,53.4,4,8192,30,0.9886168241500854,0.12915112263290213,0.2,-0.01280054204253247,0.01810795,0.11259765625,0.044622186571359634,0.0003,-0.6844497248530388,,
,,,,,10000,40,0.9924630522727966,0.03821307210018858,0.2,-0.02186740411852952,0.022251975,0.310400390625,-0.011143865063786507,0.0003,-0.6392192058265209,-5.6,45.0
748,13,-4.565,55.35,5,10240,,,,,,,,,,,,
748,16,-4.194,59.06,6,12288,50,0.9939941763877869,0.03315527134982403,0.2,-0.02405091822729446,0.028284613,0.26796875,-0.005160108208656311,0.0003,-0.5634646622464061,,
743,19,-3.591,65.09,7,14336,60,0.9696231484413147,0.21127781537361442,0.2,-0.024946403712965547,0.03748097,0.207373046875,0.10409118235111237,0.0003,-0.4170018881559372,,
740,22,-2.582,75.18,8,16384,70,0.9582092761993408,0.2764454221352935,0.2,-0.015151455294108019,0.009601748,0.108984375,0.08118771761655807,0.0003,-0.31165702948346735,,
736,25,-1.575,85.25,9,18432,80,0.8319389820098877,1.0505787800997495,0.2,-0.009620830058702267,0.004506935,0.067431640625,0.48857560753822327,0.0003,-0.23533390704542398,,
,,,,,20000,90,0.8339698314666748,1.2048244312405587,0.2,-0.009544829779770225,0.0074581886,0.0798828125,0.5040231347084045,0.0003,-0.20568186952732503,8.940000000000001,190.4
707,28,-0.363,97.37,10,20480,,,,,,,,,,,,
703,32,0.8219999999999997,109.22,11,22528,100,0.8343273401260376,1.2726184139028192,0.2,-0.00960580536047928,0.009315198,0.0619140625,0.5785931348800659,0.0003,-0.18160786097869278,,
699,35,2.085,121.85,12,24576,110,0.8917772173881531,0.8535066230222583,0.2,-0.00797174523177091,0.016582105,0.0525390625,0.3290814757347107,0.0003,-0.1769163926364854,,
696,38,3.237000000000001,133.37,13,26624,120,0.9139337539672852,1.0842135046143084,0.2,-0.0054534531373064965,0.004069398,0.027001953125,0.21815109252929688,0.0003,-0.193184615066275,,
695,41,4.437000000000001,145.37,14,28672,130,0.9334905743598938,0.9554826349485666,0.2,-0.00646451270149555,0.0029238916,0.030859375,0.5337461829185486,0.0003,-0.1941833449760452,,
,,,,,30000,140,0.9917680621147156,0.0625220402085688,0.2,-0.0015828599891392515,0.008816556,0.0326171875,0.036173634231090546,0.0003,-0.16486610339488833,-5.6,45.0
682,45,5.485000000000001,155.85,15,30720,,,,,,,,,,,,
679,48,6.24,163.4,16,32768,150,0.9957743287086487,0.03661656299373135,0.2,-0.000904801425349433,0.0014388995,0.025,0.014951459132134914,0.0003,-0.20859015733003616,,
679,51,6.997999999999999,170.98,17,34816,160,0.9974747896194458,0.0253110167599516,0.2,-0.0030338592798216267,0.002447622,0.02939453125,0.002508849836885929,0.0003,-0.21129221604205667,,
678,54,7.303999999999999,174.04,18,36864,170,0.9586712718009949,0.8908355900988681,0.2,-0.0023115936026442798,0.0010387569,0.017626953125,-0.0011190064251422882,0.0003,-0.20556916431523858,,
677,57,7.784,178.84,19,38912,180,0.9157446622848511,1.7300463797757402,0.2,-0.009048242564313113,0.020285647,0.066748046875,0.057673510164022446,0.0003,-0.21876049023121596,,
,,,,,40000,190,0.9983649849891663,0.016227137204259633,0.2,-0.001601410107105039,0.0034105014,0.02490234375,0.0022474764846265316,0.0003,-0.19397701239213347,8.6,187.0
670,61,7.825999999999999,179.26,20,40960,,,,,,,,,,,,
670,64,8.028999999999998,181.29,21,43008,200,0.9988144040107727,0.01308159110340057,0.2,-0.000274082415853627,0.00082187325,0.010693359375,0.011445414274930954,0.0003,-0.19391134241595864,,
669,67,8.171,182.71,22,45056,210,0.99916672706604,0.011927842960722046,0.2,-0.0006600274005904794,0.0003302091,0.004345703125,0.0035695587284862995,0.0003,-0.20852289013564587,,
669,70,8.171,182.71,23,47104,220,0.9991587400436401,0.013870249630417674,0.2,0.0006182790253660642,0.0021900004,0.01572265625,0.0027346955612301826,0.0003,-0.2305115036200732,,
668,73,8.171,182.71,24,49152,230,0.9996000528335571,0.007016627432676614,0.2,-0.0005051558378909249,0.0003636415,0.007666015625,-0.005539844743907452,0.0003,-0.22220634915865958,,
,,,,,50000,240,0.9996330142021179,0.006880274737341097,0.2,3.0087004415690898e-05,0.0005359984,0.00400390625,0.0015859492123126984,0.0003,-0.22272243788465856,2.98,130.8
665,76,8.171,182.71,25,51200,,,,,,,,,,,,
666,79,8.312999999999999,184.13,26,53248,250,0.9996766448020935,0.005814629822270945,0.2,-0.002006071401410736,0.0006768507,0.01025390625,-0.00875794980674982,0.0003,-0.21187677243724465,,
666,82,8.6,187.0,27,55296,260,0.9996832013130188,0.006006347812217427,0.2,-0.0020464302389882503,0.0005113861,0.00654296875,-0.004815362393856049,0.0003,-0.18292299001477658,,
665,86,8.579999999999998,186.8,28,57344,270,0.9997332096099854,0.004851152572155115,0.2,-0.0036536924744723365,0.0068334336,0.0390625,-0.022612906992435455,0.0003,-0.22680519209243358,,
666,89,8.579999999999998,186.8,29,59392,280,0.9977073073387146,0.04568741412549571,0.2,-0.0020356645749416203,0.00081261905,0.010205078125,0.011594745330512524,0.0003,-0.1692140832776204,,
,,,,,60000,290,0.9996567964553833,0.00488288203268894,0.2,-0.0027372984201065264,0.0016624248,0.021240234375,-0.013244087807834148,0.0003,-0.17821804569102823,8.6,187.0
663,92,8.579999999999998,186.8,30,61440,,,,,,,,,,,,
664,95,8.579999999999998,186.8,31,63488,300,0.9997544288635254,0.004214937299184385,0.2,-0.0037374003208242358,0.0009906434,0.01533203125,-0.0056183356791734695,0.0003,-0.16995214624330401,,
662,98,8.579999999999998,186.8,32,65536,310,0.9998210072517395,0.0031786427878614633,0.2,0.0005853554059285671,0.004507401,0.023974609375,0.013119088485836983,0.0003,-0.18666416918858886,,
662,102,8.579999999999998,186.8,33,67584,320,0.999879777431488,0.0024653289305206273,0.2,-0.00013749540084972978,0.0009932872,0.018212890625,0.00430671451613307,0.0003,-0.17963885851204395,,
662,105,8.579999999999998,186.8,34,69632,330,0.999902606010437,0.0021613630200590706,0.2,-0.00018337459478061645,0.00065763097,0.008154296875,0.000609125941991806,0.0003,-0.16706342266406865,,
,,,,,70000,340,0.9999104142189026,0.0020835962120145267,0.2,-0.0003345627221278846,0.0008077634,0.01298828125,-0.01074118260294199,0.0003,-0.172183221206069,8.6,187.0
659,108,8.579999999999998,186.8,35,71680,,,,,,,,,,,,
660,111,8.579999999999998,186.8,36,73728,350,0.9999111294746399,0.0020905687018057508,0.2,0.0002179867122322321,0.0009151872,0.0080078125,0.0032848839182406664,0.0003,-0.1792441600933671,,
663,114,8.6,187.0,37,75776,360,0.9999107718467712,0.002205133280313021,0.2,-0.00044976238132221624,0.0024222275,0.033056640625,0.00735595403239131,0.0003,-0.22011712538078426,,
665,116,8.6,187.0,38,77824,370,0.9999096989631653,0.0021100055509123195,0.2,0.00021844660514034331,0.0009281194,0.014208984375,-0.006175299175083637,0.0003,-0.19177435166202486,,
667,119,8.6,187.0,39,79872,380,0.9999148845672607,0.0020691648539468586,0.2,-0.0009054256457602605,0.0006248265,0.01005859375,-0.0065399836748838425,0.0003,-0.17833823275286703,,
,,,,,80000,390,0.9999182820320129,0.0019350300470250658,0.2,0.00025323861991637385,0.00027418535,0.00849609375,0.00045695481821894646,0.0003,-0.19023136086761952,8.680000000000001,187.8
667,122,8.6,187.0,40,81920,,,,,,,,,,,,
668,125,8.6,187.0,41,83968,400,0.9999151825904846,0.002047608780594601,0.2,-0.00015588852111250162,0.00025995745,0.014501953125,-0.002586051356047392,0.0003,-0.17026277102995663,,
670,128,8.6,187.0,42,86016,410,0.9999166131019592,0.0020034037888763123,0.2,-0.00029671826050616803,0.0012277211,0.015380859375,0.001136168953962624,0.0003,-0.1665984837571159,,
672,131,8.6,187.0,43,88064,420,0.9999184608459473,0.0019465269183456257,0.2,0.00019659461540868505,0.00041935488,0.0068359375,-0.0024546196218580008,0.0003,-0.19012664295732976,,
,,,,,90000,430,0.9999204874038696,0.0019253183449109202,0.2,0.0002867558112484403,0.00077728945,0.00888671875,-4.5564345782622695e-05,0.0003,-0.1785117161925882,8.6,187.0
671,134,8.6,187.0,44,90112,,,,,,,,,,,,
673,136,8.6,187.0,45,92160,440,0.9999186992645264,0.001961630486221111,0.2,-7.474002777598798e-05,0.00062778644,0.0109375,0.001061227172613144,0.0003,-0.18707506833598017,,
675,139,8.6,187.0,46,94208,450,0.9999191164970398,0.001983778732665087,0.2,0.00016405194910475984,0.0014293494,0.01474609375,-0.005187935661524534,0.0003,-0.19556023818440735,,
676,142,8.6,187.0,47,96256,460,0.9999217391014099,0.001859071771013987,0.2,-0.0006882146757561713,0.0011402001,0.013134765625,6.185309030115604e-05,0.0003,-0.16832550277467817,,
678,144,8.6,187.0,48,98304,470,0.9999225735664368,0.001890153688054852,0.2,-9.629518608562648e-05,0.00093868026,0.00859375,-0.0011505780275911093,0.0003,-0.15834370648954063,,
,,,,,100000,480,0.999921441078186,0.0018759795510050025,0.2,-3.053047112189233e-05,0.00082163094,0.012744140625,-0.002506178105250001,0.0003,-0.21057450762018562,8.6,187.0
677,148,8.6,187.0,49,100352,,,,,,,,,,,,
678,150,8.6,187.0,50,102400,490,0.9999222159385681,0.0018253640437251306,0.2,8.715941803529858e-05,0.0013587829,0.0251953125,-0.00385513948276639,0.0003,-0.2020991173107177,,
680,153,8.6,187.0,51,104448,500,0.9999226927757263,0.0018407773678518423,0.2,-0.0006180842843605206,0.0020226114,0.017138671875,-2.4427194148302078e-05,0.0003,-0.17976795781869442,,
681,156,8.6,187.0,52,106496,510,0.9999256134033203,0.001778122924042691,0.2,0.0002938883422757499,0.00044077297,0.00576171875,0.0007555079646408558,0.0003,-0.18426427419763058,,
683,158,8.6,187.0,53,108544,520,0.9999246001243591,0.001864463915808301,0.2,0.0006125419778982178,0.00064592314,0.008935546875,-0.0047956244088709354,0.0003,-0.16828491063788534,,
,,,,,110000,530,0.9999252557754517,0.0017711603911266139,0.2,-7.236598466988652e-05,0.00025149956,0.01328125,-0.0007629035972058773,0.0003,-0.14604565047193319,8.6,187.0
682,162,8.6,187.0,54,110592,,,,,,,,,,,,
683,164,8.6,187.0,55,112640,540,0.9999290108680725,0.0016853108603754664,0.2,0.00010851800034288317,0.0019590817,0.01279296875,0.008934402838349342,0.0003,-0.18089397179428487,,
684,167,8.6,187.0,56,114688,550,0.9999252557754517,0.0017774906049453421,0.2,-0.00029677830170840027,0.0008268216,0.010009765625,0.0032404856756329536,0.0003,-0.1934796877671033,,
685,170,8.6,187.0,57,116736,560,0.9999246597290039,0.0018406431960102053,0.2,-2.224323689006269e-05,0.00045151322,0.00712890625,-0.0030606130603700876,0.0003,-0.15429013858083634,,
686,173,8.6,187.0,58,118784,570,0.9999243021011353,0.0017720527024721378,0.2,0.0002952676062704995,0.0018619667,0.009033203125,-0.003632240230217576,0.0003,-0.19909065975807608,,
,,,,,120000,580,0.999927282333374,0.001736586041715782,0.2,-0.0014273222826886923,0.0014484453,0.01787109375,-0.003835940035060048,0.0003,-0.14679245299194008,8.6,187.0
685,176,8.6,187.0,59,120832,,,,,,,,,,,,
686,178,8.6,187.0,60,122880,590,0.9999285340309143,0.001733492286348337,0.2,-0.0007600485550938174,0.0014924192,0.01376953125,0.0016501713544130325,0.0003,-0.17707677325233817,,
687,181,8.6,187.0,61,124928,600,0.9999281167984009,0.0017222275219864968,0.2,3.6586068745236844e-05,0.00093097694,0.00849609375,0.0011285371147096157,0.0003,-0.1614012585254386,,
688,184,8.6,187.0,62,126976,610,0.9999266862869263,0.0017348067623061069,0.2,-0.0005313788467901758,0.0013867449,0.022216796875,0.0004532678285613656,0.0003,-0.19005874185822905,,
689,186,8.6,187.0,63,129024,620,0.9999287724494934,0.0016897632953714492,0.2,-0.00037179966748226436,0.0013185606,0.020703125,-0.005008589010685682,0.0003,-0.19152405725326388,,
,,,,,130000,630,0.999929666519165,0.00173462461143572,0.2,-0.0001103912974940613,0.0012273614,0.02109375,0.002598120365291834,0.0003,-0.1848501902539283,8.6,187.0
689,190,8.6,187.0,64,131072,,,,,,,,,,,,
690,192,8.6,187.0,65,133120,640,0.9999294281005859,0.0016709523292774975,0.2,0.00024585287756053733,0.0034710665,0.0130859375,0.0032880809158086777,0.0003,-0.20285749370232226,,
691,195,8.6,187.0,66,135168,650,0.9999319314956665,0.001656334506787971,0.2,-1.8106594507116824e-05,0.0022824625,0.029248046875,0.0021610427647829056,0.0003,-0.1984376602806151,,
692,198,8.6,187.0,67,137216,660,0.9999305009841919,0.0016624650444100552,0.2,-3.422712325118482e-06,0.0023719454,0.022705078125,0.0016356315463781357,0.0003,-0.21847412027418614,,
693,200,8.6,187.0,68,139264,670,0.9999310970306396,0.001624542790113992,0.2,-1.8702670058701187e-05,0.0010546036,0.008056640625,-0.0012833599466830492,0.0003,-0.19174587088637055,,
,,,,,140000,680,0.9999324083328247,0.0016351570649021595,0.2,0.0003761252912227064,0.00089793094,0.012890625,0.0015519752632826567,0.0003,-0.1833334298338741,8.6,187.0
693,203,8.6,187.0,69,141312,,,,,,,,,,,,
694,206,8.6,187.0,70,143360,690,0.9999318718910217,0.0016094703708859014,0.2,-0.00018167135276598857,0.0020890415,0.016162109375,-0.003213107120245695,0.0003,-0.2009762020315975,,
694,209,8.581,186.81,71,145408,700,0.9999316930770874,0.0015944187447985314,0.2,0.00035888160637114196,0.0010713509,0.021826171875,-0.004463879391551018,0.0003,-0.21163885174319147,,
695,212,8.581,186.81,72,147456,710,0.9977052807807922,0.045583115931367504,0.2,-0.001367869217938278,0.0003887235,0.008544921875,0.007777892518788576,0.0003,-0.16910698292776943,,
695,214,8.581,186.81,73,149504,720,0.9996923208236694,0.0033672218571155097,0.2,-0.0030145575903588904,0.0018247337,0.02421875,-0.008973202668130398,0.0003,-0.14956296870950608,,
,,,,,150000,730,0.999885618686676,0.002025103051437327,0.2,-0.0021128228632733225,0.0014145534,0.020458984375,-0.00891424622386694,0.0003,-0.15791177412029356,8.6,187.0
694,218,8.581,186.81,74,151552,,,,,,,,,,,,
695,220,8.581,186.81,75,153600,740,0.9999129176139832,0.001657744266503869,0.2,0.0002872449331334792,0.0020437152,0.035791015625,-0.0006071901880204678,0.0003,-0.224358180584386,,
696,223,8.581,186.81,76,155648,750,0.9999315142631531,0.0015327713172609946,0.2,-0.0005311874541803263,0.0026798055,0.02451171875,-0.005005378741770983,0.0003,-0.18878705110400915,,
697,226,8.581,186.81,77,157696,760,0.9999383091926575,0.0014068459347527096,0.2,-0.000489518020185642,0.0012258198,0.013671875,-0.005593420006334782,0.0003,-0.15898319566622376,,
698,228,8.578,186.78,78,159744,770,0.9999356865882874,0.0014788051420509874,0.2,0.0002807173106702976,0.0011216186,0.01552734375,-0.009881418198347092,0.0003,-0.1720395514043048,,
,,,,,160000,780,0.9998764395713806,0.0027415066135290543,0.2,-0.00015798977692611517,0.0006934931,0.017041015625,0.0036900516133755445,0.0003,-0.17098893548827618,8.6,187.0
697,231,8.578,186.78,79,161792,,,,,,,,,,,,
698,234,8.596999999999998,186.97,80,163840,790,0.9999305605888367,0.0015514153801632347,0.2,-0.0002701843244722113,0.001915504,0.02099609375,-0.004680421203374863,0.0003,-0.16597387930378318,,
699,237,8.596999999999998,186.97,81,165888,800,0.999939501285553,0.001417590844857841,0.2,0.0002754178465693258,0.0010417227,0.009765625,0.001631633611395955,0.0003,-0.17995761898346246,,
700,239,8.596999999999998,186.97,82,167936,810,0.9999397993087769,0.0014506369155697029,0.2,0.00027146340871695427,0.0033644987,0.0337890625,-0.003135600360110402,0.0003,-0.18010499174706637,,
700,242,8.596999999999998,186.97,83,169984,820,0.999940037727356,0.0014266514684550201,0.2,0.000718892237637192,0.00073937135,0.009521484375,0.005570901092141867,0.0003,-0.16230658860877156,,
,,,,,170000,830,0.9999415278434753,0.0013974631235214475,0.2,0.0004650698174373247,0.0019752956,0.051416015625,0.00013595979544334114,0.0003,-0.21687578023411333,8.6,187.0
699,245,8.594,186.94,84,172032,,,,,,,,,,,,
700,248,8.594,186.94,85,174080,840,0.9998827576637268,0.002509951538286259,0.2,-0.001015508380078245,0.0022336908,0.023486328125,-0.0015006409958004951,0.0003,-0.15334217075724155,,
701,251,8.594,186.94,86,176128,850,0.999935507774353,0.001400096074803514,0.2,0.00010227113962173462,0.0008098247,0.013330078125,-0.0003236382035538554,0.0003,-0.15914357705041765,,
701,253,8.596999999999998,186.97,87,178176,860,0.9999412298202515,0.001369180529991354,0.2,-0.0011703169147949666,0.0018393329,0.02265625,0.002466830424964428,0.0003,-0.12112950533628464,,
,,,,,180000,870,0.9999439120292664,0.0013278409601753082,0.2,-0.0011405950877815484,0.0007011414,0.00986328125,-0.0006300281384028494,0.0003,-0.1602202302077785,8.6,187.0
701,257,8.596999999999998,186.97,88,180224,,,,,,,,,,,,
701,259,8.596999999999998,186.97,89,182272,880,0.999943733215332,0.0013334610058336692,0.2,-0.0015724076525657437,0.0013488131,0.019873046875,-0.0024104840122163296,0.0003,-0.12803961511235684,,
702,262,8.596999999999998,186.97,90,184320,890,0.9999455213546753,0.0012893396804429357,0.2,-0.00039481097628595306,0.0018072657,0.020556640625,0.007782319560647011,0.0003,-0.1659067005617544,,
703,265,8.596999999999998,186.97,91,186368,900,0.9999464750289917,0.0012946768866186175,0.2,0.0004945007618516684,8.7072985e-05,0.01142578125,-0.0005259199533611536,0.0003,-0.15725587015040218,,
703,267,8.596999999999998,186.97,92,188416,910,0.9999470710754395,0.00126870226686151,0.2,-0.0008920682739699259,0.0029864206,0.025,0.0017501908587291837,0.0003,-0.17331884405575693,,
,,,,,190000,920,0.9999477863311768,0.001249672559515602,0.2,0.00018569082167232409,0.004384487,0.0216796875,-0.0003438099520280957,0.0003,-0.19125373847782612,8.6,187.0
702,271,8.6,187.0,93,190464,,,,,,,,,,,,
703,273,8.6,187.0,94,192512,930,0.9999480247497559,0.0012440826305009979,0.2,-3.9814863703213633e-05,0.0016983543,0.03427734375,-0.005530933849513531,0.0003,-0.21370596960186958,,
703,276,8.6,187.0,95,194560,940,0.9999501705169678,0.0012052417991981201,0.2,-0.0007371187850367278,0.0012091856,0.020556640625,0.0021745997946709394,0.0003,-0.15257578589953483,,
704,279,8.6,187.0,96,196608,950,0.9999504089355469,0.001191711368119286,0.2,-2.3277966829482465e-05,0.0004127947,0.01259765625,-0.0022770261857658625,0.0003,-0.1516470917267725,,
704,281,8.6,187.0,97,198656,960,0.9999510645866394,0.0011826564760212932,0.2,-0.0002638947131345049,0.003732808,0.031494140625,-0.004508867394179106,0.0003,-0.19077823888510465,,
,,,,,200000,970,0.9999535083770752,0.0011084057134212344,0.2,-0.0004052145755849779,0.001637739,0.01435546875,-0.0006210426799952984,0.0003,-0.15215518076438456,8.6,187.0
704,284,8.6,187.0,98,200704,,,,,,,,,,,,
705,287,8.6,187.0,99,202752,980,0.9999561905860901,0.0010279138017494915,0.2,0.0003729632429894991,0.0006792443,0.012646484375,-0.003512653987854719,0.0003,-0.17071899459697307,,
705,290,8.6,187.0,100,204800,990,0.9999536275863647,0.0011034359317591224,0.2,-0.0004948232439346611,0.0013710709,0.0177734375,-0.00028134474996477365,0.0003,-0.16837047543376685,,
706,292,8.6,187.0,101,206848,1000,0.9999505877494812,0.0011358677232237823,0.2,6.74332186463289e-05,0.0013872356,0.011083984375,-0.007687389850616455,0.0003,-0.18544842149131,,
706,295,8.6,187.0,102,208896,1010,0.999954342842102,0.001076179743040484,0.2,0.00025887171796057373,0.0045467913,0.02685546875,0.006458689924329519,0.0003,-0.17747207442298532,,
,,,,,210000,1020,0.9999563097953796,0.0010434741887138444,0.2,0.00017699174059089274,0.0016969962,0.018115234375,-0.0006161817582324147,0.0003,-0.19040411044843494,8.6,187.0
706,298,8.6,187.0,103,210944,,,,,,,,,,,,
706,301,8.6,187.0,104,212992,1030,0.9999561309814453,0.0010563235203562727,0.2,0.00020359806803753598,0.0006679485,0.025244140625,-0.011583520099520683,0.0003,-0.17779900510795416,,
707,303,8.6,187.0,105,215040,1040,0.9999573826789856,0.001053421689584866,0.2,-0.00041242389124818146,0.0026991088,0.01962890625,0.0016625120770186186,0.0003,-0.1876800768543035,,
708,306,8.6,187.0,106,217088,1050,0.9999589323997498,0.0009584289788563183,0.2,0.0008004371185961646,0.0029014824,0.021337890625,-0.0025733294896781445,0.0003,-0.20213235658593476,,
708,309,8.6,187.0,107,219136,1060,0.9999596476554871,0.000991806040656229,0.2,0.00018617578753037377,0.002503776,0.02177734375,-0.0028966981917619705,0.0003,-0.19965255316346883,,
,,,,,220000,1070,0.9999609589576721,0.0009325522458311752,0.2,-4.2058077815454455e-05,0.0021580183,0.01689453125,-0.0015487241325899959,0.0003,-0.1739960162434727,8.6,187.0
708,312,8.594999999999999,186.95,108,221184,,,,,,,,,,,,
708,315,8.594999999999999,186.95,109,223232,1080,0.9997838139533997,0.004942015012602496,0.2,0.0011190769975655713,0.000510376,0.010693359375,-0.0014855577610433102,0.0003,-0.18966197718400507,,
708,317,8.594999999999999,186.95,110,225280,1090,0.9999487400054932,0.0010070760401504231,0.2,-0.002108704722195398,0.0013702465,0.02041015625,-0.000481237075291574,0.0003,-0.1420882607344538,,
709,320,8.593,186.93,111,227328,1100,0.9999570846557617,0.000944897430713354,0.2,-0.0009268014109693468,0.0010130964,0.016796875,-0.0006766666192561388,0.0003,-0.14856244772672653,,
709,323,8.593,186.93,112,229376,1110,0.9999343752861023,0.0014949420912216739,0.2,-0.001125433880952187,0.0021658444,0.0212890625,-0.0008771488210186362,0.0003,-0.14361913104075938,,
,,,,,230000,1120,0.9999584555625916,0.0008858285094902385,0.2,-0.002031460346188396,0.00398657,0.046240234375,0.01818155311048031,0.0003,-0.196568729612045,8.6,187.0
707,327,8.593,186.93,113,231424,,,,,,,,,,,,
706,330,8.593,186.93,114,233472,1130,0.9999628663063049,0.000870739727020009,0.2,-0.000290434411726892,0.0009479397,0.013720703125,-0.0009061493910849094,0.0003,-0.15820140421856194,,
705,333,8.593,186.93,115,235520,1140,0.9999658465385437,0.0007920024007034953,0.2,-0.00012638738699024543,0.0003407282,0.00927734375,-0.00281847408041358,0.0003,-0.16240144700277598,,
705,336,8.591,186.91,116,237568,1150,0.9999638795852661,0.0008301146657458958,0.2,-0.0009757201725733467,0.0013446225,0.019580078125,0.002629451686516404,0.0003,-0.1387431152863428,,
704,339,8.595999999999998,186.96,117,239616,1160,0.9999376535415649,0.0014103923176662647,0.2,-0.00044982460094615816,0.0014823738,0.008837890625,-0.0021260560024529696,0.0003,-0.1708690721075982,,
,,,,,240000,1170,0.9999591112136841,0.0008784994727648154,0.2,-0.0009460120520088822,0.0019477078,0.01611328125,0.013780751265585423,0.0003,-0.16024705243762583,8.6,187.0
703,343,8.595999999999998,186.96,118,241664,,,,,,,,,,,,
703,346,8.595999999999998,186.96,119,243712,1180,0.9999657273292542,0.000794940647074327,0.2,9.461632289458066e-05,0.0011817715,0.01875,-0.0009801919804885983,0.0003,-0.1540990169160068,,
702,349,8.597999999999999,186.98,120,245760,1190,0.9999675154685974,0.0007645922776873704,0.2,6.829886260675266e-05,0.002064732,0.013623046875,-0.01876750774681568,0.0003,-0.15492200935259462,,
702,352,8.597999999999999,186.98,121,247808,1200,0.9999699592590332,0.0006969108163502824,0.2,0.0005716155050322413,0.00037993304,0.011669921875,-0.0015936946729198098,0.0003,-0.14601774320472033,,
701,356,8.597999999999999,186.98,122,249856,1210,0.9999696016311646,0.0007763622291122374,0.2,-3.842575824819505e-06,0.0022020373,0.017822265625,-0.004763887729495764,0.0003,-0.1846210688818246,,
,,,,,250000,1220,0.9999711513519287,0.0006956622088182485,0.2,-0.0002177131289499812,0.001121774,0.014404296875,-0.005625570192933083,0.0003,-0.1716782320290804,8.6,187.0
700,359,8.597999999999999,186.98,123,251904,,,,,,,,,,,,
700,362,8.597999999999999,186.98,124,253952,1230,0.999972403049469,0.0006795193460675363,0.2,-0.00038863481022417546,0.0013968227,0.019970703125,-0.0011640152661129832,0.0003,-0.15270194609183818,,
699,365,8.6,187.0,125,256000,1240,0.9999720454216003,0.000685601300642702,0.2,-1.4681258471682668e-05,0.0010669887,0.01474609375,-0.0019328901544213295,0.0003,-0.16518442183732987,,
699,369,8.6,187.0,126,258048,1250,0.9999699592590332,0.0007162118283986274,0.2,-0.0006443789985496551,0.0027714923,0.0310546875,-0.0033455605152994394,0.0003,-0.17623914196155965,,
,,,,,260000,1260,0.9999726414680481,0.000639760156354896,0.2,0.00020225171319907532,0.0056574075,0.03212890625,-0.0025530746206641197,0.0003,-0.21330039063468575,8.6,187.0
698,372,8.588,186.88,127,260096,,,,,,,,,,,,
697,375,8.584999999999999,186.85,128,262144,1270,0.9993565082550049,0.012391126057627844,0.2,0.00031848072831053287,0.0005443037,0.009521484375,0.00020706921350210905,0.0003,-0.16805162078235297,,
697,379,8.584999999999999,186.85,129,264192,1280,0.9998779892921448,0.0024115772184813977,0.2,-0.0016768336281529628,0.0019127914,0.02109375,0.006938817445188761,0.0003,-0.1334610474994406,,
696,382,8.568999999999997,186.69,130,266240,1290,0.999954879283905,0.000829593797425332,0.2,-0.0003913485968951136,0.0011339628,0.016748046875,-0.008847273886203766,0.0003,-0.14931433422025292,,
696,385,8.568999999999999,186.69,131,268288,1300,0.9987859725952148,0.022507726554613326,0.2,-0.0006567421805812046,0.0029030524,0.01923828125,0.0008684017229825258,0.0003,-0.16067268094047904,,
,,,,,270000,1310,0.9998965859413147,0.001550614846200915,0.2,-0.002634124190080911,0.0014669681,0.019775390625,0.0013822846813127398,0.0003,-0.12459291736595332,8.6,187.0
695,388,8.568999999999999,186.69,132,270336,,,,,,,,,,,,
695,391,8.567,186.67,133,272384,1320,0.9999530911445618,0.0008502374122144829,0.2,-0.00040350875788135453,0.0006119066,0.016845703125,0.0013556366320699453,0.0003,-0.15019780909642577,,
695,394,8.567,186.67,134,274432,1330,0.9999461770057678,0.0011963980848122447,0.2,-0.0003617296053562313,0.0012686801,0.0119140625,-0.0014345694798976183,0.0003,-0.18134648380801083,,
694,397,8.567,186.67,135,276480,1340,0.9999675154685974,0.000669671979812847,0.2,0.001207660383079201,0.00422317,0.02529296875,0.008150904439389706,0.0003,-0.16507830177433788,,
694,401,8.578999999999999,186.79,136,278528,1350,0.9999718070030212,0.0006001712645684165,0.2,0.001076035510050133,0.0031821479,0.02353515625,-0.0001815499854274094,0.0003,-0.21097012208774685,,
,,,,,280000,1360,0.9999725222587585,0.0005946355570131346,0.2,0.00035923957620980217,0.0037355006,0.01943359375,-0.006089072208851576,0.0003,-0.19223077434580774,8.6,187.0
693,404,8.581999999999999,186.82,137,280576,,,,,,,,,,,,
692,407,8.581999999999999,186.82,138,282624,1370,0.9999740123748779,0.0006162533530869041,0.2,0.0005748138821218163,0.0007013459,0.010986328125,-0.0005530412308871746,0.0003,-0.1670208061579615,,
692,410,8.597999999999999,186.98,139,284672,1380,0.9999779462814331,0.0005001209014380947,0.2,0.00020994924125261605,0.0008439176,0.016064453125,-0.0022347266785800457,0.0003,-0.1523939130594954,,
692,414,8.597999999999999,186.98,140,286720,1390,0.9999780058860779,0.0005386906404510228,0.2,-0.0004981876976671628,0.00043517252,0.008154296875,-0.000569142575841397,0.0003,-0.140479411999695,,
692,417,8.597999999999999,186.98,141,288768,1400,0.9999815821647644,0.0004596487845788033,0.2,0.0014164538471959532,0.0011102902,0.024755859375,0.0215191300958395,0.0003,-0.17759188085328786,,
,,,,,290000,1410,0.9999763369560242,0.0005254511067619205,0.2,0.00029324584247660825,0.0014040584,0.0109375,-0.0003087444347329438,0.0003,-0.17233400631230325,8.6,187.0
691,420,8.6,187.0,142,290816,,,,,,,,,,,,
691,423,8.6,187.0,143,292864,1420,0.9999809265136719,0.000446273746638326,0.2,0.000306881483993493,0.0009678693,0.017724609375,-0.003011837601661682,0.0003,-0.15804180318955333,,
690,426,8.586999999999998,186.87,144,294912,1430,0.9999790787696838,0.00049828121691462,0.2,-0.0004885608679614962,0.00985567,0.041552734375,-0.004097010008990765,0.0003,-0.19617051603272556,,
690,430,8.586999999999998,186.87,145,296960,1440,0.9989007115364075,0.024891782566919575,0.2,-0.0015383506339276209,0.00050600566,0.02119140625,0.003111286088824272,0.0003,-0.14094556702766567,,
690,433,8.586999999999998,186.87,146,299008,1450,0.9999203085899353,0.0009849356633822026,0.2,-0.001498646996333264,0.0012216256,0.017529296875,-0.0040808748453855515,0.0003,-0.159366760449484,,
,,,,,300000,1460,0.9999682307243347,0.000517055486920981,0.2,-0.0014356803570990452,0.000948194,0.020166015625,-0.0006004076567478478,0.0003,-0.13902699754107745,8.6,187.0
689,436,8.586999999999998,186.87,147,301056,,,,,,,,,,,,
689,439,8.586999999999998,186.87,148,303104,1470,0.9999772906303406,0.000451001150781849,0.2,5.869791493751109e-06,0.0013750283,0.0150390625,-0.0014237904688343406,0.0003,-0.15006190822459758,,
689,442,8.586999999999998,186.87,149,305152,1480,0.9999801516532898,0.00042197295268806554,0.2,-0.002194712210621219,0.004006498,0.0453125,-0.0025743970181792974,0.0003,-0.18510642182081938,,
689,445,8.586999999999998,186.87,150,307200,1490,0.9999797344207764,0.0004613639447825335,0.2,0.0005198511003982276,0.004666808,0.021728515625,0.008944453671574593,0.0003,-0.16507057351991533,,
689,448,8.586999999999998,186.87,151,309248,1500,0.9999803900718689,0.0004511579874815652,0.2,-0.0014505276136333122,0.0028613405,0.028662109375,0.009714221581816673,0.0003,-0.1863459717715159,,
,,,,,310000,1510,0.9999838471412659,0.0003666877804334945,0.2,-4.552883910946548e-06,0.0012622776,0.00927734375,-0.004309828393161297,0.0003,-0.15860610173549503,8.6,187.0
687,452,8.586999999999998,186.87,152,311296,,,,,,,,,,,,
687,455,8.6,187.0,153,313344,1520,0.9999844431877136,0.0003904623054381773,0.2,-0.0004257917797076516,0.0007994621,0.012255859375,-0.013542239554226398,0.0003,-0.17128173294477164,,
687,458,8.6,187.0,154,315392,1530,0.9999861121177673,0.00033950740565842353,0.2,0.00013645549333887174,0.0010542809,0.0193359375,-0.000479856098536402,0.0003,-0.18478359684813767,,
687,461,8.6,187.0,155,317440,1540,0.9999809265136719,0.00045404431647284583,0.2,2.547471522120759e-05,0.0010171935,0.01474609375,-0.005336159840226173,0.0003,-0.1466093320166692,,
687,464,8.6,187.0,156,319488,1550,0.9999840259552002,0.000426926572413322,0.2,0.0009401021085068351,0.0012293041,0.012451171875,0.011566590517759323,0.0003,-0.18575375098735095,,
,,,,,320000,1560,0.999984860420227,0.00038867032519647183,0.2,-0.0009261858882382512,0.0029687404,0.01708984375,-0.004591838922351599,0.0003,-0.15306983194313944,8.6,187.0
686,468,8.589999999999998,186.9,157,321536,,,,,,,,,,,,
685,471,8.587,186.87,158,323584,1570,0.9996302127838135,0.006848830913804704,0.2,-0.0009614435548428446,0.0031053154,0.02705078125,0.0036107967607676983,0.0003,-0.14955772287212313,,
685,474,8.587,186.87,159,325632,1580,0.9998990297317505,0.002061075003257429,0.2,-0.0008243495627539233,0.0010027965,0.008740234375,-0.002562111709266901,0.0003,-0.14390650084242224,,
685,477,8.586999999999998,186.87,160,327680,1590,0.9999682307243347,0.00047247455265733154,0.2,-0.00040484795026713983,0.00092884054,0.014794921875,-0.005950369872152805,0.0003,-0.1459178816061467,,
685,480,8.586999999999998,186.87,161,329728,1600,0.9999797344207764,0.00039669179250267916,0.2,-0.0006672017654636875,0.0012617303,0.012841796875,-0.005190178286284208,0.0003,-0.16572569580748678,,
,,,,,330000,1610,0.9999844431877136,0.00034407434834520244,0.2,-0.0013950085529359057,0.0023190796,0.03046875,-8.555204840376973e-05,0.0003,-0.1660759134683758,8.6,187.0
684,484,8.587,186.87,162,331776,,,,,,,,,,,,
684,487,8.587,186.87,163,333824,1620,0.9999850988388062,0.0003446374170380295,0.2,0.0004576724211801775,0.0016930324,0.02333984375,-0.0023623390588909388,0.0003,-0.19414088181219996,,
684,490,8.586999999999998,186.87,164,335872,1630,0.9999871850013733,0.0003281518262951977,0.2,-0.00032634863746352496,0.0020249975,0.0255859375,-0.011123518459498882,0.0003,-0.1877145691541955,,
684,493,8.586999999999998,186.87,165,337920,1640,0.9999872446060181,0.00031051267199018185,0.2,-0.0011100287185399794,0.002473322,0.02470703125,0.00044890708522871137,0.0003,-0.15668309542816133,,
683,497,8.596999999999998,186.97,166,339968,1650,0.9999856948852539,0.0003462067044210926,0.2,-0.0007118708614143543,0.00038650603,0.016259765625,-0.001182942884042859,0.0003,-0.15809681522659957,,
,,,,,340000,1660,0.9999867081642151,0.00041225026355959924,0.2,0.000805971203953959,0.0012082882,0.012255859375,-0.0014283939963206649,0.0003,-0.16556880169082433,8.6,187.0
683,500,8.6,187.0,167,342016,,,,,,,,,,,,
682,503,8.6,187.0,168,344064,1670,0.9999894499778748,0.00025295322448073423,0.2,-0.000388818520877976,0.0008907686,0.01201171875,0.0018926772754639387,0.0003,-0.13476214406546205,,
682,506,8.6,187.0,169,346112,1680,0.9999889135360718,0.00027100700548317037,0.2,-0.00018088853030349128,0.0023404765,0.038525390625,-0.0017230852972716093,0.0003,-0.1721455200575292,,
682,509,8.6,187.0,170,348160,1690,0.9999884366989136,0.0003865177175271128,0.2,0.00039273337024496867,0.00040140992,0.020703125,-0.0012545238714665174,0.0003,-0.1497378642903641,,
,,,,,350000,1700,0.99998939037323,0.0002704243984680943,0.2,0.0008676302706589923,0.0011747446,0.018310546875,-0.0008240774041041732,0.0003,-0.12161324205808341,8.6,187.0
682,513,8.6,187.0,171,350208,,,,,,,,,,,,
681,516,8.6,187.0,172,352256,1710,0.9999886155128479,0.00033513610417230667,0.2,0.0006398408091627062,0.0010468488,0.016943359375,-0.0012398362159729004,0.0003,-0.1503214659867808,,
681,519,8.6,187.0,173,354304,1720,0.9999887347221375,0.00031467677607679436,0.2,8.44114925712347e-05,0.001565825,0.02431640625,-0.003040061565116048,0.0003,-0.14269207660108804,,
681,523,8.6,187.0,174,356352,1730,0.9999871850013733,0.0003369131730210029,0.2,0.0010207766084931792,0.0010309786,0.015185546875,-0.0019493341678753495,0.0003,-0.13086472200229765,,
681,526,8.6,187.0,175,358400,1740,0.9999899864196777,0.00028412269085720254,0.2,0.00141798073600512,0.003195717,0.0294921875,0.0008037391817197204,0.0003,-0.15857208759989588,,
,,,,,360000,1750,0.9999906420707703,0.00029040498982340067,0.2,0.0013233641846454702,0.00017546999,0.020556640625,-0.0056344387121498585,0.0003,-0.14217744458001108,8.6,187.0
680,529,8.6,187.0,176,360448,,,,,,,,,,,,
680,532,8.6,187.0,177,362496,1760,0.9999894499778748,0.0002618490929194195,0.2,0.001019877425278537,0.0014189188,0.024267578125,-0.0013518258929252625,0.0003,-0.15161721403710543,,
679,536,8.6,187.0,178,364544,1770,0.9999898076057434,0.0002776927564923426,0.2,0.0006204502351465635,0.00067030196,0.010302734375,-0.0006587288808077574,0.0003,-0.13632740625180303,,
680,539,8.6,187.0,179,366592,1780,0.9999901652336121,0.0002448926441616095,0.2,0.0007297942356672138,0.0032157504,0.015185546875,4.356630961410701e-05,0.0003,-0.148614948336035,,
679,542,8.6,187.0,180,368640,1790,0.9999916553497314,0.0003285538456452741,0.2,0.0009110147759201937,0.0015286778,0.018505859375,-0.006763338577002287,0.0003,-0.12674138598376886,,
,,,,,370000,1800,0.9999846816062927,0.00040612165390712106,0.2,-0.0009643198223784566,0.0010496572,0.012841796875,-0.0009854144882410765,0.0003,-0.12092645694501698,8.6,187.0
678,546,8.6,187.0,181,370688,,,,,,,,,,,,
678,549,8.6,187.0,182,372736,1810,0.9999898076057434,0.00026223836118788313,0.2,0.0006472175125963985,0.0005584545,0.020654296875,-0.012156886979937553,0.0003,-0.1363974616630003,,
678,552,8.6,187.0,183,374784,1820,0.9999918937683105,0.00022859897109128724,0.2,0.0008696149219758808,0.0020192885,0.030029296875,-0.006925428286194801,0.0003,-0.168766368040815,,
678,555,8.6,187.0,184,376832,1830,0.9999911189079285,0.0002271783086769119,0.2,-0.0004398477030918002,0.0021217577,0.019921875,-0.0011674612760543823,0.0003,-0.13742612556088715,,
678,558,8.6,187.0,185,378880,1840,0.9999891519546509,0.0003572993425564164,0.2,0.001073153186007403,0.0020565665,0.015625,5.6536722695454955e-05,0.0003,-0.14468122029211372,,
,,,,,380000,1850,0.9999849200248718,0.00029075459626710655,0.2,0.001047118469432462,0.0010510071,0.0236328125,-0.01126923318952322,0.0003,-0.1296532942331396,8.6,187.0
677,561,8.6,187.0,186,380928,,,,,,,,,,,,
677,565,8.6,187.0,187,382976,1860,0.9999883770942688,0.0002345725748227778,0.2,0.00021349569433368743,0.00018895602,0.016357421875,-0.00494376802816987,0.0003,-0.12333154119551182,,
677,568,8.597999999999999,186.98,188,385024,1870,0.9999917149543762,0.00021379475916774026,0.2,0.0008892245474271476,0.0005027291,0.01865234375,0.008845065720379353,0.0003,-0.1391618487657979,,
677,571,8.597999999999999,186.98,189,387072,1880,0.9999658465385437,0.001210268746535803,0.2,0.00031751616334076973,0.0012144062,0.0115234375,-0.004395014606416225,0.0003,-0.10741077265702188,,
677,574,8.597999999999999,186.98,190,389120,1890,0.9999891519546509,0.00020950252807097058,0.2,-0.00021006200549891218,0.0015295229,0.021533203125,0.000790793914347887,0.0003,-0.13120390744879842,,
,,,,,390000,1900,0.9999918937683105,0.0001869653537596605,0.2,0.00016813146066851914,0.0009891741,0.01552734375,-0.004300971049815416,0.0003,-0.13478141294326634,8.6,187.0
676,577,8.597999999999999,186.98,191,391168,,,,,,,,,,,,
676,580,8.597999999999999,186.98,192,393216,1910,0.9999907612800598,0.00022668204248930124,0.2,0.000582527594815474,0.0011653883,0.017626953125,-0.0010136277414858341,0.0003,-0.12640733523294329,,
676,584,8.597999999999999,186.98,193,395264,1920,0.9999918341636658,0.00020848850464290082,0.2,0.0005877124553080648,0.0016448366,0.0166015625,-0.0017107984749600291,0.0003,-0.13924980823649094,,
676,586,8.597999999999999,186.98,194,397312,1930,0.9999923706054688,0.0002090815579890659,0.2,0.0004934905795380473,0.0014014258,0.011669921875,-0.002567979972809553,0.0003,-0.12204830846749246,,
676,590,8.597999999999999,186.98,195,399360,1940,0.999993622303009,0.0001823647978653753,0.2,-0.00037131469725864007,0.002345743,0.01572265625,-0.0009094203705899417,0.0003,-0.1250603081425652,,
,,,,,400000,1950,0.9999925494194031,0.00020102042740290926,0.2,0.00035454343887977304,0.00095047406,0.02080078125,-0.002787548815831542,0.0003,-0.13860119988676162,8.6,187.0
676,593,8.597999999999999,186.98,196,401408,,,,,,,,,,,,
676,596,8.597999999999999,186.98,197,403456,1960,0.9999917149543762,0.0003089885310373575,0.2,0.0010349269476137124,0.0018595812,0.024072265625,-0.011985471472144127,0.0003,-0.14362250806298107,,
675,599,8.6,187.0,198,405504,1970,0.9999914169311523,0.00021368943582729117,0.2,0.0011166048207087442,0.001257772,0.021728515625,5.034065543441102e-05,0.0003,-0.14899597633630038,,
675,603,8.6,187.0,199,407552,1980,0.9999927282333374,0.00020579034218144444,0.2,0.0008177236333722249,0.0020038157,0.0240234375,0.016976870596408844,0.0003,-0.15082615241408348,,
675,606,8.6,187.0,200,409600,1990,0.999993085861206,0.00023078103778289004,0.2,0.0014109461204498074,0.00053806347,0.020166015625,0.0015831324271857738,0.0003,-0.1316895496333018,,
,,,,,410000,2000,0.9999924302101135,0.0002500608338550592,0.2,0.00021816976222908125,0.002421212,0.020361328125,-0.011518644168972969,0.0003,-0.1390791059471667,8.6,187.0
675,609,8.589999999999998,186.9,201,411648,,,,,,,,,,,,
674,613,8.589999999999998,186.9,202,413696,2010,0.9993215799331665,0.014390129515959416,0.2,0.0006856787629658356,0.0011410455,0.01376953125,-0.0005876645445823669,0.0003,-0.13841506203170867,,
674,616,8.589999999999998,186.9,203,415744,2020,0.9999502897262573,0.0006515385495731608,0.2,0.00371299557009479,0.003046285,0.03037109375,0.016011131927371025,0.0003,-0.1484455881174654,,
673,620,8.589999999999998,186.9,204,417792,2030,0.9999813437461853,0.0002820881356683458,0.2,0.0008167279156623408,0.0030798977,0.0306640625,-0.0065519134514033794,0.0003,-0.16343529801815748,,
673,623,8.579999999999998,186.8,205,419840,2040,0.9999907612800598,0.00017876980425626243,0.2,-0.0008295069972518831,0.0017930258,0.024169921875,-0.0006386055028997362,0.0003,-0.1408041696762666,,
,,,,,420000,2050,0.9993294477462769,0.014000786464384874,0.2,0.004031134606339038,0.004735234,0.02900390625,0.06128061190247536,0.0003,-0.1530977352289483,8.6,187.0
672,626,8.575999999999999,186.76,206,421888,,,,,,,,,,,,
672,630,8.549999999999997,186.5,207,423936,2060,0.9998664855957031,0.0026479576880774403,0.2,0.0005732442979933694,0.0021587044,0.01962890625,0.0071623669937253,0.0003,-0.13119992620777338,,
672,633,8.542,186.42,208,425984,2070,0.998588502407074,0.026903423994372132,0.2,-0.0016722596643376163,0.0041335872,0.025634765625,-0.00048425118438899517,0.0003,-0.12528358271811157,,
672,636,8.524,186.24,209,428032,2080,0.9995312094688416,0.008883268550926004,0.2,-0.00024348999868379907,0.0011155889,0.018359375,-0.00037838960997760296,0.0003,-0.15941684532444925,,
,,,,,430000,2090,0.999338686466217,0.015106513641876517,0.2,-0.00011600287252804265,0.0023198072,0.01923828125,0.0037906221114099026,0.0003,-0.13641105832066386,8.6,187.0
672,639,8.528999999999998,186.29,210,430080,,,,,,,,,,,,
672,642,8.518999999999998,186.19,211,432128,2100,0.9997866749763489,0.004395830406610912,0.2,-0.0008949748196755535,0.0050463025,0.023486328125,0.004324359353631735,0.0003,-0.13531459311489016,,
672,645,8.518999999999998,186.19,212,434176,2110,0.9994228482246399,0.013669599920103793,0.2,1.3734394451603294e-05,0.0032213866,0.02568359375,0.0057334392331540585,0.0003,-0.1372326575452462,,
672,649,8.518999999999998,186.19,213,436224,2120,0.9999436736106873,0.0006053991732642317,0.2,-0.0015370093678939156,0.0035356344,0.04443359375,0.0002113404916599393,0.0003,-0.14153866406995802,,
672,652,8.516999999999998,186.17,214,438272,2130,0.9999698400497437,0.0003114314054073475,0.2,0.00012199059128761291,0.004064629,0.02509765625,0.010595699772238731,0.0003,-0.1253345984965563,,
,,,,,440000,2140,0.9995324015617371,0.009739455686576548,0.2,0.004159675051050726,0.0023630382,0.028662109375,0.003865258302539587,0.0003,-0.12282713467720896,8.6,187.0
671,655,8.520999999999999,186.21,215,440320,,,,,,,,,,,,
671,658,8.543999999999999,186.44,216,442368,2150,0.9999480843544006,0.0005532619349196466,0.2,-0.0007722371621639468,0.0025892993,0.02451171875,-0.0034248619340360165,0.0003,-0.12150464815786108,,
671,662,8.552999999999999,186.53,217,444416,2160,0.9999812841415405,0.00023094169243904618,0.2,0.0003777642850764096,0.0018352675,0.019140625,-0.0005253365961834788,0.0003,-0.12585490613710135,,
671,665,8.571,186.71,218,446464,2170,0.9999631643295288,0.0008469259696084919,0.2,0.0010015910433139653,0.0008791309,0.01748046875,0.020063824951648712,0.0003,-0.14035597594920546,,
671,668,8.575999999999999,186.76,219,448512,2180,0.9999873638153076,0.00021987416507727176,0.2,0.0006753630688763224,0.0010411574,0.0181640625,0.0070649427361786366,0.0003,-0.11498342176200822,,
,,,,,450000,2190,0.9999901652336121,0.0001888972973347336,0.2,0.00021954000403638928,0.0028798913,0.0283203125,-0.012788570486009121,0.0003,-0.1280913470312953,8.6,187.0
670,671,8.581999999999999,186.82,220,450560,,,,,,,,,,,,
670,674,8.581999999999999,186.82,221,452608,2200,0.9999246001243591,0.0017777875998490345,0.2,-1.1728671961463987e-05,0.0025455528,0.01982421875,-0.0007242826977744699,0.0003,-0.12064159943256528,,
670,677,8.578,186.78,222,454656,2210,0.9999807476997375,0.00017769555673794458,0.2,0.00015720976225566118,0.0018890084,0.01611328125,0.001095790765248239,0.0003,-0.11738569020526483,,
670,680,8.589999999999998,186.9,223,456704,2220,0.9998884201049805,0.002757903887777502,0.2,0.0028630686676478943,0.0016221759,0.029248046875,0.003290186868980527,0.0003,-0.1418512819800526,,
670,684,8.581999999999999,186.82,224,458752,2230,0.9999808073043823,0.00019604161529969134,0.2,-0.0008823562879115343,0.0028608271,0.03115234375,-0.0038412688300013542,0.0003,-0.13756009221542626,,
,,,,,460000,2240,0.9998321533203125,0.004246882345228187,0.2,0.0007328372361371293,0.0018032398,0.02109375,0.0005773199372924864,0.0003,-0.12431655749678612,8.6,187.0
670,687,8.581999999999999,186.82,225,460800,,,,,,,,,,,,
670,690,8.581999999999999,186.82,226,462848,2250,0.9999760985374451,0.00030751411240999006,0.2,0.000980970766977407,0.0016126868,0.019677734375,-0.0015625465894117951,0.0003,-0.12530785710550846,,
669,693,8.581999999999999,186.82,227,464896,2260,0.9999884366989136,0.0002481373856880964,0.2,0.0027806454949313776,0.0012828135,0.0234375,0.02870916947722435,0.0003,-0.12303504075389356,,
669,697,8.575,186.75,228,466944,2270,0.9999614953994751,0.0011248267096561904,0.2,0.0031330752550275064,0.0037618428,0.0203125,-0.002812058199197054,0.0003,-0.12827126997290178,,
669,700,8.572,186.72,229,468992,2280,0.9998419880867004,0.003629092164192116,0.2,0.0014699433027999475,0.00071301864,0.017822265625,-0.00018131604883819818,0.0003,-0.1388215480837971,,
,,,,,470000,2290,0.9996881484985352,0.007320699977753975,0.2,-0.0005719342298107222,0.0007550679,0.019189453125,-0.01146507915109396,0.0003,-0.12643680898472667,8.6,187.0
669,703,8.569999999999999,186.7,230,471040,,,,,,,,,,,,
669,706,8.573,186.73,231,473088,2300,0.9999367594718933,0.0010391632668870442,0.2,-0.00021575823047896846,0.00086333184,0.018603515625,0.0014245959464460611,0.0003,-0.13100266449619086,,
669,709,8.573,186.73,232,475136,2310,0.9999731779098511,0.00038755723621761715,0.2,-0.0005463052802952006,0.00064727804,0.014306640625,-0.001576643087901175,0.0003,-0.12662112296093256,,
669,712,8.581,186.81,233,477184,2320,0.9999877214431763,0.0002580057800969371,0.2,0.00037540703488048166,0.0020818985,0.030517578125,-0.006146016996353865,0.0003,-0.12224797699600458,,
669,715,8.581,186.81,234,479232,2330,0.9999901056289673,0.00020656919855355227,0.2,0.0011620639212196692,0.0012856207,0.0212890625,-0.00858313962817192,0.0003,-0.1348519972525537,,
,,,,,480000,2340,0.9999915957450867,0.00021901619618347468,0.2,0.0012136441539041698,0.0005647277,0.016845703125,-7.711567013757303e-05,0.0003,-0.1196405261522159,8.6,187.0
668,719,8.573,186.73,235,481280,,,,,,,,,,,,
668,722,8.541,186.41,236,483328,2350,0.9997674822807312,0.005271257737149426,0.2,0.005111872448469512,0.011828553,0.049267578125,0.004032211843878031,0.0003,-0.14116543475538493,,
668,725,8.515999999999998,186.16,237,485376,2360,0.9980869293212891,0.03373099139498663,0.2,0.0074551825207890944,0.008415361,0.0453125,0.01022001076489687,0.0003,-0.14384418702684343,,
668,728,8.479,185.79,238,487424,2370,0.997562825679779,0.05270410295634065,0.2,-8.072337368503213e-05,0.0018105314,0.0130859375,0.012544727884232998,0.0003,-0.15695506802294404,,
668,731,8.46,185.6,239,489472,2380,0.9987800717353821,0.02875741874158848,0.2,-0.0016914375359192491,0.0014211703,0.02548828125,0.012345695868134499,0.0003,-0.16742862751707435,,
,,,,,490000,2390,0.9988858699798584,0.02461556933776592,0.2,-0.0011474460392491893,0.0028748363,0.030517578125,0.07585452497005463,0.0003,-0.13001995696686208,8.6,187.0
668,735,8.455,185.55,240,491520,,,,,,,,,,,,
668,738,8.448,185.48,241,493568,2400,0.9995459318161011,0.00594607630482642,0.2,0.0005348949562176131,0.0015157368,0.019873046875,0.01647350937128067,0.0003,-0.13606002430897207,,
668,741,8.421,185.21,242,495616,2410,0.9997566938400269,0.0035194093001337024,0.2,0.0007095415799994953,0.004298418,0.034326171875,-0.0010343652684241533,0.0003,-0.1318168613128364,,
668,744,8.405999999999999,185.06,243,497664,2420,0.998327374458313,0.03624213650182355,0.2,-0.000222391466377303,0.0006617719,0.01279296875,0.008291845209896564,0.0003,-0.1303388583706692,,
668,747,8.389999999999999,184.9,244,499712,2430,0.9995945692062378,0.009582249815503019,0.2,-0.00218761166324839,0.002951474,0.02783203125,0.015154925175011158,0.0003,-0.12773692219052463,,
,,,,,500000,2440,0.9982600808143616,0.03730157075042371,0.2,0.0005229158705333248,0.0009831344,0.020166015625,0.006057274993509054,0.0003,-0.13422513471450656,8.6,187.0
667,751,8.424,185.24,245,501760,,,,,,,,,,,,
668,754,8.418,185.18,246,503808,2450,0.9998446106910706,0.0017932546660631488,0.2,0.0014195902360370383,0.0066002253,0.0341796875,0.02213565818965435,0.0003,-0.13389902282506227,,
667,757,8.452,185.52,247,505856,2460,0.9985363483428955,0.02339458318601828,0.2,-0.00035157098318450153,0.0036769356,0.025048828125,-0.006238521076738834,0.0003,-0.12222296722466126,,
667,760,8.458,185.58,248,507904,2470,0.9994643330574036,0.008641489248475409,0.2,0.000343610456911847,0.002671069,0.009130859375,0.01611226238310337,0.0003,-0.1330965471221134,,
667,763,8.459999999999999,185.6,249,509952,2480,0.9994968771934509,0.011594279624114278,0.2,0.00027141813188791275,0.0013635313,0.02060546875,0.014557060785591602,0.0003,-0.13648514337837697,,
,,,,,510000,2490,0.9998360872268677,0.002518874346242228,0.2,-0.0024474657140672205,0.003746015,0.043701171875,0.003270563203841448,0.0003,-0.12910682468209417,8.6,187.0
667,767,8.456999999999999,185.57,250,512000,,,,,,,,,,,,
667,770,8.481,185.81,251,514048,2500,0.9996383786201477,0.008160301831594552,0.2,0.0006034687510691583,0.0014380786,0.018212890625,-0.00022747204639017582,0.0003,-0.11785408522700891,,
667,773,8.479,185.79,252,516096,2510,0.9998535513877869,0.002300114814443077,0.2,-0.0008883707705535926,0.0031652541,0.02783203125,-0.011964921839535236,0.0003,-0.1167641275911592,,
667,776,8.495999999999999,185.96,253,518144,2520,0.9983901977539062,0.032123149025937894,0.2,-0.00022696740634273738,0.0006049771,0.022900390625,0.009205065667629242,0.0003,-0.10517918155528605,,
,,,,,520000,2530,0.9997929334640503,0.0019040392915485426,0.2,0.0002539680324844085,0.0011520686,0.0205078125,-0.003467948641628027,0.0003,-0.12430210652528331,8.6,187.0
666,780,8.501,186.01,254,520192,,,,,,,,,,,,
666,783,8.526,186.26,255,522240,2540,0.9998998045921326,0.001373422675715119,0.2,-0.001596941114985384,0.002590087,0.027587890625,0.011665615253150463,0.0003,-0.11452770011965185,,
666,786,8.543,186.43,256,524288,2550,0.9999238848686218,0.0010937585574993137,0.2,0.0008311688783578574,0.0011132117,0.02431640625,0.000838897074572742,0.0003,-0.13114287306088954,,
666,789,8.559999999999999,186.6,257,526336,2560,0.9999681115150452,0.0005091211802437101,0.2,9.616428724257275e-05,0.001995274,0.019775390625,-0.006261192727833986,0.0003,-0.10749107791343704,,
666,792,8.558,186.58,258,528384,2570,0.9999707341194153,0.00048580120092083233,0.2,-0.0007522513478761539,0.002294331,0.0306640625,-0.003226702334359288,0.0003,-0.11867007272085175,,
,,,,,530000,2580,0.9996312856674194,0.007372525362916349,0.2,0.0035032651401706973,0.0017707215,0.0203125,0.0006062464672140777,0.0003,-0.11875163736985997,8.6,187.0
665,796,8.565,186.65,259,530432,,,,,,,,,,,,
665,799,8.568999999999999,186.69,260,532480,2590,0.9999644160270691,0.0007678943499286106,0.2,0.0028837089717853813,0.003694392,0.028857421875,0.0029808906838297844,0.0003,-0.1244848836096935,,
665,802,8.577999999999998,186.78,261,534528,2600,0.9999526739120483,0.0004160288373896037,0.2,0.00016730207862565295,0.0010875459,0.01796875,0.001138974097557366,0.0003,-0.1234568584128283,,
665,806,8.573,186.73,262,536576,2610,0.9998637437820435,0.0031798226686078125,0.2,0.00042492715583648534,0.0011778752,0.01767578125,-0.002399933058768511,0.0003,-0.137622386100702,,
665,809,8.569999999999999,186.7,263,538624,2620,0.9997612237930298,0.004700223440704576,0.2,0.005748963047517463,0.0043721735,0.025634765625,0.018974753096699715,0.0003,-0.14085308916401118,,
,,,,,540000,2630,0.9999329447746277,0.001494117046240717,0.2,0.0022204198889085093,0.005943249,0.0314453125,-0.007872688584029675,0.0003,-0.12122470816830173,8.6,187.0
664,813,8.533999999999999,186.34,264,540672,,,,,,,,,,,,
664,816,8.514,186.14,265,542720,2640,0.9968396425247192,0.061757500957173764,0.2,-0.0010720307211158798,0.0015542766,0.019140625,0.03588467836380005,0.0003,-0.13134540601167827,,
664,819,8.507,186.07,266,544768,2650,0.999396562576294,0.012964064713014523,0.2,-0.0008264894655440003,0.001925772,0.021923828125,-0.007365943863987923,0.0003,-0.13031834563007577,,
664,822,8.497,185.97,267,546816,2660,0.9995930194854736,0.0073034680364798986,0.2,-0.00232360968075227,0.0047447407,0.042822265625,-0.01030821818858385,0.0003,-0.12613174208672717,,
664,825,8.487999999999998,185.88,268,548864,2670,0.9985656142234802,0.029011767183874326,0.2,-0.0017367728636600078,0.0021408626,0.028076171875,-0.009320484474301338,0.0003,-0.12144194208085538,,
,,,,,550000,2680,0.9992113709449768,0.01780425377546635,0.2,0.0007335590911679901,0.0041310764,0.027099609375,0.009416189044713974,0.0003,-0.1368940167594701,8.6,187.0
664,829,8.488,185.88,269,550912,,,,,,,,,,,,
664,832,8.493999999999998,185.94,270,552960,2690,0.9998440146446228,0.0018110343977241427,0.2,-0.0010189883832936175,0.0030978704,0.044921875,-0.004296374507248402,0.0003,-0.16156504680402578,,
664,835,8.5,186.0,271,555008,2700,0.9999409914016724,0.0006145290146832849,0.2,0.001071500647231005,0.0059263073,0.05322265625,-0.01449162233620882,0.0003,-0.15176467404235156,,
664,838,8.501,186.01,272,557056,2710,0.9999620318412781,0.0007044249293812754,0.2,0.0004974895913619548,0.0009052007,0.02138671875,-0.007444967981427908,0.0003,-0.13364924716297538,,
664,841,8.536999999999999,186.37,273,559104,2720,0.9999486804008484,0.0008798147705874726,0.2,0.000626987726718653,0.00095955096,0.021484375,-0.0007594986818730831,0.0003,-0.13449865325819702,,
,,,,,560000,2730,0.9999498724937439,0.0009357040839404363,0.2,0.002716584570589475,0.005597203,0.0373046875,-0.014062692411243916,0.0003,-0.1357531575486064,8.6,187.0
663,845,8.550999999999998,186.51,274,561152,,,,,,,,,,,,
663,848,8.562999999999999,186.63,275,563200,2740,0.9999257326126099,0.001459292167237436,0.2,-0.0017794654471799732,0.0013838636,0.021484375,-0.0013610956957563758,0.0003,-0.12309850498568267,,
663,851,8.577,186.77,276,565248,2750,0.9999764561653137,0.00048296596207819675,0.2,0.00015371357440017164,0.0011658364,0.02099609375,0.014650179073214531,0.0003,-0.12376829171553254,,
663,854,8.576999999999998,186.77,277,567296,2760,0.9998894333839417,0.0026950275699391566,0.2,0.0013537069491576404,0.0025119525,0.026123046875,-0.0020335570443421602,0.0003,-0.16429025160614402,,
663,858,8.588,186.88,278,569344,2770,0.9999738335609436,0.0003546172377127732,0.2,-0.001399182085879147,0.0031938492,0.031494140625,-0.008895523846149445,0.0003,-0.12346351698506623,,
,,,,,570000,2780,0.9999819993972778,0.0003228790242701507,0.2,0.0005375800421461463,0.0006108301,0.0123046875,-0.00522192008793354,0.0003,-0.12409323402680457,8.6,187.0
662,861,8.585999999999999,186.86,279,571392,,,,,,,,,,,,
663,864,8.572,186.72,280,573440,2790,0.9999555945396423,0.0011181495985056245,0.2,0.0013086965802358464,0.00056506606,0.01875,0.0025758608244359493,0.0003,-0.12334370191674679,,
663,867,8.573999999999998,186.74,281,575488,2800,0.9985795617103577,0.031653260257735384,0.2,0.0008791860193014145,0.0032664184,0.018408203125,0.0814250111579895,0.0003,-0.11581404907628894,,
663,870,8.575999999999999,186.76,282,577536,2810,0.9999557733535767,0.0005955060802989465,0.2,-0.001986700495763216,0.000646949,0.014013671875,-0.0024941163137555122,0.0003,-0.11933636881876737,,
663,873,8.578999999999999,186.79,283,579584,2820,0.9999750256538391,0.00034533552300217705,0.2,0.00327589923836058,0.005604356,0.0341796875,-0.008392740972340107,0.0003,-0.15866584805771708,,
,,,,,580000,2830,0.9999841451644897,0.0002802160988039759,0.2,0.00013491954014170914,0.0019240375,0.0150390625,-0.004655909258872271,0.0003,-0.1337873324053362,8.6,187.0
662,877,8.578999999999999,186.79,284,581632,,,,,,,,,,,,
662,880,8.583,186.83,285,583680,2840,0.9999880790710449,0.00024416883863978003,0.2,0.0004133111680857837,0.003215759,0.028662109375,0.004685672465711832,0.0003,-0.14278407369274645,,
662,883,8.581999999999999,186.82,286,585728,2850,0.9999927878379822,0.00017393916964465462,0.2,-0.001325646898476407,0.0012575142,0.017041015625,-0.0058069126680493355,0.0003,-0.12082040312234313,,
662,886,8.572999999999999,186.73,287,587776,2860,0.9999850392341614,0.0003414309588379183,0.2,0.0012060885346727446,0.0016054851,0.019287109375,-0.0033302067313343287,0.0003,-0.14767138906754554,,
662,890,8.555999999999997,186.56,288,589824,2870,0.9997202754020691,0.005496863013286201,0.2,0.004420797387138009,0.005022889,0.036083984375,-0.016720453277230263,0.0003,-0.1573223059764132,,
,,,,,590000,2880,0.9984066486358643,0.03305383460901794,0.2,-0.00014792179135838523,0.0009303627,0.0109375,0.006507059559226036,0.0003,-0.15363005134277047,8.6,187.0
662,893,8.571,186.71,289,591872,,,,,,,,,,,,
662,896,8.57,186.7,290,593920,2890,0.9997838139533997,0.00122787648360827,0.2,-0.0010281496128300206,0.005003046,0.0396484375,0.006734013557434082,0.0003,-0.1414780727121979,,
662,899,8.567,186.67,291,595968,2900,0.999932050704956,0.0005739399088270147,0.2,0.0005954333726549521,0.0013015706,0.023486328125,-0.0002491275081411004,0.0003,-0.14738424730021507,,
662,903,8.567,186.67,292,598016,2910,0.9999167323112488,0.001684003432865211,0.2,-0.0013712922678678296,0.0069334344,0.051806640625,0.0011283265193924308,0.0003,-0.163868150790222,,
,,,,,600000,2920,0.9999866485595703,0.00019058015385553517,0.2,-0.00031675821664975954,0.0025738066,0.026806640625,0.0007134273182600737,0.0003,-0.15168670369312168,8.6,187.0
661,906,8.559,186.59,293,600064,,,,,,,,,,,,
661,910,8.559,186.59,294,602112,2930,0.9995471239089966,0.009356787265551248,0.2,0.003128438569547143,0.002621118,0.02939453125,-0.0018368423916399479,0.0003,-0.1436585013754666,,
661,913,8.559999999999999,186.6,295,604160,2940,0.9999639391899109,0.000447338902449701,0.2,-4.9043106264434756e-05,0.0034997235,0.01884765625,0.002429717918857932,0.0003,-0.1282897672150284,,
661,916,8.567999999999998,186.68,296,606208,2950,0.9999865889549255,0.00024586857230133317,0.2,-0.0013007468442083336,0.003306576,0.037451171875,0.015532723627984524,0.0003,-0.16215838342905045,,
661,919,8.587,186.87,297,608256,2960,0.9999871850013733,0.000275368098027684,0.2,-0.00013694159861188382,0.0005894274,0.01376953125,-0.0012757963268086314,0.0003,-0.13659692031797022,,
,,,,,610000,2970,0.9999922513961792,0.00015348858788684084,0.2,0.00039886158483568577,0.0015121481,0.01962890625,0.004772689193487167,0.0003,-0.14772661400493234,8.6,187.0
661,922,8.584999999999999,186.85,298,610304,,,,,,,,,,,,
661,926,8.581,186.81,299,612352,2980,0.9999690651893616,0.0007476909845763657,0.2,0.0005694018022040836,0.0013681096,0.0173828125,-0.0011805837275460362,0.0003,-0.14019833074416965,,
661,929,8.582999999999998,186.83,300,614400,2990,0.999815821647644,0.004180275839826208,0.2,0.00021834518483956344,0.00093240023,0.01201171875,7.569557055830956e-05,0.0003,-0.14950426642317324,,
661,932,8.577999999999998,186.78,301,616448,3000,0.9999778270721436,0.00037106880595274563,0.2,-0.000992410177423153,0.0023614836,0.02490234375,-0.0050297812558710575,0.0003,-0.14762810787651687,,
661,935,8.547999999999996,186.48,302,618496,3010,0.9998893141746521,0.0027434016797997173,0.2,0.0016760458791395649,0.003993056,0.0181640625,-0.0001617802190594375,0.0003,-0.1388519540661946,,
,,,,,620000,3020,0.9968779683113098,0.059437242070271165,0.2,0.0037068070058012383,0.0019021921,0.02451171875,-0.003050309605896473,0.0003,-0.14388345403131098,8.6,187.0
660,938,8.525999999999998,186.26,303,620544,,,,,,,,,,,,
660,941,8.52,186.2,304,622592,3030,0.9994804263114929,0.01096411070029717,0.2,-0.0012901380832772702,0.0015251387,0.0205078125,0.014124126173555851,0.0003,-0.1462405401049182,,
660,945,8.511000000000001,186.11,305,624640,3040,0.9995580911636353,0.005600852050883986,0.2,-0.0009624044963857159,0.0058727283,0.053857421875,0.0035268208011984825,0.0003,-0.1580123924650252,,
660,948,8.511,186.11,306,626688,3050,0.9993695616722107,0.013656017914217954,0.2,0.00036217994493199513,0.010345571,0.052734375,-0.0034775324165821075,0.0003,-0.1793789913877845,,
660,951,8.513,186.13,307,628736,3060,0.9998552799224854,0.0010200506187629799,0.2,-0.0001551825480419211,0.0013166997,0.01708984375,0.00591428205370903,0.0003,-0.12407823882531374,,
,,,,,630000,3070,0.999902606010437,0.0006351067256673559,0.2,0.0003029549363418482,0.0028884523,0.03017578125,-0.0009798234095796943,0.0003,-0.16550644631497563,8.6,187.0
660,955,8.517999999999999,186.18,308,630784,,,,,,,,,,,,
660,958,8.509999999999998,186.1,309,632832,3080,0.9999622702598572,0.00034030740480375246,0.2,0.0007358727307291701,0.0006571067,0.012744140625,0.00043665256816893816,0.0003,-0.12898618180770427,,
660,961,8.496,185.96,310,634880,3090,0.9996966123580933,0.0058168981708149655,0.2,-0.0004464109631953761,0.00037953083,0.014208984375,-0.00036044034641236067,0.0003,-0.14742241685744376,,
660,964,8.520999999999999,186.21,311,636928,3100,0.997789740562439,0.04607472350362514,0.2,-0.0005721964116673917,0.0009102052,0.013232421875,0.002457314170897007,0.0003,-0.12502897892845793,,
660,967,8.543999999999999,186.44,312,638976,3110,0.9997876882553101,0.0018401296763840946,0.2,-0.0012932890851516277,0.0005320365,0.01396484375,-0.008888166397809982,0.0003,-0.12467239776160569,,
,,,,,640000,3120,0.9995831847190857,0.009651938101615087,0.2,-0.00044453001610236245,0.0006677246,0.0095703125,0.008150985464453697,0.0003,-0.12223352962173521,8.6,187.0
660,970,8.536,186.36,313,641024,,,,,,,,,,,,
660,974,8.546,186.46,314,643072,3130,0.9981843829154968,0.03729336833112029,0.2,-0.001061799708986655,0.0014184986,0.016259765625,-0.0005748928524553776,0.0003,-0.14846680716145783,,
660,977,8.546,186.46,315,645120,3140,0.9998250603675842,0.0018727202001173281,0.2,-0.0011374337569577619,0.003013914,0.024658203125,0.0013220006367191672,0.0003,-0.1438754115719348,,
660,979,8.546,186.46,316,647168,3150,0.9999525547027588,0.00045569146632260524,0.2,-0.001291583720012568,0.0025693832,0.028759765625,-0.011903555132448673,0.0003,-0.1316837752237916,,
660,982,8.546,186.46,317,649216,3160,0.9999698400497437,0.0003011223140447328,0.2,-0.00042855601495830344,0.0010231389,0.01484375,-0.0038820153567939997,0.0003,-0.1533199522877112,,
,,,,,650000,3170,0.9999868273735046,0.00015782665871029168,0.2,0.0001756603887770325,0.00079229625,0.018505859375,0.0005210137460380793,0.0003,-0.12672065708320587,8.6,187.0
660,986,8.555,186.55,318,651264,,,,,,,,,,,,
660,989,8.555,186.55,319,653312,3180,0.9999874234199524,0.00019714913648840592,0.2,-0.0015614825213560834,0.0014402221,0.027783203125,-0.001212102361023426,0.0003,-0.13788395904703066,,
660,992,8.573999999999998,186.74,320,655360,3190,0.9999927282333374,0.0001338850311412898,0.2,0.0006660035738605075,0.0024644132,0.018603515625,-0.0069200280122458935,0.0003,-0.13992697482462974,,
660,995,8.581999999999999,186.82,321,657408,3200,0.9999931454658508,0.00013926669676038727,0.2,-0.0007627039158251137,0.0011774766,0.015478515625,-0.025209203362464905,0.0003,-0.1420418684836477,,
660,999,8.6,187.0,322,659456,3210,0.9999954104423523,9.73437820334766e-05,0.2,0.0008118096680846065,0.0032565133,0.0220703125,0.004000818822532892,0.0003,-0.14034664009232073,,
,,,,,660000,3220,0.999994695186615,0.00011431679214410906,0.2,0.00038724065816495565,0.0016893484,0.0212890625,-0.0028486521914601326,0.0003,-0.12120108782546594,8.6,187.0
659,1002,8.6,187.0,323,661504,,,,,,,,,,,,
659,1005,8.6,187.0,324,663552,3230,0.9999959468841553,0.00015465835302848064,0.2,-0.000987710822664667,0.0010054254,0.017626953125,0.00199627922847867,0.0003,-0.11687584400642663,,
659,1008,8.6,187.0,325,665600,3240,0.9999963641166687,0.00012267363448472678,0.2,0.0001745071465848014,0.0011649064,0.01796875,0.0004037560720462352,0.0003,-0.13574842042289675,,
659,1011,8.6,187.0,326,667648,3250,0.9999960064888,0.0001359503826506625,0.2,0.0008781682103290222,0.0013666772,0.016552734375,-0.005233005620539188,0.0003,-0.13726601300295443,,
659,1014,8.6,187.0,327,669696,3260,0.9999960064888,0.00015333862003217292,0.2,0.0003853578265989199,0.0012610729,0.01767578125,-0.007919694297015667,0.0003,-0.1260859081055969,,
,,,,,670000,3270,0.9999966621398926,9.895124663898969e-05,0.2,0.00040175668837036935,0.00024789985,0.016796875,0.0011477674124762416,0.0003,-0.11274303561076522,8.6,187.0
659,1018,8.6,187.0,328,671744,,,,,,,,,,,,
659,1021,8.6,187.0,329,673792,3280,0.9999967217445374,0.00016512338087864008,0.2,0.0011167253091116437,0.0015626559,0.01005859375,-0.0026661979500204325,0.0003,-0.11272151155862957,,
659,1024,8.6,187.0,330,675840,3290,0.9999946355819702,0.00010177596916491894,0.2,0.00022781174775445833,0.0007661275,0.009765625,0.002342232968658209,0.0003,-0.11840990857454017,,
659,1027,8.6,187.0,331,677888,3300,0.9999962449073792,0.00014116109640553985,0.2,0.00031226021237671373,0.002767853,0.02861328125,0.004066057503223419,0.0003,-0.13310564944986253,,
659,1030,8.6,187.0,332,679936,3310,0.9999960660934448,0.00012741056495997328,0.2,0.0010507862753001973,0.0042027608,0.025048828125,-0.004257621709257364,0.0003,-0.12696338980458677,,
,,,,,680000,3320,0.9999963045120239,8.644246448739069e-05,0.2,0.0004855638559092768,0.002885568,0.026123046875,0.0030763340182602406,0.0003,-0.1155086086364463,8.6,187.0
659,1034,8.6,187.0,333,681984,,,,,,,,,,,,
659,1037,8.6,187.0,334,684032,3330,0.9999969601631165,0.00021806711812359935,0.2,0.00014970086776884274,0.0010724037,0.013916015625,-0.0006451021181419492,0.0003,-0.10628184506203979,,
659,1040,8.6,187.0,335,686080,3340,0.9999972581863403,7.559219101267445e-05,0.2,-0.0023191796310129574,0.0060978206,0.030908203125,0.015060648322105408,0.0003,-0.1029919626773335,,
658,1044,8.6,187.0,336,688128,3350,0.9999975562095642,0.0004792625167226561,0.2,0.00042122185113839804,0.0010985949,0.01953125,0.002583849709481001,0.0003,-0.10485390613321215,,
,,,,,690000,3360,0.9999967813491821,8.72029981792366e-05,0.2,0.00014170438080327586,0.0018345487,0.024951171875,0.011563150212168694,0.0003,-0.1160627392004244,8.6,187.0
658,1047,8.6,187.0,337,690176,,,,,,,,,,,,
658,1050,8.6,187.0,338,692224,3370,0.9999973177909851,8.014471986257376e-05,0.2,0.000458116180379875,0.002168816,0.015380859375,0.001598065602593124,0.0003,-0.09554289603838698,,
658,1054,8.6,187.0,339,694272,3380,0.9999970197677612,7.736233470723164e-05,0.2,0.0002881268796045333,0.0022969134,0.019091796875,-0.005660106427967548,0.0003,-0.088100017310353,,
658,1057,8.6,187.0,340,696320,3390,0.999997079372406,0.00013579182090097674,0.2,0.000652093134704046,0.0017400439,0.016845703125,-0.0025961219798773527,0.0003,-0.10383388961199672,,
658,1060,8.6,187.0,341,698368,3400,0.9999974370002747,0.0002039915334876241,0.2,0.0014103424007771536,0.0032844702,0.0197265625,-0.00023800184135325253,0.0003,-0.1144425816484727,,
,,,,,700000,3410,0.9999973773956299,0.000134520791579007,0.2,0.001720913614553865,0.0028950502,0.02509765625,0.042401041835546494,0.0003,-0.10024790033930912,8.6,187.0
658,1063,8.6,187.0,342,700416,,,,,,,,,,,,
658,1066,8.6,187.0,343,702464,3420,0.999997079372406,0.0003700141320621242,0.2,0.0006350226933136583,0.00177423,0.023095703125,-0.008839843794703484,0.0003,-0.08980777001706883,,
658,1069,8.6,187.0,344,704512,3430,0.9999954104423523,0.00046631866504753816,0.2,0.0017657137650530785,0.0025701975,0.0181640625,0.06872532516717911,0.0003,-0.09725888381944969,,
658,1073,8.6,187.0,345,706560,3440,0.9999974966049194,6.075676644172745e-05,0.2,0.0006441031553549692,0.001239432,0.013623046875,-0.007233187090605497,0.0003,-0.09374488726025447,,
658,1076,8.6,187.0,346,708608,3450,0.9999978542327881,6.151946087697979e-05,0.2,0.0010390447016106919,0.0010618481,0.022705078125,0.005340931937098503,0.0003,-0.10053924184758216,,
,,,,,710000,3460,0.9999974966049194,6.0887537625831103e-05,0.2,0.00031387440249091013,0.0018192733,0.013232421875,0.011285477317869663,0.0003,-0.08988285636296496,8.6,187.0
658,1079,8.6,187.0,347,710656,,,,,,,,,,,,
658,1082,8.6,187.0,348,712704,3470,0.9999976754188538,0.0001528116434428739,0.2,0.0012651024764636532,0.003503227,0.026025390625,-0.003866670886054635,0.0003,-0.09313560352893546,,
658,1086,8.6,187.0,349,714752,3480,0.9999976754188538,8.397803036928054e-05,0.2,0.0015767748351208865,0.0017608294,0.013818359375,0.010019177570939064,0.0003,-0.08570647094747982,,
658,1088,8.6,187.0,350,716800,3490,0.9999977946281433,0.0001782175029688915,0.2,-0.00043364689918234944,0.0037132183,0.0287109375,-0.0061757224611938,0.0003,-0.10589703321456909,,
658,1091,8.6,187.0,351,718848,3500,0.9999977946281433,0.00014276825185106646,0.2,0.001943264511646703,0.0036653667,0.0275390625,0.003147943876683712,0.0003,-0.09084438970894552,,
,,,,,720000,3510,0.9999976754188538,0.00022499129617017388,0.2,0.0008963985426817089,0.002352429,0.021435546875,-0.0029084007255733013,0.0003,-0.09530257325386629,8.6,187.0
658,1094,8.6,187.0,352,720896,,,,,,,,,,,,
658,1097,8.6,187.0,353,722944,3520,0.9999969005584717,9.60687176416286e-05,0.2,0.0011096150818048045,0.0026623295,0.024365234375,0.00086964265210554,0.0003,-0.09236886482685805,,
659,1100,8.6,187.0,354,724992,3530,0.9999973773956299,0.00025349214042194037,0.2,0.00011408198188291862,0.0042120363,0.02802734375,-0.0057880328968167305,0.0003,-0.10622978548053652,,
659,1102,8.6,187.0,355,727040,3540,0.9999976754188538,6.783688419886857e-05,0.2,0.0006921901542227716,0.0009875628,0.02333984375,-0.005438084714114666,0.0003,-0.10564905917271972,,
659,1105,8.6,187.0,356,729088,3550,0.9999975562095642,6.363144910324082e-05,0.2,0.000360325192741584,0.00048087875,0.015185546875,0.00052966846851632,0.0003,-0.0986324796685949,,
,,,,,730000,3560,0.9999973177909851,6.54989923134508e-05,0.2,0.0011139667039969936,0.002413356,0.030322265625,0.007074020337313414,0.0003,-0.10805634583812207,8.6,187.0
659,1108,8.6,187.0,357,731136,,,,,,,,,,,,
659,1111,8.6,187.0,358,733184,3570,0.9999972581863403,0.0001735913960601465,0.2,0.0009273073985241354,0.0023179704,0.024072265625,-0.008477478288114071,0.0003,-0.09150421039666981,,
659,1114,8.6,187.0,359,735232,3580,0.9999973773956299,0.00022543673792370101,0.2,-0.00048297151370206847,0.006398273,0.04658203125,0.011105653829872608,0.0003,-0.1117873793002218,,
659,1117,8.6,187.0,360,737280,3590,0.9999977350234985,0.00016619338418308872,0.2,0.0006886355113238096,0.00152586,0.02734375,0.0020955034997314215,0.0003,-0.1005215564975515,,
660,1119,8.6,187.0,361,739328,3600,0.9999956488609314,0.0005964595320364196,0.2,0.0003925488344975747,0.0048423167,0.030224609375,-0.005209736526012421,0.0003,-0.10735355468932539,,
,,,,,740000,3610,0.9999970197677612,5.37777062618261e-05,0.2,0.0015252329088980333,0.002811592,0.029150390625,0.003705342998728156,0.0003,-0.10947532744612545,8.6,187.0
660,1123,8.6,187.0,362,741376,,,,,,,,,,,,
660,1125,8.6,187.0,363,743424,3620,0.9999975562095642,4.7161660185679465e-05,0.2,4.4874066952615975e-05,0.0018099832,0.025830078125,0.0005612849490717053,0.0003,-0.08481595010962337,,
660,1128,8.6,187.0,364,745472,3630,0.9999982118606567,0.00020980940176684726,0.2,0.0004186598933301866,0.0016720345,0.02470703125,-0.005596139933913946,0.0003,-0.09507920359028503,,
660,1131,8.6,187.0,365,747520,3640,0.9999978542327881,0.00024334634469482807,0.2,0.0003854510156088509,0.0020863763,0.016259765625,-0.010072539560496807,0.0003,-0.09068743219831958,,
661,1133,8.6,187.0,366,749568,3650,0.9999983906745911,7.066103614477015e-05,0.2,0.000933954885113053,0.00086608774,0.022119140625,-0.002007764298468828,0.0003,-0.08960696047288366,,
,,,,,750000,3660,0.9999983906745911,4.740104573670578e-05,0.2,0.00033406307047698645,0.0016389779,0.021630859375,-0.0016330201178789139,0.0003,-0.08239644521381706,8.6,187.0
661,1137,8.6,187.0,367,751616,,,,,,,,,,,,
661,1139,8.6,187.0,368,753664,3670,0.999998152256012,7.696849054354971e-05,0.2,0.001219928370846901,0.0005844026,0.020703125,-0.0007072642911225557,0.0003,-0.09082574716303497,,
661,1142,8.6,187.0,369,755712,3680,0.999998152256012,0.00045871573436500056,0.2,0.0006191101594595239,0.0020002837,0.028271484375,0.0029492536559700966,0.0003,-0.09361489432631061,,
661,1145,8.6,187.0,370,757760,3690,0.9999872446060181,8.533444752742981e-05,0.2,0.0018021051830146462,0.0054489016,0.038134765625,0.045742593705654144,0.0003,-0.09141572778462433,,
661,1147,8.6,187.0,371,759808,3700,0.999995768070221,0.00032936095526565624,0.2,0.0021861736400751396,0.004130037,0.03251953125,-0.009112700819969177,0.0003,-0.09824832517188042,,
,,,,,760000,3710,0.9999970197677612,0.00010822338027765,0.2,0.0015492809179704636,0.008559944,0.048828125,0.04372509941458702,0.0003,-0.11835175326559692,8.6,187.0
661,1151,8.597999999999999,186.98,372,761856,,,,,,,,,,,,
662,1153,8.591,186.91,373,763904,3720,0.9999701976776123,0.0008364114596815852,0.2,-2.7263470110483466e-05,0.0016230616,0.01435546875,0.0038829208351671696,0.0003,-0.10239994813455269,,
662,1156,8.591,186.91,374,765952,3730,0.9996770620346069,0.007181495186796383,0.2,-0.0002078175253700465,0.0006374405,0.01435546875,-0.006735534407198429,0.0003,-0.09304843113059177,,
662,1159,8.591,186.91,375,768000,3740,0.9999688267707825,0.000388172675388887,0.2,0.0007419270536047406,0.0016335091,0.024609375,0.005214262288063765,0.0003,-0.11275150761939585,,
,,,,,770000,3750,0.9999842047691345,0.00018177564695633918,0.2,-0.00036628274829126896,0.010032335,0.074365234375,-0.004011181183159351,0.0003,-0.1484118195483461,8.6,187.0
662,1162,8.591,186.91,376,770048,,,,,,,,,,,,
662,1164,8.591,186.91,377,772096,3760,0.9999948143959045,6.946189994323504e-05,0.2,-0.00013395792338997126,0.0007327903,0.015087890625,-0.004469484556466341,0.0003,-0.10651252713287249,,
663,1167,8.591,186.91,378,774144,3770,0.9999964237213135,5.137766239045049e-05,0.2,0.00029398274054983633,0.0019628312,0.0318359375,-0.004441029857844114,0.0003,-0.11535397570114583,,
663,1170,8.591,186.91,379,776192,3780,0.9999973773956299,5.019394383509734e-05,0.2,0.0008960558479884639,0.0008299523,0.019873046875,-0.00010930767166428268,0.0003,-0.09871297624194994,,
663,1173,8.591,186.91,380,778240,3790,0.999997615814209,6.600155188039026e-05,0.2,0.001613843634549994,0.0021201146,0.021923828125,-0.0018427124014124274,0.0003,-0.10948726761853322,,
,,,,,780000,3800,0.9999980330467224,6.49064250040965e-05,0.2,-0.0011131359642604366,0.007945795,0.034619140625,0.048327140510082245,0.0003,-0.10665152543224395,8.6,187.0
663,1176,8.593,186.93,381,780288,,,,,,,,,,,,
663,1178,8.6,187.0,382,782336,3810,0.9999980330467224,0.00027097773156583573,0.2,0.0011309325695037843,0.0011220658,0.017138671875,-0.003954391460865736,0.0003,-0.09915068324189633,,
663,1181,8.6,187.0,383,784384,3820,0.9999986886978149,0.00015373423167375222,0.2,0.0010902566951699554,0.0017579941,0.024365234375,-0.01174352690577507,0.0003,-0.08716155672445894,,
664,1184,8.6,187.0,384,786432,3830,0.9999983310699463,4.6088147868772467e-05,0.2,0.0006015067338012159,0.0017262325,0.02734375,-0.008848074823617935,0.0003,-0.0956207475042902,,
664,1186,8.6,187.0,385,788480,3840,0.9999985098838806,5.4403613555109585e-05,0.2,0.0011599047560594045,0.001715662,0.02158203125,0.018761519342660904,0.0003,-0.09690026289317757,,
,,,,,790000,3850,0.9999982714653015,0.00011138162499264581,0.2,0.0006908339535584673,0.0022408033,0.02822265625,-0.0032798624597489834,0.0003,-0.10550706940703095,8.6,187.0
664,1190,8.6,187.0,386,790528,,,,,,,,,,,,
664,1192,8.6,187.0,387,792576,3860,0.9999983310699463,7.078336064409995e-05,0.2,0.0005252087576081976,0.0017147944,0.0162109375,-0.003955726977437735,0.0003,-0.08714258524123579,,
664,1195,8.6,187.0,388,794624,3870,0.9999985098838806,0.00037382272325032774,0.2,0.0011991967738140374,0.0034625737,0.0171875,-0.0003384574956726283,0.0003,-0.08698978405445815,,
664,1198,8.6,187.0,389,796672,3880,0.9999983906745911,0.00038199933474629687,0.2,0.0013872441370040179,0.0016057808,0.016943359375,-0.003487303387373686,0.0003,-0.08067752057686448,,
665,1200,8.6,187.0,390,798720,3890,0.9999985694885254,4.08355541480887e-05,0.2,0.0016290491403196938,0.003534705,0.02158203125,-0.0033600369933992624,0.0003,-0.09375164260854944,,
,,,,,800000,3900,0.9999988079071045,0.0003009560131999933,0.2,0.00157200845569605,0.004436503,0.0294921875,-0.007275388576090336,0.0003,-0.09164090850390494,8.6,187.0
665,1204,8.6,187.0,391,800768,,,,,,,,,,,,
665,1206,8.6,187.0,392,802816,3910,0.9999986886978149,3.775751900150226e-05,0.2,-0.00039857381052570416,0.002567205,0.02138671875,0.014602795243263245,0.0003,-0.08365535545162857,,
665,1209,8.6,187.0,393,804864,3920,0.9999983906745911,4.358469166447776e-05,0.2,0.0011609077148023062,0.002723867,0.023193359375,-0.004119680728763342,0.0003,-0.0864052980672568,,
665,1211,8.6,187.0,394,806912,3930,0.9999983310699463,0.000117465852426335,0.2,7.255728851305321e-05,0.0028655753,0.0205078125,-0.004503133241087198,0.0003,-0.0791400040674489,,
665,1214,8.6,187.0,395,808960,3940,0.9999986290931702,4.541429130711094e-05,0.2,0.000825816232827492,0.001287478,0.022509765625,0.010150213725864887,0.0003,-0.08776008272543549,,
,,,,,810000,3950,0.9999983310699463,0.0001543099240166157,0.2,0.0010218385665211826,0.00090378657,0.02119140625,-0.003906833473592997,0.0003,-0.08907089554122649,8.6,187.0
665,1217,8.6,187.0,396,811008,,,,,,,,,,,,
666,1220,8.6,187.0,397,813056,3960,0.9999986886978149,0.0003400120950402652,0.2,0.0007026843901257962,0.0032021063,0.029296875,-0.009637841954827309,0.0003,-0.08835463993018493,,
666,1223,8.6,187.0,398,815104,3970,0.9999984502792358,7.745650869424025e-05,0.2,0.001187634486996103,0.0012167176,0.015673828125,0.0032162736169993877,0.0003,-0.08595829480327666,,
666,1225,8.6,187.0,399,817152,3980,0.9999988079071045,8.284928897239752e-05,0.2,0.0012197365780593828,0.008971116,0.0279296875,-0.013070745393633842,0.0003,-0.08873407762730494,,
666,1228,8.6,187.0,400,819200,3990,0.9999988675117493,9.501796771473891e-05,0.2,0.0007347225851844996,0.005048427,0.030908203125,0.0019319690763950348,0.0003,-0.07433073996799067,,
,,,,,820000,4000,0.9999988079071045,4.7315276850667944e-05,0.2,0.0016084920207504183,0.001371759,0.029150390625,-0.01397641096264124,0.0003,-0.08253824165440164,8.6,187.0
666,1231,8.595999999999998,186.96,401,821248,,,,,,,,,,,,
667,1234,8.595999999999998,186.96,402,823296,4010,0.9998871684074402,0.0030368860572252744,0.2,0.00045488579198718073,0.0022030752,0.02470703125,0.013040979392826557,0.0003,-0.08343604480614886,,
667,1236,8.595999999999998,186.96,403,825344,4020,0.9999697208404541,8.604023810221406e-05,0.2,0.00018448234477546065,0.0021837186,0.020654296875,0.004829323850572109,0.0003,-0.08084154896787368,,
667,1239,8.595999999999998,186.96,404,827392,4030,0.999989926815033,4.379376995586881e-05,0.2,0.000772473425604403,0.001248582,0.025048828125,-0.0028474556747823954,0.0003,-0.06538343660649844,,
667,1242,8.595999999999998,186.96,405,829440,4040,0.9999947547912598,4.8050640305064005e-05,0.2,0.00104772501217667,0.0036720354,0.0216796875,0.03427204117178917,0.0003,-0.08293299328070133,,
,,,,,830000,4050,0.9999967217445374,0.00039470589476024996,0.2,0.0021907149668550117,0.005661006,0.038037109375,0.002002660883590579,0.0003,-0.08858728043269366,8.6,187.0
667,1245,8.595999999999998,186.96,406,831488,,,,,,,,,,,,
667,1248,8.592999999999998,186.93,407,833536,4060,0.9999976754188538,3.607599705617304e-05,0.2,0.0009543735897750594,0.0075342823,0.027001953125,0.04340215399861336,0.0003,-0.09053825904848053,,
667,1250,8.593,186.93,408,835584,4070,0.9999357461929321,0.001927947969466004,0.2,0.0019040694780414924,0.0036012868,0.021826171875,-0.007285054307430983,0.0003,-0.07987452218076214,,
668,1253,8.593,186.93,409,837632,4080,0.999992847442627,7.457505629417937e-05,0.2,0.0026466347218956797,0.004206218,0.027734375,0.009037790820002556,0.0003,-0.08959821112221107,,
668,1256,8.594999999999997,186.95,410,839680,4090,0.999997615814209,4.735338450814197e-05,0.2,0.0007225293753435835,0.0035464717,0.034228515625,0.008878985419869423,0.0003,-0.09673830015817657,,
,,,,,840000,4100,0.9999685287475586,0.0007396342150855162,0.2,0.0020902902877423914,0.0055848365,0.031396484375,-0.007980152033269405,0.0003,-0.08915400773403234,8.6,187.0
668,1259,8.595,186.95,411,841728,,,,,,,,,,,,
668,1262,8.588999999999999,186.89,412,843776,4110,0.9999960064888,7.5432758592342e-05,0.2,0.0014660432119853795,0.0040357504,0.02216796875,0.0009436951368115842,0.0003,-0.083179326786194,,
668,1264,8.588,186.88,413,845824,4120,0.9997562766075134,0.005998674722650321,0.2,0.0009937647759215907,0.000920817,0.0177734375,0.0009372701751999557,0.0003,-0.09498629766749218,,
668,1267,8.583999999999998,186.84,414,847872,4130,0.9999783039093018,0.00048332729318190104,0.2,0.006968738311843481,0.0041418686,0.039306640625,-0.01354078110307455,0.0003,-0.09876388619886711,,
669,1270,8.583999999999998,186.84,415,849920,4140,0.9998905658721924,0.00256994036328706,0.2,0.00529514148220187,0.0019196764,0.03271484375,0.017146257683634758,0.0003,-0.10092941634356975,,
,,,,,850000,4150,0.9999768733978271,0.00015324673535133115,0.2,0.0009466748655540868,0.0050960463,0.0232421875,-0.00045457592932507396,0.0003,-0.10054667360382155,8.6,187.0
669,1273,8.586999999999998,186.87,416,851968,,,,,,,,,,,,
669,1275,8.584999999999999,186.85,417,854016,4160,0.9999936819076538,8.661357618962029e-05,0.2,0.002029607250005938,0.002891659,0.026416015625,0.0018066453048959374,0.0003,-0.10796654290752486,,
669,1278,8.579,186.79,418,856064,4170,0.9999669790267944,0.0007182955733696872,0.2,0.00026904716942226513,0.0014429702,0.015673828125,0.0020196661353111267,0.0003,-0.11025279770838096,,
669,1281,8.581,186.81,419,858112,4180,0.9997633695602417,0.00582062474140912,0.2,-0.0008645869806059636,0.0016111548,0.01416015625,-0.0019712161738425493,0.0003,-0.09815020955866202,,
,,,,,860000,4190,0.9999839067459106,0.00012424937415289605,0.2,0.0007062077464070171,0.006457852,0.044287109375,-0.006617620121687651,0.0003,-0.11266437573358416,8.6,187.0
669,1284,8.581,186.81,420,860160,,,,,,,,,,,,
669,1287,8.587,186.87,421,862208,4200,0.9999922513961792,8.232092278603886e-05,0.2,0.004224947767215781,0.041146517,0.071728515625,0.0008637766586616635,0.0003,-0.13106583734042943,,
670,1289,8.588,186.88,422,864256,4210,0.9999955892562866,4.872172467571545e-05,0.2,0.0014430590847041458,0.0024363762,0.024267578125,-0.007870200090110302,0.0003,-0.10967344960663468,,
670,1292,8.591999999999999,186.92,423,866304,4220,0.9999969005584717,4.498006477433591e-05,0.2,0.0009790431329747662,0.0024968314,0.02373046875,-0.01138880755752325,0.0003,-0.10285126398084685,,
670,1295,8.591999999999999,186.92,424,868352,4230,0.9999979138374329,8.955473623188937e-05,0.2,0.0014509734770399517,0.0011494353,0.024169921875,-0.004222367890179157,0.0003,-0.10522913649911061,,
,,,,,870000,4240,0.9999982118606567,3.871327196520724e-05,0.2,0.000557118043070659,0.00079364754,0.014501953125,0.0005110847414471209,0.0003,-0.09377798270434141,8.6,187.0
670,1298,8.591999999999999,186.92,425,870400,,,,,,,,,,,,
670,1300,8.594,186.94,426,872448,4250,0.9999984502792358,3.8631019884860506e-05,0.2,0.00012065718765370548,0.0023185348,0.024609375,0.004896244499832392,0.0003,-0.09809196750866249,,
670,1303,8.6,187.0,427,874496,4260,0.9999985098838806,9.48500994297774e-05,0.2,0.0008378783415537328,0.0010730593,0.01708984375,0.0033449328038841486,0.0003,-0.08578036603285,,
670,1306,8.596999999999998,186.97,428,876544,4270,0.9999986886978149,0.0004972294064060634,0.2,0.0008681813400471583,0.0026066492,0.028173828125,-0.014329317025840282,0.0003,-0.08893147861817852,,
671,1309,8.596999999999998,186.97,429,878592,4280,0.9999298453330994,0.001734093204504461,0.2,0.00728534359659534,0.004723438,0.036181640625,-0.003986682277172804,0.0003,-0.08860808109748178,,
,,,,,880000,4290,0.9999900460243225,9.775145561548015e-05,0.2,0.0013013658346608282,0.002165406,0.025634765625,0.0027616778388619423,0.0003,-0.09068537427810952,8.6,187.0
671,1312,8.594999999999997,186.95,430,880640,,,,,,,,,,,,
671,1314,8.591000000000001,186.91,431,882688,4300,0.9999686479568481,0.0007626248229144039,0.2,0.001883707067463547,0.002050054,0.027978515625,-0.009588830173015594,0.0003,-0.10060161189758218,,
671,1317,8.591,186.91,432,884736,4310,0.999896228313446,0.002731376261863261,0.2,0.0013624066443298944,0.0009689203,0.02666015625,-0.0006668397109024227,0.0003,-0.10064959005685523,,
671,1320,8.581999999999999,186.82,433,886784,4320,0.9999803900718689,8.852824407767912e-05,0.2,0.000419152740505524,0.003795376,0.025146484375,-0.0007343583274632692,0.0003,-0.10484498916193843,,
671,1323,8.581999999999999,186.82,434,888832,4330,0.9998217821121216,0.004146517251319893,0.2,0.0006852891223388724,0.0018904167,0.016357421875,0.003400750458240509,0.0003,-0.08643779486301355,,
,,,,,890000,4340,0.9999730587005615,6.101142532486392e-05,0.2,0.0011110747116617858,0.001221312,0.022900390625,-0.002368075540289283,0.0003,-0.10229194242274389,8.6,187.0
671,1326,8.581999999999999,186.82,435,890880,,,,,,,,,,,,
671,1328,8.581999999999999,186.82,436,892928,4350,0.9999909996986389,4.8741349650072153e-05,0.2,0.0006681843631668016,0.0036918847,0.027294921875,-0.0031996755860745907,0.0003,-0.09399649008992128,,
672,1331,8.581999999999999,186.82,437,894976,4360,0.9999955892562866,4.2841084587053045e-05,0.2,0.0010922367029706948,0.002135716,0.024560546875,-0.001905042678117752,0.0003,-0.08619268370093777,,
672,1334,8.581999999999999,186.82,438,897024,4370,0.999934196472168,0.0016463874317082627,0.2,0.0003602798416977748,0.0016363317,0.023681640625,-0.003533108625560999,0.0003,-0.0879366511828266,,
672,1336,8.583999999999998,186.84,439,899072,4380,0.9999938607215881,8.61995654815928e-05,0.2,0.0012023105504340493,0.0038634911,0.022216796875,0.0005958194378763437,0.0003,-0.0860150734137278,,
,,,,,900000,4390,0.9999979734420776,5.109161018310715e-05,0.2,0.0008209476538468153,0.0034652606,0.024755859375,0.001273812842555344,0.0003,-0.10228047766722739,8.6,187.0
672,1340,8.588,186.88,440,901120,,,,,,,,,,,,
672,1342,8.588,186.88,441,903168,4400,0.9999984502792358,3.441735086084918e-05,0.2,0.0002543053080444224,0.0013012541,0.02060546875,0.002213593339547515,0.0003,-0.08762706963461823,,
672,1345,8.594999999999999,186.95,442,905216,4410,0.9999986886978149,6.537969330793203e-05,0.2,0.0013365143997361884,0.0005848254,0.023779296875,-0.0002525410964153707,0.0003,-0.08505175646278076,,
672,1348,8.596999999999998,186.97,443,907264,4420,0.9999966025352478,7.777842151881486e-05,0.2,-0.00013315234682522714,0.008473733,0.051318359375,-0.012258293107151985,0.0003,-0.09751957695698366,,
673,1350,8.583999999999998,186.84,444,909312,4430,0.999994158744812,8.794348295850795e-05,0.2,0.0014674373334855773,0.0042247837,0.03291015625,-0.002714690286666155,0.0003,-0.08940118225291371,,
,,,,,910000,4440,0.9992432594299316,0.016242739492736292,0.2,0.015364426764426753,0.01880461,0.049609375,0.011818989180028439,0.0003,-0.10396732564549893,8.6,187.0
673,1354,8.574,186.74,445,911360,,,,,,,,,,,,
673,1356,8.529,186.29,446,913408,4450,0.9997609853744507,0.004128650909751741,0.2,0.0011141238544951193,0.00092189247,0.017724609375,0.005645723082125187,0.0003,-0.10391184120671823,,
673,1359,8.524,186.24,447,915456,4460,0.9981675148010254,0.02592657136992784,0.2,0.0012340659013716504,0.0049933,0.022412109375,0.03125762194395065,0.0003,-0.10469826546031982,,
673,1362,8.505,186.05,448,917504,4470,0.9987385272979736,0.009746948250176501,0.2,0.0009383160999277606,0.004517205,0.030908203125,0.00012083351612091064,0.0003,-0.11074998348485679,,
673,1364,8.505,186.05,449,919552,4480,0.998656690120697,0.02938424190542719,0.2,-0.002282117436698172,0.0031697182,0.033935546875,0.001961111556738615,0.0003,-0.09405722010415048,,
,,,,,920000,4490,0.9996524453163147,0.0012163759760369431,0.2,-0.00024658193287905303,0.01656063,0.076171875,0.007388369645923376,0.0003,-0.12577047902159394,8.6,187.0
673,1368,8.501999999999999,186.02,450,921600,,,,,,,,,,,,
673,1370,8.489999999999998,185.9,451,923648,4500,0.9997549057006836,0.0020291671821269118,0.2,0.0007879675948061049,0.002235287,0.0216796875,0.001330738072283566,0.0003,-0.11642413975205272,,
674,1373,8.49,185.9,452,925696,4510,0.999313473701477,0.014654372074619459,0.2,-6.965791981201619e-05,0.000475958,0.01728515625,0.013838828541338444,0.0003,-0.10953198726056143,,
674,1376,8.501999999999999,186.02,453,927744,4520,0.9999403357505798,0.0003289698640060124,0.2,0.0002820002380758524,0.008222096,0.051953125,-0.010782103054225445,0.0003,-0.11229215590283274,,
674,1378,8.512,186.12,454,929792,4530,0.9999725818634033,0.00030756906785427417,0.2,-0.00038237821718212217,0.0052180216,0.041650390625,0.013308718800544739,0.0003,-0.1391433488111943,,
,,,,,930000,4540,0.9999864101409912,0.0001545497904487547,0.2,0.001000125429709442,0.0017078092,0.02412109375,-0.008141395635902882,0.0003,-0.1119072149740532,8.6,187.0
674,1382,8.549999999999999,186.5,455,931840,,,,,,,,,,,,
674,1384,8.561,186.61,456,933888,4550,0.999925434589386,0.0015863851458107093,0.2,0.0016646060728817246,0.001423248,0.019580078125,0.00546691520139575,0.0003,-0.12267876835539937,,
674,1387,8.567999999999998,186.68,457,935936,4560,0.9999856948852539,0.0002884746894665113,0.2,0.001120950783661101,0.002339432,0.017626953125,-0.002499252324923873,0.0003,-0.1149669078993611,,
674,1390,8.562,186.62,458,937984,4570,0.9990713000297546,0.019513207056297686,0.2,0.0033780538724386133,0.008328101,0.03251953125,0.0059807393699884415,0.0003,-0.1266686608316377,,
,,,,,940000,4580,0.9997657537460327,0.00535683794569195,0.2,0.000636332253634464,0.0010468655,0.01767578125,0.0014312946004793048,0.0003,-0.12594684174982831,8.6,187.0
674,1393,8.563999999999998,186.64,459,940032,,,,,,,,,,,,
674,1395,8.574,186.74,460,942080,4590,0.9999333024024963,0.0006206316442330717,0.2,0.0006612815370317549,0.009952761,0.028125,-0.0012151820119470358,0.0003,-0.1398014166392386,,
675,1398,8.562999999999999,186.63,461,944128,4600,0.9999759793281555,0.0001848542683319465,0.2,-0.0005913294502533972,0.0043008095,0.024560546875,-0.005342301446944475,0.0003,-0.10708382264710962,,
675,1401,8.554999999999998,186.55,462,946176,4610,0.999430775642395,0.012032884793188713,0.2,0.00011950751359108835,0.0013944586,0.01962890625,-0.004766558296978474,0.0003,-0.11186439871089533,,
675,1403,8.553999999999998,186.54,463,948224,4620,0.9996060729026794,0.008083394388904708,0.2,-0.001448393768805545,0.003687603,0.024560546875,-0.0018624626100063324,0.0003,-0.14992362416815014,,
,,,,,950000,4630,0.999917209148407,0.0009526780853775563,0.2,0.00037820639554411175,0.001148812,0.021240234375,-0.0009351173648610711,0.0003,-0.12902231035986916,8.6,187.0
675,1407,8.547999999999998,186.48,464,950272,,,,,,,,,,,,
675,1409,8.548,186.48,465,952320,4640,0.9997268319129944,0.005579827182555164,0.2,-0.00042707393440650777,0.00083356857,0.0171875,0.0030093765817582607,0.0003,-0.12460230428259819,,
675,1412,8.546,186.46,466,954368,4650,0.9999400973320007,0.0013053079956080182,0.2,0.001405448697914835,0.0025255047,0.023974609375,-0.0029716435819864273,0.0003,-0.1298323092632927,,
675,1415,8.546999999999999,186.47,467,956416,4660,0.9991220831871033,0.016470544070944015,0.2,-0.0018178214624640532,0.0013822962,0.023828125,-0.006016287952661514,0.0003,-0.1169288847828284,,
675,1418,8.536,186.36,468,958464,4670,0.9996722340583801,0.005392059435871488,0.2,-0.0007673376108868979,0.0018626758,0.015087890625,-0.0017395865870639682,0.0003,-0.11007591956295074,,
,,,,,960000,4680,0.9994687438011169,0.00805058972509869,0.2,0.00013542139349738137,0.001940876,0.017724609375,0.0025772997178137302,0.0003,-0.12729174999985843,8.6,187.0
675,1421,8.518999999999998,186.19,469,960512,,,,,,,,,,,,
676,1423,8.532,186.32,470,962560,4690,0.9983503818511963,0.036912635897897415,0.2,-0.0013307582907145844,0.00093045284,0.015576171875,0.0269823856651783,0.0003,-0.12555828292388468,,
676,1426,8.534999999999998,186.35,471,964608,4700,0.9997729659080505,0.0019117455329251242,0.2,0.0009744059410877526,0.0019329139,0.028369140625,0.00473172077909112,0.0003,-0.12138547881040722,,
676,1429,8.52,186.2,472,966656,4710,0.999807596206665,0.004051403667835985,0.2,0.0013026640212046915,0.0034432996,0.024072265625,0.0037633597385138273,0.0003,-0.14148516405839473,,
676,1431,8.507,186.07,473,968704,4720,0.9985576868057251,0.028413220176662434,0.2,0.0007249039859743789,0.0018352557,0.02041015625,0.06593534350395203,0.0003,-0.1269964295788668,,
,,,,,970000,4730,0.999255895614624,0.016349565538075695,0.2,-8.15562205389142e-05,0.0014856075,0.01728515625,0.03932664170861244,0.0003,-0.10634575054282322,8.6,187.0
676,1434,8.511,186.11,474,970752,,,,,,,,,,,,
676,1437,8.521999999999998,186.22,475,972800,4740,0.9997947216033936,0.003912507418135647,0.2,-0.0014536633068928495,0.0035353757,0.028662109375,-0.0013523385860025883,0.0003,-0.14150793883018195,,
676,1440,8.523,186.23,476,974848,4750,0.9998906254768372,0.001732975684626581,0.2,-0.00038810985861346123,0.0077714673,0.03330078125,-6.715185008943081e-05,0.0003,-0.13481695008231326,,
677,1442,8.523,186.23,477,976896,4760,0.9998794198036194,0.002523908214971016,0.2,0.003147496879682876,0.0030632473,0.028369140625,-0.007098470814526081,0.0003,-0.14846732788719236,,
677,1445,8.54,186.4,478,978944,4770,0.9995661377906799,0.009524540846905438,0.2,0.00166505778033752,0.0013807144,0.0193359375,0.011243044398725033,0.0003,-0.1476302834926173,,
,,,,,980000,4780,0.99992835521698,0.0008890628540029865,0.2,-0.0010157892349525355,0.0006828805,0.011767578125,-0.014386783353984356,0.0003,-0.1242872912902385,8.6,187.0
677,1448,8.54,186.4,479,980992,,,,,,,,,,,,
677,1451,8.532,186.32,480,983040,4790,0.9999679923057556,0.0004956098351613037,0.2,0.0004744647740153596,0.003985628,0.023486328125,0.005274297669529915,0.0003,-0.15068232344929128,,
677,1454,8.546,186.46,481,985088,4800,0.9989370703697205,0.022843640205974226,0.2,-0.0013125867175403983,0.00093246746,0.019921875,0.000417931005358696,0.0003,-0.1260355251841247,,
677,1456,8.555,186.55,482,987136,4810,0.9999262094497681,0.0013132792369106028,0.2,-0.0010580935806501657,0.0026292033,0.024072265625,-0.010740942321717739,0.0003,-0.12277719876728951,,
677,1459,8.542,186.42,483,989184,4820,0.999917209148407,0.0019064896044255874,0.2,-0.0009751362740644254,0.00052123354,0.015478515625,0.002856296254321933,0.0003,-0.12964277241844685,,
,,,,,990000,4830,0.9979150891304016,0.04458861545972468,0.2,-0.0004974970128387213,0.0005752217,0.009326171875,0.039268460124731064,0.0003,-0.12864578934386373,8.6,187.0
677,1462,8.545,186.45,484,991232,,,,,,,,,,,,
677,1465,8.526,186.26,485,993280,4840,0.9997989535331726,0.0015541296965238872,0.2,-0.0009704323238111101,0.0013795657,0.019970703125,0.005278445780277252,0.0003,-0.11670524512883276,,
677,1468,8.530999999999999,186.31,486,995328,4850,0.9974187612533569,0.05237928963870218,0.2,-0.0020399334316607565,0.0012660909,0.024072265625,0.0017191886436194181,0.0003,-0.12734379786998035,,
678,1470,8.530999999999999,186.31,487,997376,4860,0.9994543194770813,0.009739995164272841,0.2,0.0011032060632715003,0.0031096884,0.03876953125,-0.0012990953400731087,0.0003,-0.11391936130821705,,
678,1473,8.530999999999999,186.31,488,999424,4870,0.9999034404754639,0.0011718597590515856,0.2,0.00017650294612394645,0.0015571667,0.023583984375,0.007586413528770208,0.0003,-0.11453454458387569,,
,,,,,1000000,4880,0.999961793422699,0.0005473902507219464,0.2,-0.0006995185438427142,0.0006154717,0.009619140625,-0.0019338304409757257,0.0003,-0.13150792201049627,8.6,187.0
678,1476,8.543999999999999,186.44,489,1001472,,,,,,,,,,,,
