rollout/ep_len_mean,time/fps,time/time_elapsed,rollout/ep_rew_mean,time/iterations,time/total_timesteps,train/value_loss,train/loss,train/explained_variance,train/approx_kl,train/n_updates,train/learning_rate,train/entropy_loss,train/clip_fraction,train/clip_range,train/policy_gradient_loss,eval/mean_reward,eval/mean_ep_length
52.973684210526315,999,2,-10.0,1,2048,,,,,,,,,,,,
53.5,838,4,-10.0,2,4096,6.627203257009387,1.527024507522583,0.004089534282684326,0.00038871053,10,0.0003,-0.693033549003303,0.0,0.2,-2.016775688389316e-05,,
54.34,795,7,-10.0,3,6144,0.7374953042715788,0.19273747503757477,0.7906779050827026,0.017854454,20,0.0003,-0.6758370816707611,0.09580078125,0.2,-0.005846834494150244,,
56.42,785,10,-10.0,4,8192,0.10768226079526358,0.05573902279138565,0.9881904721260071,0.013805399,30,0.0003,-0.6271379068493843,0.139453125,0.2,-0.013277630196535028,,
,,,,,10000,0.04738021844823379,0.02117007225751877,0.9614373445510864,0.025917416,40,0.0003,-0.5531885238364339,0.216357421875,0.2,-0.01832240180374356,-10.0,45.0
59.5,769,13,-10.0,5,10240,,,,,,,,,,,,
68.94,769,15,-10.0,6,12288,0.04025593281257898,0.026095930486917496,0.9654074311256409,0.05749946,50,0.0003,-0.4035010882653296,0.172021484375,0.2,-0.023497343083727175,,
80.46,767,18,-10.0,7,14336,0.33115161224268375,0.09190148860216141,0.7823640704154968,0.0132466005,60,0.0003,-0.2691250324714929,0.09072265625,0.2,-0.014017008600058034,,
93.61,762,21,-10.0,8,16384,0.3747478811535984,0.16118407249450684,0.7160290479660034,0.0037700948,70,0.0003,-0.2218976396135986,0.053857421875,0.2,-0.007860846989206038,,
106.93,751,24,-10.0,9,18432,0.31709742178209127,0.08713629096746445,0.7909513115882874,0.011560765,80,0.0003,-0.16804093047976493,0.06591796875,0.2,-0.00637107792426832,,
,,,,,20000,0.1779610058758408,0.0645260289311409,0.8900916576385498,0.008667276,90,0.0003,-0.17594006448052824,0.05048828125,0.2,-0.00654096916114213,-10.0,187.0
120.25,739,27,-10.0,10,20480,,,,,,,,,,,,
133.42,743,30,-10.0,11,22528,0.07958310203393922,0.04598680138587952,0.9651625752449036,0.009744658,100,0.0003,-0.13882446282077582,0.048583984375,0.2,-0.007033854004112073,,
147.14,746,32,-10.0,12,24576,0.04434840495523531,0.015867197886109352,0.9812442064285278,0.007414703,110,0.0003,-0.15244262756314128,0.050634765625,0.2,-0.004408094100654125,,
158.78,749,35,-10.0,13,26624,0.01413540336798178,0.00016397982835769653,0.9922849535942078,0.0037591124,120,0.0003,-0.1858960788231343,0.04921875,0.2,-0.003837380520417355,,
168.6,749,38,-10.0,14,28672,0.01744041282800026,0.0013206035364419222,0.9934592843055725,0.0015156348,130,0.0003,-0.16503439298830927,0.026416015625,0.2,-0.0027430574264144525,,
,,,,,30000,0.007657872606796445,0.011779661290347576,0.9963768720626831,0.0055455426,140,0.0003,-0.1917714022565633,0.04091796875,0.2,-0.002957063794019632,-10.0,45.0
174.45,749,40,-10.0,15,30720,,,,,,,,,,,,
176.9,749,43,-10.0,16,32768,0.0066059292985301,-0.006993092130869627,0.9978827238082886,0.0013495125,150,0.0003,-0.18746761763468384,0.030615234375,0.2,-0.004420187749201432,,
182.23,750,46,-10.0,17,34816,0.45122705679968933,0.04013459384441376,0.9188483357429504,0.004517251,160,0.0003,-0.22789006852544844,0.045068359375,0.2,-0.005245939831365831,,
183.0,751,49,-10.0,18,36864,0.003578591302721179,0.020038370043039322,0.9985225796699524,0.0014824147,170,0.0003,-0.21143296784721316,0.01787109375,0.2,0.0009673133463365957,,
183.54,753,51,-10.0,19,38912,0.00279617422438605,0.004050395451486111,0.999065101146698,0.0011476044,180,0.0003,-0.18699643255677073,0.01171875,0.2,0.00012841050629504026,,
,,,,,40000,0.0023293832506169564,-0.01279853843152523,0.9993460774421692,0.0014073332,190,0.0003,-0.194308850588277,0.02412109375,0.2,-2.580135187599808e-05,-10.0,45.0
182.35,752,54,-10.0,20,40960,,,,,,,,,,,,
182.35,753,57,-10.0,21,43008,0.2379979298915714,0.0049050659872591496,0.9567165374755859,0.0025255065,200,0.0003,-0.21678554597310723,0.024072265625,0.2,-0.0029742557351710277,,
181.32,753,59,-10.0,22,45056,0.002138870867929654,-0.0012561233015730977,0.9994009137153625,0.0014307045,210,0.0003,-0.20535216936841608,0.009521484375,0.2,0.0006223949050763622,,
181.32,753,62,-10.0,23,47104,0.232711412194476,0.026621542870998383,0.9591659903526306,0.0039168927,220,0.0003,-0.243861977243796,0.032568359375,0.2,-0.0023405135667417198,,
179.9,753,65,-10.0,24,49152,0.0017466097116994206,0.003956426866352558,0.9995361566543579,0.0014482345,230,0.0003,-0.23020170712843538,0.022216796875,0.2,-0.0015689955209381879,,
,,,,,50000,0.2311169026987045,0.0047480021603405476,0.959200382232666,0.0014692895,240,0.0003,-0.21594527852721512,0.027490234375,0.2,-0.002250158053357154,-10.0,187.0
182.74,748,68,-10.0,25,51200,,,,,,,,,,,,
181.32,749,71,-10.0,26,53248,0.0020497302682997544,-0.0008193147950805724,0.9994732141494751,0.0024504228,250,0.0003,-0.23273419607430695,0.0328125,0.2,-0.0010889055920415558,,
181.32,749,73,-10.0,27,55296,0.22363833940034966,0.006473736837506294,0.9580656886100769,0.0012399957,260,0.0003,-0.19019971950910985,0.017138671875,0.2,-0.002789859630865976,,
181.32,750,76,-10.0,28,57344,0.0016277628002171695,-0.010044354014098644,0.9995333552360535,0.0040184865,270,0.0003,-0.21642758091911674,0.027587890625,0.2,-0.001157915877411142,,
182.74,751,79,-10.0,29,59392,0.0016556290130210981,0.0038028741255402565,0.9995708465576172,0.0019635996,280,0.0003,-0.2043886086437851,0.0162109375,0.2,-0.00042971736402250824,,
,,,,,60000,0.0015094025828148005,-2.1384854335337877e-05,0.9996625781059265,0.0013902339,290,0.0003,-0.21863842513412238,0.00830078125,0.2,0.0006394555704900995,-10.0,187.0
182.68,747,82,-10.0,30,61440,,,,,,,,,,,,
184.1,747,84,-10.0,31,63488,0.0024784497076325352,0.00036552181700244546,0.9995381236076355,0.0016939536,300,0.0003,-0.2145743849221617,0.01650390625,0.2,-0.0006649140254012309,,
184.1,749,87,-10.0,32,65536,0.0008901556140699541,0.0107217812910676,0.9998033046722412,0.0014051932,310,0.0003,-0.21388682387769223,0.01796875,0.2,0.00039873813220765443,,
185.52,749,90,-10.0,33,67584,0.0010838427313956344,-0.004932933021336794,0.999772846698761,0.0017072463,320,0.0003,-0.22172865839675068,0.02451171875,0.2,-0.0016627086588414386,,
185.52,749,92,-10.0,34,69632,0.0008809967941942887,-0.012225075624883175,0.999829888343811,0.0010602608,330,0.0003,-0.19439106872305273,0.027001953125,0.2,-0.000941495479492005,,
,,,,,70000,0.0006874486273545699,0.0010382269974797964,0.9998694658279419,0.00024690048,340,0.0003,-0.17872754083946346,0.01376953125,0.2,-4.7711574006825684e-05,-10.0,187.0
185.52,746,96,-10.0,35,71680,,,,,,,,,,,,
186.94,746,98,-10.0,36,73728,0.000654860400754842,-0.0069246478378772736,0.9998809099197388,0.0024182685,350,0.0003,-0.21143841450102627,0.02412109375,0.2,-0.0007455738406861201,,
186.94,747,101,-10.0,37,75776,0.0006246163403375249,-0.0008294004364870489,0.9998905062675476,0.0029796502,360,0.0003,-0.235825528902933,0.030078125,0.2,-0.0006945517321582884,,
186.94,748,103,-10.0,38,77824,0.0006835092889104999,-0.008936629630625248,0.9998818635940552,0.0010980072,370,0.0003,-0.20757247619330882,0.023486328125,0.2,-0.00014350080164149404,,
187.0,749,106,-10.0,39,79872,0.0006037164028157349,0.003480049781501293,0.9999001622200012,0.0038602313,380,0.0003,-0.20567460367456078,0.032763671875,0.2,-0.001638802801608108,,
,,,,,80000,0.0006019736934149478,-0.004058943595737219,0.9998984932899475,0.0024065797,390,0.0003,-0.24393541510216893,0.035009765625,0.2,-0.0010284333679010161,-10.0,187.0
187.0,746,109,-10.0,40,81920,,,,,,,,,,,,
187.0,747,112,-10.0,41,83968,0.0006009556445860653,-0.001836742041632533,0.9998985528945923,0.0014548295,400,0.0003,-0.18778636949136854,0.022705078125,0.2,-0.0010557625922956505,,
187.0,747,115,-10.0,42,86016,0.0006085617219014239,-0.005325742065906525,0.9999001026153564,0.0019419758,410,0.0003,-0.21235237121582032,0.02490234375,0.2,-0.0016225571438553744,,
187.0,747,117,-10.0,43,88064,0.0005414723061221594,-0.002492498606443405,0.9999107122421265,0.0006662397,420,0.0003,-0.191042889514938,0.011181640625,0.2,0.00035052177554462105,,
,,,,,90000,0.0005424479199291454,-0.002352140611037612,0.9999106526374817,0.002756611,430,0.0003,-0.20992711738217623,0.032177734375,0.2,-0.0010026344578363932,-10.0,187.0
187.0,745,120,-10.0,44,90112,,,,,,,,,,,,
187.0,746,123,-10.0,45,92160,0.0004981455803772406,-0.009584455750882626,0.9999155402183533,0.00043438465,440,0.0003,-0.16988490289077163,0.015673828125,0.2,-0.00015902590530458838,,
187.0,747,126,-10.0,46,94208,0.000514533818613927,0.0016831894172355533,0.9999155402183533,0.0015826705,450,0.0003,-0.1957701205275953,0.012255859375,0.2,0.00018796985532389953,,
187.0,747,128,-10.0,47,96256,0.0005895914841630656,-0.004021213389933109,0.9999054074287415,0.0011296477,460,0.0003,-0.1983380639925599,0.02275390625,0.2,-4.254490049788728e-05,,
186.96,747,131,-10.0,48,98304,0.0005402637446650261,-0.003029993735253811,0.9999123215675354,0.0012277418,470,0.0003,-0.15893866117112337,0.012353515625,0.2,4.354824195615947e-05,,
,,,,,100000,0.001029919571510618,0.0013254903024062514,0.999811589717865,0.0022733468,480,0.0003,-0.1453137125587091,0.014697265625,0.2,-0.0001730602409224957,-10.0,187.0
186.96,745,134,-10.0,49,100352,,,,,,,,,,,,
186.96,746,137,-10.0,50,102400,0.0005437482663865012,-0.0026935827918350697,0.9999032616615295,0.00032390124,490,0.0003,-0.1842099347617477,0.015185546875,0.2,0.0005063590622739866,,
186.96,746,139,-10.0,51,104448,0.0004848583919738303,0.010074549354612827,0.9999196529388428,0.0037807436,500,0.0003,-0.16646878025494516,0.023876953125,0.2,-0.0004933057483867742,,
186.96,746,142,-10.0,52,106496,0.0005079201458784155,0.0008882097317837179,0.9999198317527771,0.000742831,510,0.0003,-0.16624378166161477,0.01005859375,0.2,-0.0006461313721956685,,
186.96,747,145,-10.0,53,108544,0.000492403864723201,-0.0007741751032881439,0.9999207854270935,0.000934238,520,0.0003,-0.20150290266610682,0.025,0.2,-0.00031678352243034167,,
,,,,,110000,0.0005064219864834741,-0.004181473050266504,0.9999197721481323,0.00060402555,530,0.0003,-0.19274908788502215,0.0115234375,0.2,0.0005350616185751278,-10.0,187.0
186.96,745,148,-10.0,54,110592,,,,,,,,,,,,
186.96,746,150,-10.0,55,112640,0.0005132220713903735,0.0019715293310582638,0.999917209148407,0.0024165509,540,0.0003,-0.16657971539534627,0.0203125,0.2,-0.0008780129224760458,,
186.96,746,153,-10.0,56,114688,0.0005056565672248326,0.007544376887381077,0.9999181628227234,0.001546485,550,0.0003,-0.1592287277104333,0.009765625,0.2,-0.00045931282074889167,,
187.0,746,156,-10.0,57,116736,0.0005046863281904735,0.005225696600973606,0.9999178051948547,0.0023526454,560,0.0003,-0.20647872942499818,0.0171875,0.2,-0.00012077752617187799,,
187.0,747,158,-10.0,58,118784,0.0005005675576285285,-0.003992021549493074,0.9999196529388428,0.006983029,570,0.0003,-0.19265421582385897,0.029345703125,0.2,-0.00023326733062276617,,
,,,,,120000,0.0005000529677090526,-0.0007090995786711574,0.9999197721481323,0.0014275336,580,0.0003,-0.22043569353409112,0.023095703125,0.2,-0.0003624046890763566,-10.0,187.0
186.98,745,162,-10.0,59,120832,,,,,,,,,,,,
186.92,745,164,-10.0,60,122880,0.0006191116628770033,-0.0013109516585245728,0.9998940825462341,0.0013866639,590,0.0003,-0.21810002475976945,0.016748046875,0.2,0.0007742167479591444,,
186.92,746,167,-10.0,61,124928,0.001695386065148341,-0.003411191515624523,0.9997000694274902,0.0013404549,600,0.0003,-0.1986282709054649,0.01337890625,0.2,-0.0008491470434819348,,
186.92,746,170,-10.0,62,126976,0.0005508328480118508,-0.0023500705137848854,0.9998933672904968,0.0025747048,610,0.0003,-0.18826453112997116,0.02392578125,0.2,-0.0012762058497173712,,
186.92,746,172,-10.0,63,129024,0.0004816411536921805,0.00031881462200544775,0.9999176859855652,0.0021835759,620,0.0003,-0.16982591801788657,0.025830078125,0.2,-0.0015945687788189388,,
,,,,,130000,0.00045899280819412526,-0.0003137395833618939,0.9999237060546875,0.0013040197,630,0.0003,-0.18877654066309332,0.01103515625,0.2,0.0001507551278336905,-10.0,187.0
186.92,745,175,-10.0,64,131072,,,,,,,,,,,,
186.92,745,178,-10.0,65,133120,0.0004707002070517774,-0.003338649170473218,0.9999224543571472,0.0014337583,640,0.0003,-0.18111877988558261,0.017626953125,0.2,-0.0007468150492059067,,
186.92,745,181,-10.0,66,135168,0.0004894553031590476,0.0027038240805268288,0.9999224543571472,0.0013089329,650,0.0003,-0.19871659777127207,0.013720703125,0.2,0.0003490591741865501,,
186.92,746,183,-10.0,67,137216,0.0004544716837472151,-0.0011218659346923232,0.9999256730079651,0.0021008956,660,0.0003,-0.1859165477566421,0.0228515625,0.2,-0.0005614261957816779,,
186.92,747,186,-10.0,68,139264,0.00043782393704532295,0.002213482977822423,0.9999276995658875,0.0007990338,670,0.0003,-0.18952286788262426,0.014111328125,0.2,0.0004582111316267401,,
,,,,,140000,0.0004583038362625302,0.000901648192666471,0.9999210238456726,0.00042601215,680,0.0003,-0.21391842886805534,0.0091796875,0.2,0.0006621137115871533,-10.0,187.0
186.94,745,189,-10.0,69,141312,,,,,,,,,,,,
186.94,745,192,-10.0,70,143360,0.0017787980098091793,0.006748316343873739,0.9996888637542725,0.0010873636,690,0.0003,-0.183020314341411,0.008984375,0.2,-0.00010788245126605033,,
186.94,744,195,-10.0,71,145408,0.00048501625792596315,0.008269530721008778,0.9998927116394043,0.0020440011,700,0.0003,-0.1649684137199074,0.01962890625,0.2,-0.0005909830055315979,,
186.94,744,198,-10.0,72,147456,0.00046224148611599957,0.0008365605026483536,0.9999182820320129,0.0023490775,710,0.0003,-0.20911084935069085,0.0318359375,0.2,0.00014403583481907843,,
186.94,744,200,-10.0,73,149504,0.00045127394212158834,-0.004692397080361843,0.9999269843101501,0.0010308374,720,0.0003,-0.14651834683027118,0.01748046875,0.2,-0.000818661370431073,,
,,,,,150000,0.00047094345563891693,0.0018589183455333114,0.9999212026596069,0.004016828,730,0.0003,-0.22385516022332014,0.0400390625,0.2,-0.0009034533126396127,-10.0,187.0
186.94,743,203,-10.0,74,151552,,,,,,,,,,,,
186.94,743,206,-10.0,75,153600,0.00048525485519803626,0.0018888834165409207,0.9999221563339233,0.0015335069,740,0.0003,-0.18109070437494665,0.01591796875,0.2,0.0003065544762648642,,
186.94,743,209,-10.0,76,155648,0.0004723250977804128,0.0006805784069001675,0.9999240636825562,0.00063900417,750,0.0003,-0.18011534977704285,0.0115234375,0.2,0.00035403900110395623,,
186.94,744,211,-10.0,77,157696,0.00045782487561609744,0.005498525686562061,0.9999252557754517,0.0018727808,760,0.0003,-0.1880230820272118,0.02138671875,0.2,-0.0007273231953149661,,
186.94,744,214,-10.0,78,159744,0.0004560651408837657,-0.005352814216166735,0.9999234080314636,0.00048565745,770,0.0003,-0.18102393739391118,0.009375,0.2,-0.0003198576276190579,,
,,,,,160000,0.00044718722670040735,-0.005586943123489618,0.9999268054962158,0.0009723251,780,0.0003,-0.18947108215652406,0.0181640625,0.2,-0.00036557729472406206,-10.0,187.0
187.0,743,217,-10.0,79,161792,,,,,,,,,,,,
187.0,743,220,-10.0,80,163840,0.00043741297788528754,-0.0001232303911820054,0.9999289512634277,0.00016902063,790,0.0003,-0.16728371891658753,0.016064453125,0.2,0.0001370581376249902,,
187.0,744,222,-10.0,81,165888,0.0004600582478019533,-0.0029990756884217262,0.9999275803565979,0.0010281616,800,0.0003,-0.19023642195388674,0.017529296875,0.2,0.0003667569340905175,,
186.98,744,225,-10.0,82,167936,0.0004532327207925846,0.004263350740075111,0.9999278783798218,0.0009838445,810,0.0003,-0.17228012913838028,0.0134765625,0.2,0.00011385927500668913,,
186.98,745,228,-10.0,83,169984,0.0006227486603620491,-0.0002167727507185191,0.9999015927314758,0.0027783776,820,0.0003,-0.2097788061015308,0.025,0.2,-0.0007901285483967513,,
,,,,,170000,0.0004462274629759122,0.004581067245453596,0.9999256730079651,0.0020035726,830,0.0003,-0.21493274318054317,0.02353515625,0.2,-4.10852546337992e-05,-10.0,187.0
186.98,744,231,-10.0,84,172032,,,,,,,,,,,,
186.98,744,233,-10.0,85,174080,0.00045813722601906193,-0.0012602114584296942,0.9999284744262695,0.0013836954,840,0.0003,-0.23235722472891213,0.03212890625,0.2,-0.0013614079245598987,,
186.98,745,236,-10.0,86,176128,0.0004016222933614699,0.00030796026112511754,0.9999329447746277,0.0014880996,850,0.0003,-0.19631080143153667,0.013134765625,0.2,0.00010920117929344997,,
186.98,745,239,-10.0,87,178176,0.00041903424379370336,0.010562753304839134,0.9999311566352844,0.0035321775,860,0.0003,-0.20997592387720942,0.04013671875,0.2,-0.0004941203573253006,,
,,,,,180000,0.00041710463030995013,0.006670527625828981,0.9999333024024963,0.0019833683,870,0.0003,-0.16812312088441103,0.02216796875,0.2,-0.00020708246011054144,-10.0,187.0
186.98,744,242,-10.0,88,180224,,,,,,,,,,,,
186.98,744,244,-10.0,89,182272,0.00041787654706695323,-0.0016735546523705125,0.9999318718910217,0.0012170938,880,0.0003,-0.1570577761158347,0.015478515625,0.2,-2.7519272407516837e-06,,
186.98,744,247,-10.0,90,184320,0.00039440371830323784,0.0014155856333673,0.9999356269836426,0.0006073418,890,0.0003,-0.1756904498906806,0.011669921875,0.2,0.0003630002873251215,,
187.0,744,250,-10.0,91,186368,0.0004464780059379336,-0.000464571756310761,0.9999319314956665,0.002397325,900,0.0003,-0.19176007360219954,0.014599609375,0.2,-8.152154623530805e-05,,
187.0,745,252,-10.0,92,188416,0.00040347556188180533,0.0009908309439197183,0.9999330043792725,0.0030237453,910,0.0003,-0.19009748036041857,0.0380859375,0.2,-0.00012831278727389872,,
,,,,,190000,0.0004130569780500082,-0.0015263493405655026,0.9999318718910217,0.0012244317,920,0.0003,-0.155296486383304,0.011181640625,0.2,2.6341152261011302e-05,-10.0,187.0
187.0,744,255,-10.0,93,190464,,,,,,,,,,,,
187.0,744,258,-10.0,94,192512,0.00042780200790275557,0.0022918623872101307,0.9999327063560486,0.0023125112,930,0.0003,-0.18313803649507462,0.02080078125,0.2,-0.00019853657577186822,,
187.0,744,261,-10.0,95,194560,0.0004218054547095562,0.010526579804718494,0.9999328851699829,0.0012960982,940,0.0003,-0.16654630017001182,0.01533203125,0.2,-0.0009836163197178393,,
187.0,744,263,-10.0,96,196608,0.0004365567572904183,-0.004302290268242359,0.9999316930770874,0.0012164495,950,0.0003,-0.18495427060406655,0.023486328125,0.2,0.00016181538521777838,,
187.0,745,266,-10.0,97,198656,0.0004382992855994416,-0.011988706886768341,0.9999269247055054,0.0006344367,960,0.0003,-0.18729620529338717,0.013623046875,0.2,0.00020284681668272241,,
,,,,,200000,0.0004233706897821321,-0.004658331163227558,0.9999332427978516,0.0010097136,970,0.0003,-0.17185240248218178,0.01923828125,0.2,-0.0004896258265944198,-10.0,187.0
187.0,744,269,-10.0,98,200704,,,,,,,,,,,,
187.0,744,272,-10.0,99,202752,0.00040053597859923684,-0.012286411598324776,0.9999350309371948,0.0006834098,980,0.0003,-0.2011734542902559,0.021923828125,0.2,-0.0003812030263361521,,
187.0,745,274,-10.0,100,204800,0.00039723250239376284,0.0044793011620640755,0.9999375939369202,0.00049566873,990,0.0003,-0.19091166476719082,0.009423828125,0.2,-1.860083284555003e-05,,
187.0,745,277,-10.0,101,206848,0.0004185879299484441,-0.0007940008654259145,0.9999330043792725,0.00044097478,1000,0.0003,-0.1886940690688789,0.012646484375,0.2,0.00015906838234513998,,
187.0,745,280,-10.0,102,208896,0.00039898363852444165,-0.004460300784558058,0.9999331831932068,0.0017768743,1010,0.0003,-0.17579904270824045,0.01328125,0.2,-0.00015707044512964786,,
,,,,,210000,0.00042385882871940337,0.010940282605588436,0.9999331831932068,0.0023117922,1020,0.0003,-0.1783903121948242,0.01669921875,0.2,0.0004817140230443329,-10.0,187.0
187.0,744,283,-10.0,103,210944,,,,,,,,,,,,
187.0,745,285,-10.0,104,212992,0.00040905579174932427,-0.0015026137698441744,0.9999372959136963,0.00023872926,1030,0.0003,-0.18650938901118935,0.008935546875,0.2,0.0002151869091903791,,
187.0,745,288,-10.0,105,215040,0.00038648567809786984,0.0017653689719736576,0.9999368786811829,0.003229683,1040,0.0003,-0.20087446570396422,0.030810546875,0.2,-0.0011353000474628061,,
187.0,745,291,-10.0,106,217088,0.0003749676063989682,-0.0008417392964474857,0.9999358654022217,0.0011125128,1050,0.0003,-0.18077717085834594,0.015185546875,0.2,0.0003247913278755732,,
187.0,746,293,-10.0,107,219136,0.00038617795613618,0.006102642044425011,0.9999374747276306,0.00209547,1060,0.0003,-0.20360543229617178,0.019189453125,0.2,0.0002345641638385132,,
,,,,,220000,0.0003947874070377111,-0.008289797231554985,0.9999390244483948,0.0025481754,1070,0.0003,-0.20600151214748622,0.0244140625,0.2,-2.417618816252798e-06,-10.0,187.0
187.0,745,296,-10.0,108,221184,,,,,,,,,,,,
186.92,745,299,-10.0,109,223232,0.0003770497603568401,-0.004850674420595169,0.999938428401947,0.0012198745,1080,0.0003,-0.20757714384235443,0.022900390625,0.2,-0.0007704008865403011,,
186.14,745,302,-10.0,110,225280,0.0029515244473259372,-0.020376229658722878,0.999478280544281,0.042273562,1090,0.0003,-0.241972391679883,0.08818359375,0.2,0.02376322258351138,,
184.33,745,304,-10.0,111,227328,0.019100667818202056,-0.03501399978995323,0.9936519265174866,0.014124921,1100,0.0003,-0.24378173658624291,0.0359375,0.2,0.006302971261902712,,
182.27,746,307,-10.0,112,229376,0.07025976200820878,0.023836299777030945,0.9787963628768921,0.001143441,1110,0.0003,-0.23509832150302828,0.008984375,0.2,-0.0024541339167626574,,
,,,,,230000,0.054799396070302465,0.06499217450618744,0.9870157837867737,0.0024186457,1120,0.0003,-0.18899871832691134,0.041845703125,0.2,-0.0030441326758591457,-10.0,187.0
180.65,745,310,-10.0,113,231424,,,,,,,,,,,,
178.79,745,313,-10.0,114,233472,0.04189950790605508,0.00903770886361599,0.9918496012687683,0.0024256771,1130,0.0003,-0.20845591495744883,0.045556640625,0.2,-0.006987581087742001,,
177.83,745,315,-10.0,115,235520,0.03293366035795771,-0.00940697081387043,0.9932927489280701,0.0021784573,1140,0.0003,-0.18335307128727435,0.038916015625,0.2,-0.0049663036086712966,,
177.52,745,318,-10.0,116,237568,0.022300498193362727,0.005795404314994812,0.9949947595596313,0.00950582,1150,0.0003,-0.1935291807167232,0.050634765625,0.2,-0.006442530185449868,,
177.29,745,321,-10.0,117,239616,0.015685869847948196,0.006623132154345512,0.9955442547798157,0.0038772654,1160,0.0003,-0.18127469094470144,0.040869140625,0.2,-0.003370699260267429,,
,,,,,240000,0.013380681610578904,-0.00019500358030200005,0.9966523051261902,0.0037177918,1170,0.0003,-0.1625918909208849,0.029833984375,0.2,-0.0010643760600942188,-10.0,187.0
177.37,745,324,-10.0,118,241664,,,,,,,,,,,,
178.39,745,326,-10.0,119,243712,0.011653120522532845,-0.01614326238632202,0.996323823928833,0.0022045772,1180,0.0003,-0.2022228544112295,0.012255859375,0.2,-0.00013846462534274905,,
180.64,745,329,-10.0,120,245760,0.0032076642790343614,-0.015814999118447304,0.9987456202507019,0.003342385,1190,0.0003,-0.17663155721966178,0.032666015625,0.2,-0.001969368595746346,,
182.05,745,332,-10.0,121,247808,0.004576958571487921,-0.019028713926672935,0.9980220794677734,0.01134708,1200,0.0003,-0.22835020604543388,0.054150390625,0.2,-0.0016572667271248065,,
183.62,745,335,-10.0,122,249856,0.0013643427203533065,0.023243902251124382,0.9995535016059875,0.0014424722,1210,0.0003,-0.23426993805915117,0.013037109375,0.2,4.046252579428256e-05,,
,,,,,250000,0.000844538210048995,-0.006471896544098854,0.9996755123138428,0.00093516236,1220,0.0003,-0.22293480178341268,0.009130859375,0.2,-0.00032279242295771835,-10.0,187.0
185.02,744,338,-10.0,123,251904,,,,,,,,,,,,
186.19,745,340,-10.0,124,253952,0.0006903709766447718,6.336993828881532e-05,0.9997581243515015,0.0035873884,1230,0.0003,-0.20819246731698512,0.010009765625,0.2,-0.0001973295060452074,,
186.69,745,343,-10.0,125,256000,0.0004943369833654288,-0.007570766843855381,0.9998390078544617,0.0023889125,1240,0.0003,-0.23104262826964259,0.032080078125,0.2,4.1581960977055134e-05,,
186.88,746,345,-10.0,126,258048,0.0009679421115379227,-0.0006855938117951155,0.9997901916503906,0.0014948583,1250,0.0003,-0.23425834574736654,0.00615234375,0.2,-0.0002895325043937191,,
,,,,,260000,0.0010648973339357326,0.002331121824681759,0.9997996091842651,0.001941072,1260,0.0003,-0.21352921202778816,0.02431640625,0.2,-0.0017846391041530297,-10.0,187.0
186.84,745,348,-10.0,127,260096,,,,,,,,,,,,
186.84,745,351,-10.0,128,262144,0.0011134928438877977,-0.008927947841584682,0.9998008608818054,0.0031651324,1270,0.0003,-0.21490377737209201,0.02421875,0.2,-0.002820330727263354,,
186.8,745,354,-10.0,129,264192,0.0004945837453988134,-0.0037859228905290365,0.9998919367790222,0.006134431,1280,0.0003,-0.21959680472500623,0.036669921875,0.2,-0.001454555059899576,,
186.74,746,356,-10.0,130,266240,0.0010156553301385429,0.012270310893654823,0.999821126461029,0.0028067953,1290,0.0003,-0.20776970996521413,0.026953125,0.2,-0.0009034966176841408,,
186.67,746,359,-10.0,131,268288,0.0023249281018252075,0.0030118869617581367,0.9995685815811157,0.012208406,1300,0.0003,-0.20243396318983287,0.04033203125,0.2,-0.001574387181608472,,
,,,,,270000,0.0020362059464787306,-0.009574709460139275,0.9996554851531982,0.0014590126,1310,0.0003,-0.15461622001603245,0.021728515625,0.2,-0.001843343919608742,-10.0,187.0
186.67,745,362,-10.0,132,270336,,,,,,,,,,,,
186.69,745,365,-10.0,133,272384,0.0007628728221789061,0.02098866179585457,0.9998291730880737,0.0012470798,1320,0.0003,-0.15350547509733586,0.013232421875,0.2,-0.000594258627097588,,
186.73,746,367,-10.0,134,274432,0.0005766133594079292,-0.0019910139963030815,0.9998805522918701,0.0010278849,1330,0.0003,-0.16921079368330538,0.02216796875,0.2,0.00039800989907234907,,
186.77,746,370,-10.0,135,276480,0.0004785156206480679,-0.002364940010011196,0.9999114274978638,0.0019375319,1340,0.0003,-0.18444054427091033,0.022705078125,0.2,0.00014765392552362755,,
186.81,746,372,-10.0,136,278528,0.00048449721300585223,-0.004795101936906576,0.999910295009613,0.0006120665,1350,0.0003,-0.1798586879624054,0.014501953125,0.2,0.0002926398723502643,,
,,,,,280000,0.000450033166907815,-0.004921062383800745,0.9999176859855652,0.0012274832,1360,0.0003,-0.15777681362815202,0.014306640625,0.2,0.0006209462517290376,-10.0,187.0
186.81,746,376,-10.0,137,280576,,,,,,,,,,,,
186.85,746,378,-10.0,138,282624,0.0004416393025621801,0.0017748367972671986,0.9999232292175293,0.0009174149,1370,0.0003,-0.17036819076165557,0.010400390625,0.2,0.0003547216794686392,,
186.93,746,381,-10.0,139,284672,0.0003916561812729924,-0.022892050445079803,0.9999356865882874,0.006960194,1380,0.0003,-0.2235143667086959,0.041357421875,0.2,-0.0012294460102566518,,
187.0,746,383,-10.0,140,286720,0.00037837615720945903,-0.0037917965091764927,0.9999331831932068,0.000762254,1390,0.0003,-0.20143364518880844,0.0271484375,0.2,0.00024298461503349244,,
187.0,746,386,-10.0,141,288768,0.0003594091686409229,0.005892964079976082,0.9999387264251709,0.0011650976,1400,0.0003,-0.20017860308289528,0.021484375,0.2,-4.393457347759977e-05,,
,,,,,290000,0.0003747532833699552,-0.00255947676487267,0.9999396800994873,0.0009996998,1410,0.0003,-0.2148814325220883,0.011669921875,0.2,-8.207560167647899e-05,-10.0,187.0
186.63,746,389,-10.0,142,290816,,,,,,,,,,,,
186.56,746,392,-10.0,143,292864,0.01627479621383827,0.024259645491838455,0.9964184761047363,0.0008008812,1420,0.0003,-0.1608482049079612,0.00966796875,0.2,-0.0015429456456331537,,
186.37,746,395,-10.0,144,294912,0.00242508503542922,0.0029641527216881514,0.9995304942131042,0.0026426776,1430,0.0003,-0.18604620266705751,0.029443359375,0.2,-0.0031692468459368684,,
186.37,746,397,-10.0,145,296960,0.008911468533005973,-0.0021080675069242716,0.9984380006790161,0.0019444246,1440,0.0003,-0.15925774222705513,0.028857421875,0.2,-0.0022193362878169865,,
186.37,746,400,-10.0,146,299008,0.0009909457450703485,-0.005570658016949892,0.9996218681335449,0.001850622,1450,0.0003,-0.14311315512750297,0.024560546875,0.2,-0.0026626235980074854,,
,,,,,300000,0.0007564327131149185,-0.01015589851886034,0.9997889995574951,0.0017490725,1460,0.0003,-0.1556619246955961,0.023876953125,0.2,-0.001927712377801072,-10.0,187.0
186.37,746,403,-10.0,147,301056,,,,,,,,,,,,
186.37,746,406,-10.0,148,303104,0.0005902017611333577,-0.004361686762422323,0.9998395442962646,0.0027212964,1470,0.0003,-0.14374671487603335,0.039990234375,0.2,-0.0015438757327501662,,
186.37,746,408,-10.0,149,305152,0.000444855973819358,-0.006970463320612907,0.9998981356620789,0.002942141,1480,0.0003,-0.19082974130287766,0.034375,0.2,0.001802695810329169,,
186.37,746,411,-10.0,150,307200,0.00041148119330500774,0.010084428824484348,0.9999271631240845,0.0005923518,1490,0.0003,-0.18501809192821383,0.022705078125,0.2,-0.00015340665413532406,,
186.74,747,413,-10.0,151,309248,0.00039750638777604765,-0.003070822451263666,0.9999302625656128,0.0018036319,1500,0.0003,-0.14238485179375857,0.02763671875,0.2,-0.001969300620839931,,
,,,,,310000,0.00040935822412393465,0.039173778146505356,0.9999334812164307,0.0009775737,1510,0.0003,-0.18201759706716986,0.01748046875,0.2,0.0007306542567675934,-10.0,187.0
186.81,746,416,-10.0,152,311296,,,,,,,,,,,,
186.71,746,419,-10.0,153,313344,0.00036397387923443604,-0.006790011189877987,0.9999385476112366,0.0013334642,1520,0.0003,-0.21233310783281922,0.037744140625,0.2,-0.001035991997923702,,
186.88,746,422,-10.0,154,315392,0.004652420397496826,0.0008765232050791383,0.9990491271018982,0.00076333166,1530,0.0003,-0.19697775975801052,0.01904296875,0.2,-0.00036805427953368053,,
186.88,746,425,-10.0,155,317440,0.0006136143807907501,-0.004549820441752672,0.9998515248298645,0.0044268197,1540,0.0003,-0.14972103191539646,0.037353515625,0.2,-0.0011819889972684906,,
186.88,747,427,-10.0,156,319488,0.00041663184301796716,0.006851101294159889,0.9999211430549622,0.0011969244,1550,0.0003,-0.16957388194277884,0.017529296875,0.2,-0.0002755787136266008,,
,,,,,320000,0.0003552697001850902,-0.003379089990630746,0.9999395608901978,0.0016574451,1560,0.0003,-0.19089218783192335,0.025732421875,0.2,0.00027935249090660363,-10.0,187.0
186.88,746,430,-10.0,157,321536,,,,,,,,,,,,
186.88,746,433,-10.0,158,323584,0.0003368524936149697,-0.0009073364781215787,0.9999439716339111,0.008812679,1570,0.0003,-0.19925948632881046,0.040771484375,0.2,-0.0014470613386947662,,
186.88,746,436,-10.0,159,325632,0.0003247957220310127,-5.155460530659184e-05,0.9999470710754395,0.004908193,1580,0.0003,-0.18287698684725912,0.038037109375,0.2,-0.0012031800943077542,,
186.88,747,438,-10.0,160,327680,0.0003348306167822557,-0.011078216135501862,0.9999468922615051,0.0016751691,1590,0.0003,-0.15611847061663867,0.020068359375,0.2,-0.0017776097927708178,,
186.88,747,441,-10.0,161,329728,0.0003356124113679471,0.0010231573833152652,0.9999450445175171,0.00203976,1600,0.0003,-0.17169626825489104,0.01650390625,0.2,0.00031342512229457495,,
,,,,,330000,0.00032377617164911496,0.0027611632831394672,0.999945342540741,0.00067028013,1610,0.0003,-0.15023234961554408,0.01015625,0.2,0.0002303564760950394,-10.0,187.0
187.0,746,444,-10.0,162,331776,,,,,,,,,,,,
187.0,746,447,-10.0,163,333824,0.0003374828734422408,0.007232315372675657,0.9999448657035828,0.002929301,1620,0.0003,-0.17800161696504802,0.0345703125,0.2,-0.0005622740296530538,,
187.0,746,449,-10.0,164,335872,0.0003500043020949306,0.0022830613888800144,0.999945878982544,0.0016234459,1630,0.0003,-0.1344775418518111,0.01318359375,0.2,-9.948148217517883e-05,,
187.0,747,452,-10.0,165,337920,0.00031987809082920646,0.0009198946645483375,0.999950647354126,0.000725245,1640,0.0003,-0.15749548038002104,0.00908203125,0.2,0.00014077165105845778,,
187.0,747,454,-10.0,166,339968,0.0003037224993022392,0.0006695490446873009,0.9999514818191528,0.0010217803,1650,0.0003,-0.16168014567811043,0.013037109375,0.2,0.00018219134508399293,,
,,,,,340000,0.00029089340569044,-0.0019351111259311438,0.9999540448188782,0.0011105405,1660,0.0003,-0.14667567873839288,0.01435546875,0.2,-0.0005513342475751415,-10.0,187.0
187.0,746,458,-10.0,167,342016,,,,,,,,,,,,
187.0,746,460,-10.0,168,344064,0.00031592900672876566,0.0009785527363419533,0.9999535083770752,0.0013660786,1670,0.0003,-0.16915795910172166,0.022412109375,0.2,-0.00046111730916891246,,
187.0,747,463,-10.0,169,346112,0.00029915287267385794,0.0028292082715779543,0.9999504089355469,0.0012293808,1680,0.0003,-0.17482697209343315,0.014208984375,0.2,-4.976583441020921e-05,,
187.0,747,465,-10.0,170,348160,0.00030950113648486877,-0.01006786897778511,0.9999514222145081,0.0020207523,1690,0.0003,-0.1612702839775011,0.02001953125,0.2,-0.0002428443098324351,,
,,,,,350000,0.00029783573907025127,-0.0018603164935484529,0.9999523758888245,0.00189933,1700,0.0003,-0.15999782325234263,0.01640625,0.2,3.3944196184165774e-05,-10.0,187.0
187.0,746,468,-10.0,171,350208,,,,,,,,,,,,
187.0,747,471,-10.0,172,352256,0.00030945497004495335,-0.0005734609439969063,0.9999527335166931,0.00030128413,1710,0.0003,-0.1457750513451174,0.0107421875,0.2,0.0003995488412328996,,
187.0,747,474,-10.0,173,354304,0.0002739431220561528,0.003843063022941351,0.999954879283905,0.004765278,1720,0.0003,-0.1657183174509555,0.034912109375,0.2,-0.001018043581279926,,
187.0,747,476,-10.0,174,356352,0.00027059465046477273,-0.0028784489259123802,0.9999570846557617,0.0008675443,1730,0.0003,-0.17477240045554937,0.018896484375,0.2,0.00022650948958471417,,
187.0,747,479,-10.0,175,358400,0.00026553353993676867,-0.003668426536023617,0.9999591112136841,0.00059568626,1740,0.0003,-0.15595091835130007,0.009619140625,0.2,0.00015524104237556456,,
,,,,,360000,0.00026314634711184227,-0.004025348462164402,0.9999569654464722,0.007283308,1750,0.0003,-0.1716528287390247,0.040087890625,0.2,-0.0016589928651228546,-10.0,187.0
186.95,747,482,-10.0,176,360448,,,,,,,,,,,,
186.95,747,485,-10.0,177,362496,0.0012814409360316858,0.0012446665205061436,0.9997795224189758,0.0012744749,1760,0.0003,-0.1585604111663997,0.015087890625,0.2,-0.0011415230866987259,,
186.95,747,487,-10.0,178,364544,0.0002824675557690171,0.00013233024219516665,0.9999417066574097,0.002859889,1770,0.0003,-0.1576544526964426,0.03447265625,0.2,-0.0009372834509122185,,
186.95,747,490,-10.0,179,366592,0.0002543420853498901,0.0015890675131231546,0.999957799911499,0.0013144002,1780,0.0003,-0.16879781014285983,0.015771484375,0.2,0.00031354928796645254,,
186.95,747,492,-10.0,180,368640,0.00024160886439972273,0.00019440466712694615,0.9999624490737915,0.0007399719,1790,0.0003,-0.16192618142813445,0.01298828125,0.2,0.00022900933108758182,,
,,,,,370000,0.00022447388907949063,-0.0012648163828998804,0.999962568283081,0.0012893705,1800,0.0003,-0.1560390707338229,0.01630859375,0.2,-0.00023832363513065502,-10.0,187.0
186.95,747,496,-10.0,181,370688,,,,,,,,,,,,
186.95,747,498,-10.0,182,372736,0.00023822780813134158,-0.00017901405226439238,0.9999634623527527,0.0009079675,1810,0.0003,-0.13942836637143047,0.015234375,0.2,7.953592285048216e-06,,
186.95,747,501,-10.0,183,374784,0.0002153754817072695,-0.003768336493521929,0.9999655485153198,0.0019943272,1820,0.0003,-0.15350697822868825,0.01533203125,0.2,-0.00039653717758483256,,
186.84,747,504,-10.0,184,376832,0.00023143061350765491,0.0013381065800786018,0.9999651312828064,0.0020186077,1830,0.0003,-0.1404514741152525,0.01943359375,0.2,-0.0003273777168942615,,
186.89,747,506,-10.0,185,378880,0.00435002765570971,0.0009647842962294817,0.9991679787635803,0.0019819723,1840,0.0003,-0.140314430790022,0.0216796875,0.2,-0.0007714063307503238,,
,,,,,380000,0.00037799015747168595,0.0019068741239607334,0.9998669624328613,0.0011776318,1850,0.0003,-0.12110802207607776,0.016796875,0.2,-0.002382478321669623,-10.0,187.0
186.89,747,509,-10.0,186,380928,,,,,,,,,,,,
186.89,747,512,-10.0,187,382976,0.00024297749919242052,0.002838944550603628,0.9999474287033081,0.0026408767,1860,0.0003,-0.17367560749407857,0.03447265625,0.2,-0.0007521936044213362,,
186.89,747,515,-10.0,188,385024,0.00022653179055396322,0.005273603834211826,0.9999567270278931,0.003937601,1870,0.0003,-0.1794729897286743,0.031591796875,0.2,-0.0009811587267904542,,
186.89,747,517,-10.0,189,387072,0.0002057559272657272,-0.006501602474600077,0.9999665021896362,0.0009192926,1880,0.0003,-0.16212793551385402,0.014013671875,0.2,0.000348826200934127,,
186.89,747,520,-10.0,190,389120,0.0001837268237522949,-0.0013894971925765276,0.9999686479568481,0.0026980801,1890,0.0003,-0.15503581226803362,0.01865234375,0.2,0.00032171259517781435,,
,,,,,390000,0.00017514078064095884,-0.0020174982491880655,0.9999737739562988,0.0019484056,1900,0.0003,-0.14207738970872014,0.015673828125,0.2,0.0006029180003679357,-10.0,187.0
186.89,746,523,-10.0,191,391168,,,,,,,,,,,,
186.89,747,526,-10.0,192,393216,0.00019160146622994035,0.0007705431198701262,0.9999703764915466,0.0007117231,1910,0.0003,-0.15309554303530604,0.015673828125,0.2,0.0003903666845872067,,
187.0,747,528,-10.0,193,395264,0.0001882902388842922,0.004546016920357943,0.9999698400497437,0.001436285,1920,0.0003,-0.1342794213676825,0.015087890625,0.2,0.00016087539261206986,,
187.0,747,531,-10.0,194,397312,0.0001899824839881603,0.0028820419684052467,0.999972403049469,0.002260085,1930,0.0003,-0.12656439705751837,0.012841796875,0.2,-0.0004632891592336819,,
187.0,747,534,-10.0,195,399360,0.00019173244038483972,0.003760334337130189,0.9999732971191406,0.00058606424,1940,0.0003,-0.1424553259043023,0.019970703125,0.2,0.001127930002985522,,
,,,,,400000,0.00017732903947944578,0.0004345922206994146,0.9999735951423645,0.0015079826,1950,0.0003,-0.15730393880512566,0.0208984375,0.2,0.00040986882522702216,-10.0,187.0
187.0,747,537,-10.0,196,401408,,,,,,,,,,,,
187.0,747,539,-10.0,197,403456,0.00022108006829739678,-0.0008048044983297586,0.999969482421875,0.0010371066,1960,0.0003,-0.128634145623073,0.01552734375,0.2,-0.0014632586782681756,,
187.0,747,542,-10.0,198,405504,0.00019231539861266355,-0.003793759271502495,0.9999719262123108,0.003330047,1970,0.0003,-0.1413053235039115,0.02783203125,0.2,0.0013371811117394827,,
187.0,747,545,-10.0,199,407552,0.0001960740552817697,0.005625770892947912,0.9999722242355347,0.0017659377,1980,0.0003,-0.13319135510828345,0.01708984375,0.2,0.000862663215957582,,
187.0,747,547,-10.0,200,409600,0.0001755850594548747,0.031189879402518272,0.9999731183052063,0.0023325766,1990,0.0003,-0.13572426836472004,0.018896484375,0.2,0.0005315372109180316,,
,,,,,410000,0.00014325744252232652,-6.597810715902597e-05,0.9999780058860779,0.00090828014,2000,0.0003,-0.14754287782125175,0.022705078125,0.2,0.0007213219090772327,-10.0,187.0
187.0,746,551,-10.0,201,411648,,,,,,,,,,,,
187.0,746,553,-10.0,202,413696,0.00014835045656127476,0.0004789824306499213,0.9999756813049316,0.00053418026,2010,0.0003,-0.12966876120772214,0.008544921875,0.2,0.0004163712379522622,,
187.0,747,556,-10.0,203,415744,0.00014885775212860607,0.0005593327805399895,0.9999774098396301,0.00061408395,2020,0.0003,-0.1540137822041288,0.013623046875,0.2,-7.953663152875379e-05,,
187.0,747,559,-10.0,204,417792,0.00016661801795976318,-0.005882485769689083,0.9999752044677734,0.0008346131,2030,0.0003,-0.13241849429905414,0.011083984375,0.2,-0.00022759179264539853,,
187.0,747,561,-10.0,205,419840,0.00016965700582431963,-0.0005839057848788798,0.9999769926071167,0.0023956872,2040,0.0003,-0.14372185014653951,0.01923828125,0.2,0.001038897770922631,,
,,,,,420000,0.00014380749091174038,-0.004599147010594606,0.9999784231185913,0.0039803777,2050,0.0003,-0.1385846099583432,0.018115234375,0.2,-0.00013198636152083053,-10.0,187.0
187.0,746,564,-10.0,206,421888,,,,,,,,,,,,
187.0,746,567,-10.0,207,423936,0.0001436889645788142,-0.004337502643465996,0.999977171421051,0.0007237069,2060,0.0003,-0.13911563495639712,0.013720703125,0.2,0.00044164680148242044,,
187.0,747,570,-10.0,208,425984,0.00013844941749994178,-0.001120364060625434,0.9999794363975525,0.0012151143,2070,0.0003,-0.1272330083651468,0.012841796875,0.2,-0.0007007795633398928,,
187.0,747,572,-10.0,209,428032,0.00014140402068392178,0.012818246148526669,0.9999805092811584,0.00256062,2080,0.0003,-0.15361307363491505,0.034521484375,0.2,0.0005057927337475121,,
,,,,,430000,0.00014296548753804926,7.179274689406157e-05,0.9999797940254211,0.0013730682,2090,0.0003,-0.1197477203560993,0.014306640625,0.2,6.003541930112988e-05,-10.0,187.0
187.0,746,575,-10.0,210,430080,,,,,,,,,,,,
187.0,746,578,-10.0,211,432128,0.00015180284234475038,0.000878351682331413,0.9999803304672241,0.0022741985,2100,0.0003,-0.14039143966510892,0.02099609375,0.2,0.0007489493626053445,,
187.0,746,581,-10.0,212,434176,0.0001341648645677651,0.007737605832517147,0.9999803304672241,0.0023740712,2110,0.0003,-0.13178570738527923,0.0150390625,0.2,0.0003343120188219473,,
187.0,746,583,-10.0,213,436224,0.00013067538283735304,-0.0015879601705819368,0.9999762773513794,0.00079102034,2120,0.0003,-0.1334142140345648,0.02041015625,0.2,0.000316880876198411,,
187.0,747,586,-10.0,214,438272,0.00012032528548502341,0.005632194224745035,0.9999803900718689,0.0015539346,2130,0.0003,-0.1397232760442421,0.0162109375,0.2,4.608979652402923e-05,,
,,,,,440000,0.00010330939717277943,0.0020308687817305326,0.999984085559845,0.0023653503,2140,0.0003,-0.14189873808063566,0.016455078125,0.2,0.00038255605031736197,-10.0,187.0
187.0,746,589,-10.0,215,440320,,,,,,,,,,,,
187.0,746,592,-10.0,216,442368,0.0001473518243756189,-0.0017282023327425122,0.9999786019325256,0.002112785,2150,0.0003,-0.13893887207377703,0.021337890625,0.2,-9.825488086789846e-05,,
187.0,746,594,-10.0,217,444416,0.00016660645992487843,0.0018692740704864264,0.9999837875366211,0.0012367413,2160,0.0003,-0.14416244458407163,0.0228515625,0.2,-0.00010338039137423039,,
187.0,747,597,-10.0,218,446464,0.0001502721832508769,0.007018150761723518,0.9999808669090271,0.001391108,2170,0.0003,-0.11771359337726608,0.015380859375,0.2,0.0006504089455120265,,
187.0,747,600,-10.0,219,448512,0.0001226403900176365,0.012082632631063461,0.999982476234436,0.0009898122,2180,0.0003,-0.14818291238043457,0.025341796875,0.2,0.0005320515891071409,,
,,,,,450000,0.00011684070086062092,-0.00021375674987211823,0.9999823570251465,0.00050323585,2190,0.0003,-0.12637276963796468,0.01357421875,0.2,0.0008078865575953387,-10.0,187.0
187.0,746,603,-10.0,220,450560,,,,,,,,,,,,
187.0,746,606,-10.0,221,452608,0.00011896578049572782,0.004128600936383009,0.9999819993972778,0.00075594767,2200,0.0003,-0.1321175849530846,0.013037109375,0.2,0.0007308919710339978,,
187.0,746,608,-10.0,222,454656,0.0001156489533570948,-0.0005268185632303357,0.9999815225601196,0.0007906902,2210,0.0003,-0.13149993054103107,0.017919921875,0.2,0.0002746877755271271,,
187.0,746,611,-10.0,223,456704,0.00010355115913398549,-0.0034716306254267693,0.9999843239784241,0.0018632885,2220,0.0003,-0.11614220596384257,0.01904296875,0.2,-0.0003407207244890742,,
187.0,747,614,-10.0,224,458752,0.00011716343278749264,0.0029219435527920723,0.999984622001648,0.00066178665,2230,0.0003,-0.11372213116846978,0.017041015625,0.2,0.0005741078173741698,,
,,,,,460000,0.00013279383856570348,-0.0018115079728886485,0.9999856948852539,0.0015323855,2240,0.0003,-0.12029539404902607,0.016162109375,0.2,0.0008720822981558741,-10.0,187.0
187.0,746,617,-10.0,225,460800,,,,,,,,,,,,
187.0,746,619,-10.0,226,462848,0.00010961401274585114,-0.00017930896137841046,0.9999845027923584,0.00086171244,2250,0.0003,-0.1129373149597086,0.014111328125,0.2,0.00027035484818043186,,
187.0,746,622,-10.0,227,464896,0.00011521671542595869,0.0067403302527964115,0.9999839067459106,0.0016631542,2260,0.0003,-0.121313088061288,0.02275390625,0.2,0.0005147218442289158,,
187.0,746,625,-10.0,228,466944,0.00011117713103203641,0.0015601360937580466,0.9999855756759644,0.0011999442,2270,0.0003,-0.131725216913037,0.01953125,0.2,0.001176171685801819,,
187.0,746,628,-10.0,229,468992,9.52874477604837e-05,0.0036529351491481066,0.9999876022338867,0.0009664051,2280,0.0003,-0.11523394315736368,0.018701171875,0.2,8.809880673652515e-05,,
,,,,,470000,9.16697994966853e-05,0.009393682703375816,0.9999868869781494,0.0005503888,2290,0.0003,-0.12362241966184229,0.01640625,0.2,0.0009675544788478874,-10.0,187.0
187.0,746,631,-10.0,230,471040,,,,,,,,,,,,
187.0,746,633,-10.0,231,473088,0.00010983688370629352,0.010893982835114002,0.9999859929084778,0.004246647,2300,0.0003,-0.13396538966335356,0.023193359375,0.2,0.0007981058894074522,,
187.0,746,636,-10.0,232,475136,0.00016598736436321815,0.0004394855350255966,0.9999850392341614,0.0141685,2310,0.0003,-0.13181349416263402,0.04326171875,0.2,0.0023803017393220216,,
187.0,746,639,-10.0,233,477184,0.00012377093881354995,0.0412767231464386,0.9999876022338867,0.005493096,2320,0.0003,-0.13605269796680658,0.035107421875,0.2,0.0011776598985306919,,
187.0,746,641,-10.0,234,479232,9.545080949919793e-05,0.005212310701608658,0.9999850392341614,0.0043266024,2330,0.0003,-0.1368258256930858,0.01591796875,0.2,0.0008845817326800897,,
,,,,,480000,7.700346772026024e-05,-0.00105697987601161,0.9999874234199524,0.00059075514,2340,0.0003,-0.11196045093238353,0.0177734375,0.2,0.000577342847827822,-10.0,187.0
187.0,746,644,-10.0,235,481280,,,,,,,,,,,,
187.0,746,647,-10.0,236,483328,7.747779095836904e-05,-0.0038255879189819098,0.9999899864196777,0.0019273667,2350,0.0003,-0.12674800315871834,0.013427734375,0.2,0.00048758434568298983,,
187.0,746,650,-10.0,237,485376,0.00011446668640928692,0.010040352120995522,0.9999869465827942,0.001214819,2360,0.0003,-0.1313641675747931,0.017236328125,0.2,0.0011536355406860821,,
187.0,746,652,-10.0,238,487424,8.258159465981407e-05,-0.005592275410890579,0.999987781047821,0.0010504514,2370,0.0003,-0.10989660219056532,0.019775390625,0.2,0.0009093143075006082,,
187.0,746,655,-10.0,239,489472,9.400846524840745e-05,-0.00402169581502676,0.9999889731407166,0.0014644131,2380,0.0003,-0.12216004868969321,0.01416015625,0.2,-0.00040481910691596567,,
,,,,,490000,7.963489366602516e-05,0.0002060489059658721,0.999988853931427,0.0010746367,2390,0.0003,-0.11797650922089815,0.014599609375,0.2,0.00010607702715788036,-10.0,187.0
187.0,746,658,-10.0,240,491520,,,,,,,,,,,,
187.0,746,661,-10.0,241,493568,8.618227327019667e-05,0.0005894458154216409,0.99998939037323,0.0011422723,2400,0.0003,-0.11527038119966164,0.01767578125,0.2,0.0001661171183513943,,
187.0,746,663,-10.0,242,495616,8.609708613391832e-05,-0.004517643246799707,0.999989926815033,0.010346516,2410,0.0003,-0.13002785188145935,0.032470703125,0.2,-0.0010229276784230023,,
187.0,746,666,-10.0,243,497664,8.642606913156214e-05,-0.0009367886814288795,0.9999887347221375,0.0010353639,2420,0.0003,-0.12254080704879015,0.02001953125,0.2,0.0009530908573651686,,
187.0,746,669,-10.0,244,499712,7.170528302822277e-05,0.00592005392536521,0.9999884366989136,0.0021183896,2430,0.0003,-0.11258236384019256,0.021875,0.2,0.00020946174772689118,,
,,,,,500000,8.076127570006974e-05,-0.0003511798568069935,0.9999903440475464,0.0015020999,2440,0.0003,-0.12144255142193287,0.01533203125,0.2,0.0004527556389803067,-10.0,187.0
187.0,745,672,-10.0,245,501760,,,,,,,,,,,,
187.0,746,675,-10.0,246,503808,9.495243039054912e-05,-0.0016097453190013766,0.9999880790710449,0.00091418735,2450,0.0003,-0.11629190136445686,0.012353515625,0.2,0.0008026221767067909,,
187.0,746,677,-10.0,247,505856,7.750155234589328e-05,-0.011888360604643822,0.9999891519546509,0.008266881,2460,0.0003,-0.14673046846874058,0.05947265625,0.2,-0.002302041774964891,,
187.0,746,680,-10.0,248,507904,7.780763353366637e-05,-0.006312655285000801,0.9999906420707703,0.0007560729,2470,0.0003,-0.12814968251623213,0.0111328125,0.2,-6.418490083888173e-05,,
187.0,746,683,-10.0,249,509952,0.0001485856812394104,-0.004788535181432962,0.9999914765357971,0.004056262,2480,0.0003,-0.1233731799875386,0.018505859375,0.2,0.0004739749972941354,,
,,,,,510000,5.340525429460285e-05,-0.0017573455115780234,0.9999911785125732,0.00058013125,2490,0.0003,-0.11197957484982908,0.01298828125,0.2,0.00012372369674267246,-10.0,187.0
187.0,746,686,-10.0,250,512000,,,,,,,,,,,,
187.0,746,688,-10.0,251,514048,7.365571153172823e-05,-0.006741250399500132,0.9999903440475464,0.0014431796,2500,0.0003,-0.12854388093110175,0.01923828125,0.2,0.0002992928013554774,,
187.0,746,691,-10.0,252,516096,7.020478611252656e-05,0.00037712868652306497,0.9999921917915344,0.00217599,2510,0.0003,-0.13057868429459632,0.018701171875,0.2,-0.0002234223415143788,,
187.0,746,694,-10.0,253,518144,7.271276346898503e-05,0.001664055627770722,0.9999938607215881,0.0015464379,2520,0.0003,-0.11619593215873465,0.0208984375,0.2,0.001099198691372294,,
,,,,,520000,0.00011631784754229102,0.0004933965392410755,0.9999935030937195,0.0018809148,2530,0.0003,-0.10679647671058774,0.021826171875,0.2,0.0018420085092657247,-10.0,187.0
187.0,746,697,-10.0,254,520192,,,,,,,,,,,,
187.0,746,699,-10.0,255,522240,7.715670236052574e-05,-0.0018389567267149687,0.9999920725822449,0.000968899,2540,0.0003,-0.12967246343614533,0.021875,0.2,0.0010732373528298921,,
187.0,746,702,-10.0,256,524288,7.482030902963288e-05,0.00012960308231413364,0.9999938011169434,0.0011422258,2550,0.0003,-0.11725788952317089,0.021875,0.2,0.000972482789075002,,
187.0,746,705,-10.0,257,526336,7.18520053226257e-05,-0.0027416141238063574,0.9999917149543762,0.002608321,2560,0.0003,-0.12077262795064599,0.025634765625,0.2,-0.0005413557591964491,,
187.0,746,707,-10.0,258,528384,9.622836755340813e-05,-0.0003360505506861955,0.9999920725822449,0.0013082179,2570,0.0003,-0.09484550707275048,0.02392578125,0.2,0.00043467734940350056,,
,,,,,530000,5.5287385328028905e-05,0.0004965951666235924,0.9999921917915344,0.0010460484,2580,0.0003,-0.11960555595578626,0.0216796875,0.2,-7.69042206229642e-05,-10.0,187.0
187.0,746,710,-10.0,259,530432,,,,,,,,,,,,
187.0,746,713,-10.0,260,532480,6.267191895972246e-05,0.002177030313760042,0.9999926090240479,0.0006360883,2590,0.0003,-0.12286335651297123,0.015771484375,0.2,0.0006190530621097423,,
187.0,746,715,-10.0,261,534528,5.573679996473402e-05,0.0005265731015242636,0.9999927878379822,0.0028405054,2600,0.0003,-0.13226269712904468,0.0345703125,0.2,0.0014324541494715958,,
187.0,746,718,-10.0,262,536576,0.00024283024141595887,-0.0024037978146225214,0.999992311000824,0.0013597407,2610,0.0003,-0.11125735421665013,0.013818359375,0.2,0.00045388067519525066,,
187.0,746,721,-10.0,263,538624,4.244497556840088e-05,-0.003242119448259473,0.9999943375587463,0.0024165874,2620,0.0003,-0.11580120819853619,0.02265625,0.2,0.0014644715920439921,,
,,,,,540000,4.9916318030795995e-05,-0.0036375445779412985,0.9999929666519165,0.0014511012,2630,0.0003,-0.11583508430048824,0.01748046875,0.2,0.00045849323796574024,-10.0,187.0
187.0,746,724,-10.0,264,540672,,,,,,,,,,,,
187.0,746,727,-10.0,265,542720,8.073278073368328e-05,0.001365237170830369,0.9999930262565613,0.0012108929,2640,0.0003,-0.10416805294808,0.02333984375,0.2,0.0008291856589494273,,
187.0,746,729,-10.0,266,544768,6.761574280460536e-05,-0.012665371410548687,0.999993622303009,0.0031885547,2650,0.0003,-0.10494579429505393,0.028662109375,0.2,-0.0017752259504050017,,
187.0,746,732,-10.0,267,546816,4.741175101514727e-05,0.012282208539545536,0.9999947547912598,0.001668758,2660,0.0003,-0.10848750178702175,0.01923828125,0.2,0.0005192332086153328,,
187.0,746,735,-10.0,268,548864,0.00037562834465347804,-0.001525840605609119,0.9999940395355225,0.0013982521,2670,0.0003,-0.11947417482733727,0.0203125,0.2,0.0005849780645803548,,
,,,,,550000,4.971307754146892e-05,-0.0038910452276468277,0.9999914169311523,0.0016981615,2680,0.0003,-0.11032006209716201,0.02109375,0.2,-0.0006939268903806805,-10.0,187.0
187.0,746,738,-10.0,269,550912,,,,,,,,,,,,
187.0,746,740,-10.0,270,552960,0.00018394707899744845,-0.004312712233513594,0.9999940991401672,0.0011437233,2690,0.0003,-0.09932914862874895,0.015283203125,0.2,0.0003919110444257967,,
187.0,746,743,-10.0,271,555008,3.7604937352853086e-05,0.002348508220165968,0.999994695186615,0.0016273762,2700,0.0003,-0.10696516539901495,0.0216796875,0.2,-0.00016113135789055377,,
187.0,746,746,-10.0,272,557056,4.459667178480231e-05,-0.0025550725404173136,0.9999950528144836,0.0014720624,2710,0.0003,-0.10581785668618977,0.02470703125,0.2,0.0014728304056916385,,
187.0,746,748,-10.0,273,559104,4.417594002177338e-05,-0.0020547506865113974,0.9999944567680359,0.0028710263,2720,0.0003,-0.10765710843261331,0.01943359375,0.2,0.001168564627005253,,
,,,,,560000,4.6528256393685294e-05,0.00531111191958189,0.9999945759773254,0.0011768667,2730,0.0003,-0.09712511133402586,0.014306640625,0.2,-5.7921113329939546e-05,-10.0,187.0
187.0,745,752,-10.0,274,561152,,,,,,,,,,,,
187.0,745,755,-10.0,275,563200,7.284959294935333e-05,0.002470719628036022,0.9999951124191284,0.001222075,2740,0.0003,-0.09844084669603034,0.019384765625,0.2,0.0013196195490309038,,
187.0,745,757,-10.0,276,565248,0.00026892745935072073,0.005083322990685701,0.9999936819076538,0.004730609,2750,0.0003,-0.1107776433113031,0.0306640625,0.2,0.000248143298085779,,
187.0,745,760,-10.0,277,567296,3.013738498083285e-05,0.000903597567230463,0.9999951124191284,0.0022371481,2760,0.0003,-0.09822862263536081,0.016552734375,0.2,0.00022747770854039117,,
187.0,745,763,-10.0,278,569344,0.00010218643951418472,0.0031405389308929443,0.999993622303009,0.0011966876,2770,0.0003,-0.09130502811167389,0.016650390625,0.2,0.0004773935070261359,,
,,,,,570000,3.785431673009043e-05,0.0002097721298923716,0.9999935030937195,0.0014648081,2780,0.0003,-0.08560704244300724,0.017333984375,0.2,-0.0002327105961740017,-10.0,187.0
187.0,745,766,-10.0,279,571392,,,,,,,,,,,,
187.0,745,768,-10.0,280,573440,4.539341635165783e-05,-0.0035696509294211864,0.9999929666519165,0.003001032,2790,0.0003,-0.10635894436854869,0.03154296875,0.2,0.0007951114443130791,,
187.0,745,771,-10.0,281,575488,9.627964993796922e-05,0.0006777472444809973,0.9999945759773254,0.0009241807,2800,0.0003,-0.09232201274717226,0.014453125,0.2,0.0003941692790249363,,
187.0,745,774,-10.0,282,577536,4.129660958085424e-05,0.009111663326621056,0.9999951124191284,0.0012063255,2810,0.0003,-0.10071978074265645,0.023681640625,0.2,9.377403184771538e-05,,
187.0,745,777,-10.0,283,579584,0.00022185600464865728,-0.002545303665101528,0.9999944567680359,0.0008443075,2820,0.0003,-0.08767777316970751,0.0220703125,0.2,6.217410264071077e-05,,
,,,,,580000,3.565969985572792e-05,-0.006410476751625538,0.9999956488609314,0.0046004374,2830,0.0003,-0.10285400843713433,0.025244140625,0.2,0.0016234942682785912,-10.0,187.0
187.0,745,780,-10.0,284,581632,,,,,,,,,,,,
187.0,745,782,-10.0,285,583680,0.0002498674811079127,0.010585163719952106,0.9999956488609314,0.0077257142,2840,0.0003,-0.09950730751734227,0.0310546875,0.2,-0.0007294912153156474,,
187.0,745,785,-10.0,286,585728,3.50667796652715e-05,-0.00013624005077872425,0.9999957084655762,0.0015440389,2850,0.0003,-0.09563693071249872,0.013818359375,0.2,0.0011664117104373873,,
187.0,746,787,-10.0,287,587776,5.467296025756241e-05,-0.004700867459177971,0.9999952912330627,0.0014303619,2860,0.0003,-0.09501188870053738,0.019189453125,0.2,0.0010263025076710619,,
187.0,746,790,-10.0,288,589824,5.9426666189210665e-05,0.001831280766054988,0.9999958872795105,0.0019243329,2870,0.0003,-0.09404471976449713,0.01708984375,0.2,0.0013494637940311804,,
,,,,,590000,4.047013453316595e-05,-0.0024272047448903322,0.9999954700469971,0.0012633351,2880,0.0003,-0.07853112781886011,0.020849609375,0.2,-0.000684550532605499,-10.0,187.0
187.0,745,793,-10.0,289,591872,,,,,,,,,,,,
187.0,745,796,-10.0,290,593920,8.897604679418692e-05,-0.007266530301421881,0.9999954700469971,0.00164246,2890,0.0003,-0.07649165634647943,0.01845703125,0.2,0.0009602704521967098,,
187.0,746,798,-10.0,291,595968,0.00011975064047078376,0.000215757594560273,0.9999950528144836,0.0012080175,2900,0.0003,-0.09161785112228245,0.022216796875,0.2,0.0020415353501448408,,
187.0,746,801,-10.0,292,598016,0.00011702256180257109,0.013238262385129929,0.9999959468841553,0.0023370655,2910,0.0003,-0.08037047432153485,0.02236328125,0.2,0.001322384725790471,,
,,,,,600000,0.0002334363359508984,0.02754911035299301,0.9999955296516418,0.001991953,2920,0.0003,-0.08570485775126144,0.014697265625,0.2,0.002231191948521882,-10.0,187.0
187.0,745,804,-10.0,293,600064,,,,,,,,,,,,
187.0,745,807,-10.0,294,602112,2.172838132423749e-05,0.01377713680267334,0.9999963641166687,0.0016632947,2930,0.0003,-0.0888265662419144,0.020361328125,0.2,0.0018979818662046455,,
187.0,745,810,-10.0,295,604160,2.3551959074552542e-05,-0.00716795539483428,0.9999966025352478,0.0012442186,2940,0.0003,-0.08750661447411404,0.017333984375,0.2,0.0012097557046217844,,
187.0,745,812,-10.0,296,606208,9.564862069737501e-05,-0.002685151994228363,0.9999958872795105,0.0015732588,2950,0.0003,-0.092081051657442,0.018017578125,0.2,0.002207467093830928,,
187.0,745,815,-10.0,297,608256,5.5724931760892106e-05,-0.005453677382320166,0.9999942183494568,0.0016586517,2960,0.0003,-0.08798328039702027,0.02978515625,0.2,0.0014616795582696796,,
,,,,,610000,7.312488897071034e-05,0.003028000006452203,0.9999958276748657,0.0010671366,2970,0.0003,-0.09093444711761549,0.023779296875,0.2,0.0020034483139170335,-10.0,187.0
187.0,745,818,-10.0,298,610304,,,,,,,,,,,,
187.0,745,821,-10.0,299,612352,0.00013172254878384136,0.00036211745464242995,0.9999959468841553,0.0021714976,2980,0.0003,-0.0904616644489579,0.0181640625,0.2,0.00023973251809366046,,
187.0,745,824,-10.0,300,614400,0.00014344815577373992,0.0005450518801808357,0.9999967217445374,0.0010802071,2990,0.0003,-0.07191354934475384,0.01826171875,0.2,-0.0002652681345352903,,
187.0,745,827,-10.0,301,616448,9.576210067905322e-05,-0.01267063058912754,0.9999945759773254,0.0062826825,3000,0.0003,-0.08303978526964784,0.03134765625,0.2,0.0012260904593858867,,
187.0,745,829,-10.0,302,618496,0.0004910953507732075,-0.0055471742525696754,0.9999967217445374,0.0005990482,3010,0.0003,-0.08731206515803933,0.024951171875,0.2,0.001986474136356264,,
,,,,,620000,1.9283884610388215e-05,-0.01256953738629818,0.9999969601631165,0.0036977069,3020,0.0003,-0.07457708862493746,0.020703125,0.2,-0.00023997237149160356,-10.0,187.0
187.0,745,832,-10.0,303,620544,,,,,,,,,,,,
187.0,744,835,-10.0,304,622592,2.4394254764104063e-05,0.013983898796141148,0.9999964833259583,0.002194702,3030,0.0003,-0.07329360060393811,0.014306640625,0.2,0.00022000565368216485,,
187.0,745,838,-10.0,305,624640,6.971437009894998e-05,-0.004687497857958078,0.9999949336051941,0.0037732706,3040,0.0003,-0.0968594494392164,0.03603515625,0.2,0.002557304623769596,,
187.0,745,841,-10.0,306,626688,3.2407550139623706e-05,-0.0018861155258491635,0.9999961256980896,0.0009314136,3050,0.0003,-0.09031051648780704,0.030908203125,0.2,0.0012738847653963603,,
187.0,745,843,-10.0,307,628736,2.9651711534484094e-05,-0.002771945670247078,0.9999945759773254,0.003137592,3060,0.0003,-0.08048772644251585,0.025732421875,0.2,0.001417957921512425,,
,,,,,630000,7.98112625716385e-05,-0.004052620381116867,0.9999949336051941,0.004064699,3070,0.0003,-0.09022615829017014,0.0322265625,0.2,-0.0009670848128735087,-10.0,187.0
187.0,744,847,-10.0,308,630784,,,,,,,,,,,,
187.0,744,849,-10.0,309,632832,6.655718998445081e-05,-0.002377808094024658,0.9999955296516418,0.0007727131,3080,0.0003,-0.08549311836832203,0.02451171875,0.2,0.00043441626767162236,,
187.0,744,852,-10.0,310,634880,0.0007239704405520797,0.0010619311360642314,0.9999963045120239,0.00061335356,3090,0.0003,-0.0971106962300837,0.02265625,0.2,0.0016584535464062356,,
187.0,744,855,-10.0,311,636928,2.0914107925307234e-05,-0.010664761997759342,0.9999966621398926,0.0022995607,3100,0.0003,-0.08655313028721139,0.020751953125,0.2,0.0016014992666896432,,
187.0,744,858,-10.0,312,638976,2.7419912066761752e-05,-0.004690797533839941,0.9999958872795105,0.0025884174,3110,0.0003,-0.08015985536621884,0.02041015625,0.2,0.0009636469039833173,,
,,,,,640000,3.4006515542728265e-05,-0.013042852282524109,0.9999963045120239,0.0008358215,3120,0.0003,-0.09656049315817654,0.018310546875,0.2,0.0014674885038402862,-10.0,187.0
187.0,744,861,-10.0,313,641024,,,,,,,,,,,,
187.0,743,864,-10.0,314,643072,0.00022376957744256741,-0.004262472037225962,0.9999960064888,0.0014103189,3130,0.0003,-0.09005590508459135,0.0203125,0.2,0.002122240499011241,,
187.0,743,867,-10.0,315,645120,0.0004695796209347236,0.008708741515874863,0.9999961256980896,0.001498279,3140,0.0003,-0.08362503295065835,0.016064453125,0.2,-0.0003596355265472084,,
187.0,743,870,-10.0,316,647168,3.735409322587202e-05,-0.016135361045598984,0.9999908804893494,0.005225332,3150,0.0003,-0.08558021681965329,0.028271484375,0.2,0.0003407722819247283,,
187.0,743,872,-10.0,317,649216,2.829729829159078e-05,-0.006071990355849266,0.9999958276748657,0.0042864075,3160,0.0003,-0.09012513273628428,0.02177734375,0.2,0.0015002335756435059,,
,,,,,650000,5.140039663160678e-05,0.002814345061779022,0.9999952912330627,0.0022484618,3170,0.0003,-0.09243993785930797,0.022802734375,0.2,0.002284332456474658,-10.0,187.0
187.0,743,876,-10.0,318,651264,,,,,,,,,,,,
187.0,743,878,-10.0,319,653312,4.67773723727305e-05,0.010510454885661602,0.9999959468841553,0.004176299,3180,0.0003,-0.09393187757814303,0.033984375,0.2,0.0027129651367431506,,
187.0,743,881,-10.0,320,655360,0.00044098768259459575,-0.0017008528811857104,0.999992311000824,0.0014908377,3190,0.0003,-0.0890599379723426,0.0251953125,0.2,7.920760835986585e-05,,
187.0,743,884,-10.0,321,657408,2.8293684277969077e-05,-0.00037380895810201764,0.9999962449073792,0.0018755696,3200,0.0003,-0.07846164917573333,0.01904296875,0.2,0.001796167209977284,,
187.0,743,886,-10.0,322,659456,2.9388622157000554e-05,-0.009721145033836365,0.999996542930603,0.0014063627,3210,0.0003,-0.09208714467240497,0.01923828125,0.2,0.0024200939980801193,,
,,,,,660000,2.6236643607546738e-05,7.433713471982628e-05,0.9999960660934448,0.0008239577,3220,0.0003,-0.08943380839191377,0.020166015625,0.2,0.0022693900784361174,-10.0,187.0
187.0,743,889,-10.0,323,661504,,,,,,,,,,,,
187.0,743,892,-10.0,324,663552,0.0004086523052052371,-0.007014035247266293,0.9999963641166687,0.00051292696,3230,0.0003,-0.07902952129370533,0.02412109375,0.2,0.0010936126695014537,,
187.0,743,895,-10.0,325,665600,1.9690966966834365e-05,0.014944363385438919,0.9999967813491821,0.0010051555,3240,0.0003,-0.08674023622879759,0.016943359375,0.2,0.00028913405985804276,,
187.0,743,897,-10.0,326,667648,0.0001507607320064608,-0.001694827456958592,0.999997079372406,0.0017867954,3250,0.0003,-0.07777367435046471,0.027734375,0.2,0.0037519049423281104,,
187.0,743,900,-10.0,327,669696,8.267901953047385e-05,-0.005008845590054989,0.9999961256980896,0.0016188157,3260,0.0003,-0.07621573560754769,0.0208984375,0.2,0.0009599161916412413,,
,,,,,670000,2.2084531877908375e-05,-0.00293587613850832,0.999995231628418,0.0022527056,3270,0.0003,-0.07944769203895703,0.0251953125,0.2,-0.0006908093419042416,-10.0,187.0
187.0,743,903,-10.0,328,671744,,,,,,,,,,,,
187.0,743,906,-10.0,329,673792,7.243964928136393e-05,-0.014953217469155788,0.9999963641166687,0.00087874086,3280,0.0003,-0.0784492893202696,0.01904296875,0.2,0.0011671579879475758,,
187.0,743,909,-10.0,330,675840,5.5862390607330783e-05,-0.0024656543973833323,0.9999963641166687,0.001055989,3290,0.0003,-0.08760683212894946,0.029833984375,0.2,0.001014037654385902,,
187.0,743,911,-10.0,331,677888,3.6133916226788186e-05,0.004945193883031607,0.9999966025352478,0.0024919016,3300,0.0003,-0.07952950267354027,0.020068359375,0.2,0.0003193235897924751,,
187.0,743,914,-10.0,332,679936,0.0001992587827146508,0.051364295184612274,0.9999969005584717,0.0032632397,3310,0.0003,-0.09509099707938731,0.02626953125,0.2,0.001975037093507126,,
,,,,,680000,2.797540078347538e-05,-0.0003679649671539664,0.9999973177909851,0.0017587121,3320,0.0003,-0.08417927658883854,0.0189453125,0.2,0.00039015959482640027,-10.0,187.0
187.0,743,917,-10.0,333,681984,,,,,,,,,,,,
187.0,743,919,-10.0,334,684032,4.2522886333529185e-05,-0.0016682377317920327,0.9999968409538269,0.004265179,3330,0.0003,-0.08923696720739827,0.027001953125,0.2,0.0013638178555993364,,
187.0,743,922,-10.0,335,686080,2.5684927419433733e-05,0.005066676065325737,0.9999970197677612,0.0020040777,3340,0.0003,-0.08638258740538732,0.020849609375,0.2,0.0008648735500173643,,
187.0,743,925,-10.0,336,688128,0.0001645362282260976,0.00014402640226762742,0.9999973177909851,0.0018946921,3350,0.0003,-0.08445005192188546,0.026318359375,0.2,0.001519566490605939,,
,,,,,690000,8.004939271302191e-05,7.125287083908916e-05,0.9999969005584717,0.0024088358,3360,0.0003,-0.07800155459553934,0.0234375,0.2,0.001076189469313249,-10.0,187.0
187.0,743,928,-10.0,337,690176,,,,,,,,,,,,
187.0,743,930,-10.0,338,692224,2.4840320908481316e-05,-0.049086570739746094,0.999993085861206,0.21685967,3370,0.0003,-0.10470797219313681,0.096728515625,0.2,-0.0038880392996361477,,
187.0,743,933,-10.0,339,694272,0.0005497387574706636,0.028421442955732346,0.9999960064888,0.015047012,3380,0.0003,-0.1184956950484775,0.048876953125,0.2,0.0031099919375265016,,
187.0,743,936,-10.0,340,696320,0.0001766880400282389,-0.014127579517662525,0.9999901056289673,0.0064107226,3390,0.0003,-0.11823803528677672,0.0501953125,0.2,0.004051674625952728,,
187.0,743,938,-10.0,341,698368,2.9117095645858627e-05,-0.0017924270359799266,0.9999951720237732,0.0033682808,3400,0.0003,-0.10878862926037983,0.029541015625,0.2,0.0015938496697344817,,
,,,,,700000,2.611352147994239e-05,0.013507447205483913,0.999995768070221,0.0013319643,3410,0.0003,-0.10619812712538987,0.01953125,0.2,0.00020405651448527352,-10.0,187.0
187.0,743,941,-10.0,342,700416,,,,,,,,,,,,
186.95,743,944,-10.0,343,702464,2.56349658087629e-05,-9.833555668592453e-05,0.9999960660934448,0.0011003651,3420,0.0003,-0.10220783834229223,0.017724609375,0.2,0.0006731241621309892,,
186.95,743,947,-10.0,344,704512,0.0010335344349186927,-0.006870754063129425,0.999829888343811,0.0007590043,3430,0.0003,-0.10877286525210365,0.021826171875,0.2,0.0006572998157935217,,
186.95,743,949,-10.0,345,706560,0.000105959252618959,-0.011926177889108658,0.9999679923057556,0.0012450921,3440,0.0003,-0.09234748694580049,0.01767578125,0.2,-0.0013672928122105076,,
186.95,744,952,-10.0,346,708608,3.507562704214706e-05,-0.0026845706161111593,0.9999902248382568,0.002615991,3450,0.0003,-0.11191264553926886,0.030224609375,0.2,-0.0012645974376937375,,
,,,,,710000,3.017849781059567e-05,-0.004888967145234346,0.999995768070221,0.023612179,3460,0.0003,-0.13690526039572432,0.086279296875,0.2,-0.0008042603483772836,-10.0,187.0
186.95,743,955,-10.0,347,710656,,,,,,,,,,,,
186.95,743,957,-10.0,348,712704,2.5613505989952046e-05,0.011549870483577251,0.9999960660934448,0.0076629072,3470,0.0003,-0.12528208941221236,0.0369140625,0.2,0.0012911822443129495,,
186.95,744,960,-10.0,349,714752,3.585378256474314e-05,-0.0024081470910459757,0.9999963641166687,0.0015479997,3480,0.0003,-0.11905084152240306,0.01171875,0.2,0.0006205679339473136,,
186.95,744,963,-10.0,350,716800,0.0001427111287100047,-0.0017284932546317577,0.9999960660934448,0.00038028014,3490,0.0003,-0.1242634933674708,0.017333984375,0.2,0.0018829261753126048,,
186.95,743,966,-10.0,351,718848,8.251232922873442e-05,-0.0140644246712327,0.9999968409538269,0.0037375349,3500,0.0003,-0.12466786818113178,0.02587890625,0.2,0.002449632813659264,,
,,,,,720000,0.00023201054916626162,-0.0007093660533428192,0.9999967813491821,0.001284971,3510,0.0003,-0.10538362537045032,0.023095703125,0.2,0.0019645145803224295,-10.0,187.0
187.0,743,969,-10.0,352,720896,,,,,,,,,,,,
187.0,743,972,-10.0,353,722944,2.1947110064957086e-05,-0.0008129235939122736,0.9999962449073792,0.00078242226,3520,0.0003,-0.11997624442446977,0.010888671875,0.2,0.0010236893547698855,,
187.0,743,974,-10.0,354,724992,2.2956193136280943e-05,-0.00027368569863028824,0.9999967217445374,0.00070457923,3530,0.0003,-0.09913383011007681,0.0158203125,0.2,-0.0006006016017636284,,
187.0,743,977,-10.0,355,727040,2.5345802460208233e-05,-0.002578149316832423,0.9999974966049194,0.0013060875,3540,0.0003,-0.10200580698437989,0.017236328125,0.2,0.0011263197142397986,,
187.0,743,980,-10.0,356,729088,0.00018146572213453282,0.00036578698200173676,0.999997079372406,0.0021072817,3550,0.0003,-0.10090995309874415,0.0203125,0.2,0.0011674499794025906,,
,,,,,730000,3.592870439490525e-05,0.003661011578515172,0.9999976754188538,0.0005712113,3560,0.0003,-0.11050852036569267,0.016943359375,0.2,0.0010317690888768994,-10.0,187.0
187.0,743,983,-10.0,357,731136,,,,,,,,,,,,
187.0,743,986,-10.0,358,733184,1.9705289906823965e-05,-0.003273974871262908,0.9999973773956299,0.0041188127,3570,0.0003,-0.11516635222360491,0.02431640625,0.2,0.0004971435817424207,,
187.0,743,988,-10.0,359,735232,1.9677307678023225e-05,-0.0008015562198124826,0.9999976754188538,0.0027810317,3580,0.0003,-0.09474586944561451,0.025390625,0.2,0.0007758259409456514,,
187.0,743,991,-10.0,360,737280,0.0001647273273320593,0.01425508689135313,0.9999979138374329,0.0019596634,3590,0.0003,-0.10068041085032746,0.021826171875,0.2,0.001275064083165489,,
187.0,743,994,-10.0,361,739328,2.0074186276985984e-05,-0.0017415438778698444,0.9999971985816956,0.0037963735,3600,0.0003,-0.09005221157567575,0.01953125,0.2,0.0012184214021544904,,
,,,,,740000,6.843161024505662e-05,-0.0004707957850769162,0.9999977350234985,0.0013549564,3610,0.0003,-0.0910169375827536,0.018359375,0.2,1.974586630240083e-05,-10.0,187.0
187.0,743,997,-10.0,362,741376,,,,,,,,,,,,
187.0,743,1000,-10.0,363,743424,2.0062894259353924e-05,0.0255291685461998,0.9999974966049194,0.0050496897,3620,0.0003,-0.08982182383770124,0.027099609375,0.2,0.0022532408591359855,,
187.0,743,1002,-10.0,364,745472,0.0008439284720424212,-0.0013752466766163707,0.9999980926513672,0.0032164096,3630,0.0003,-0.09169064523885026,0.022802734375,0.2,0.0016420423708041199,,
187.0,743,1005,-10.0,365,747520,2.18725639058448e-05,-0.001643044059164822,0.9999975562095642,0.0021106522,3640,0.0003,-0.0935930451261811,0.0201171875,0.2,0.0009396929439390078,,
187.0,743,1007,-10.0,366,749568,2.890591012345567e-05,0.002271557692438364,0.9999975562095642,0.0016235916,3650,0.0003,-0.09751052027568222,0.02119140625,0.2,0.0015747559853480197,,
,,,,,750000,4.839392168918266e-05,-0.006971675902605057,0.999998152256012,0.0019685968,3660,0.0003,-0.0839032876305282,0.023974609375,0.2,0.0016464087428175844,-10.0,187.0
187.0,743,1011,-10.0,367,751616,,,,,,,,,,,,
187.0,743,1013,-10.0,368,753664,1.948195451433321e-05,-0.004031502176076174,0.999984622001648,0.003831124,3670,0.0003,-0.08928917541634292,0.026220703125,0.2,0.0011809700226876885,,
187.0,743,1016,-10.0,369,755712,2.206381830092141e-05,-0.01680123060941696,0.999993622303009,0.015740266,3680,0.0003,-0.10317775992443785,0.061962890625,0.2,0.0004157782270340249,,
187.0,743,1019,-10.0,370,757760,4.608003501544999e-05,-0.003552509006112814,0.999995231628418,0.004455477,3690,0.0003,-0.11165429151151329,0.0345703125,0.2,0.000996226232382469,,
187.0,743,1021,-10.0,371,759808,7.676357202655027e-05,-0.0006997925229370594,0.9999967217445374,0.0008940493,3700,0.0003,-0.10582038251450285,0.0212890625,0.2,0.0003944339827285148,,
,,,,,760000,6.456681682891486e-05,0.0011640028096735477,0.9999969005584717,0.001315271,3710,0.0003,-0.10450373558560386,0.01552734375,0.2,0.00047892371658235787,-10.0,187.0
187.0,743,1024,-10.0,372,761856,,,,,,,,,,,,
187.0,743,1027,-10.0,373,763904,4.4744990000822325e-05,-0.0030120881274342537,0.9999954104423523,0.0052346927,3720,0.0003,-0.10129618404898792,0.020703125,0.2,0.0007441600784659386,,
187.0,743,1030,-10.0,374,765952,0.00018885349471418068,0.0003742004919331521,0.9999969601631165,0.012106666,3730,0.0003,-0.11373794866958634,0.048486328125,0.2,0.0012644390168134122,,
187.0,743,1032,-10.0,375,768000,1.6626328994107097e-05,-0.005792558658868074,0.999997079372406,0.0062715365,3740,0.0003,-0.09737853921251372,0.022216796875,0.2,0.0008989095716970041,,
,,,,,770000,1.6801778508579444e-05,-0.0001662764698266983,0.9999978542327881,0.0018215451,3750,0.0003,-0.10148639045655727,0.02119140625,0.2,0.0017230186218512244,-10.0,187.0
187.0,743,1035,-10.0,376,770048,,,,,,,,,,,,
187.0,743,1038,-10.0,377,772096,6.818913409034622e-05,-0.00037404982140287757,0.9999978542327881,0.0014029465,3760,0.0003,-0.10938710886985063,0.012841796875,0.2,0.0008982329367427155,,
187.0,743,1041,-10.0,378,774144,1.8781967240499854e-05,0.007907813414931297,0.9999980330467224,0.0027984648,3770,0.0003,-0.09342710904311388,0.023974609375,0.2,0.0010761227968032472,,
187.0,743,1043,-10.0,379,776192,9.298703598972224e-05,0.011886505410075188,0.9999979734420776,0.0028474084,3780,0.0003,-0.09233954756055027,0.022705078125,0.2,0.001335684971854789,,
187.0,743,1046,-10.0,380,778240,4.142038009717908e-05,0.01605115830898285,0.9999935030937195,0.002982227,3790,0.0003,-0.08152109077200294,0.01552734375,0.2,0.0003737899227417074,,
,,,,,780000,1.757968225035711e-05,-0.0022585547994822264,0.999996542930603,0.0019719102,3800,0.0003,-0.08492525712354108,0.01796875,0.2,2.94444034807384e-06,-10.0,187.0
187.0,743,1049,-10.0,381,780288,,,,,,,,,,,,
187.0,743,1052,-10.0,382,782336,0.00013836152941451018,0.002594602992758155,0.9999972581863403,0.0010705453,3810,0.0003,-0.09034522714791819,0.01630859375,0.2,0.00106672769470606,,
187.0,743,1054,-10.0,383,784384,3.215363310715702e-05,-0.01430443674325943,0.9999973177909851,0.0038713887,3820,0.0003,-0.10655597847653553,0.036181640625,0.2,0.0008099736529402435,,
187.0,743,1057,-10.0,384,786432,8.684830582978975e-05,0.004826046526432037,0.9999974966049194,0.002261072,3830,0.0003,-0.09436434913659468,0.0259765625,0.2,0.002030391988228075,,
187.0,743,1060,-10.0,385,788480,2.6039244127673554e-05,0.005728385876864195,0.9999982118606567,0.0012143349,3840,0.0003,-0.0934163608471863,0.024169921875,0.2,0.001355058347689919,,
,,,,,790000,0.0003905759264355879,-0.0010698578553274274,0.9999980926513672,0.0013345203,3850,0.0003,-0.08887121408479288,0.026953125,0.2,0.0014092008888837882,-10.0,187.0
187.0,743,1063,-10.0,386,790528,,,,,,,,,,,,
187.0,743,1065,-10.0,387,792576,2.2362041045198565e-05,0.00455807289108634,0.9999971389770508,0.0014883825,3860,0.0003,-0.08937649618601426,0.024609375,0.2,0.0016658915657899343,,
187.0,743,1068,-10.0,388,794624,2.518599241057018e-05,-0.02648191712796688,0.9999974370002747,0.0026035807,3870,0.0003,-0.09304516351548955,0.01767578125,0.2,0.0015723368007456884,,
187.0,743,1071,-10.0,389,796672,0.0004411297129024661,0.014076827093958855,0.9999978542327881,0.00487264,3880,0.0003,-0.10438427699264138,0.0494140625,0.2,-5.0219941476825626e-05,,
187.0,743,1073,-10.0,390,798720,1.2372660182791152e-05,-0.0009295014897361398,0.9999982118606567,0.0019795308,3890,0.0003,-0.09590801409212872,0.024267578125,0.2,0.0017959035598323681,,
,,,,,800000,2.6466836206395784e-05,0.001662921393290162,0.999997615814209,0.0023034464,3900,0.0003,-0.08901744419708849,0.020947265625,0.2,0.002351660393469501,-10.0,187.0
187.0,743,1076,-10.0,391,800768,,,,,,,,,,,,
187.0,743,1079,-10.0,392,802816,1.7093313584837232e-05,0.0002825699339155108,0.9999980926513672,0.0030333912,3910,0.0003,-0.08699404802173376,0.0228515625,0.2,0.0015652876609237865,,
187.0,743,1082,-10.0,393,804864,0.00013798877958492994,0.0013587214052677155,0.9999975562095642,0.004483954,3920,0.0003,-0.0945007348433137,0.03095703125,0.2,0.0012470314715756104,,
187.0,743,1084,-10.0,394,806912,3.020578064365509e-05,0.00022460265608970076,0.9999978542327881,0.0030747545,3930,0.0003,-0.08346684667631052,0.0263671875,0.2,-0.0003656991175375879,,
187.0,743,1087,-10.0,395,808960,5.138578254388903e-05,-0.006547838449478149,0.9999979138374329,0.0022954019,3940,0.0003,-0.07929982392233796,0.017236328125,0.2,-0.00010423410858493299,,
,,,,,810000,0.00015216946237757157,0.0014916061190888286,0.999998152256012,0.0030551245,3950,0.0003,-0.07581575062358752,0.0171875,0.2,0.0011734110783436335,-10.0,187.0
187.0,743,1090,-10.0,396,811008,,,,,,,,,,,,
187.0,743,1093,-10.0,397,813056,3.1003373275950705e-05,0.014188675209879875,0.9999973773956299,0.006334855,3960,0.0003,-0.07441404054989106,0.02392578125,0.2,0.0017647820568527095,,
187.0,743,1095,-10.0,398,815104,0.00010855147488655347,0.007546026725322008,0.999997079372406,0.0018620617,3970,0.0003,-0.07409169462625868,0.019384765625,0.2,0.0018700811648159287,,
187.0,743,1098,-10.0,399,817152,3.177118644543952e-05,-0.0025068882387131453,0.9999964833259583,0.0044415537,3980,0.0003,-0.09025590815581382,0.0318359375,0.2,0.00016849753737915307,,
187.0,744,1101,-10.0,400,819200,4.514564012083611e-05,0.0007396959699690342,0.9999977946281433,0.0010741343,3990,0.0003,-0.08054516842239537,0.0203125,0.2,0.0012142938488977962,,
,,,,,820000,0.00010123473156795627,-0.0005226731300354004,0.9999973177909851,0.0019403928,4000,0.0003,-0.0799353790760506,0.0212890625,0.2,0.0015146333782467992,-10.0,187.0
187.0,743,1104,-10.0,401,821248,,,,,,,,,,,,
187.0,743,1106,-10.0,402,823296,0.0002440870720860744,0.002610261319205165,0.9999967813491821,0.0035883656,4010,0.0003,-0.07681775520904921,0.025927734375,0.2,0.002954509177652653,,
187.0,743,1109,-10.0,403,825344,3.793096549031816e-05,0.0039298804476857185,0.9999978542327881,0.0055183545,4020,0.0003,-0.0777065651898738,0.0197265625,0.2,0.0011483519381727092,,
187.0,743,1112,-10.0,404,827392,2.7507684040273263e-05,0.014822609722614288,0.9999982118606567,0.00094006176,4030,0.0003,-0.06777052498655393,0.021923828125,0.2,0.0015453638101462276,,
187.0,743,1114,-10.0,405,829440,2.8889952129418362e-05,-0.005577720236033201,0.9999982714653015,0.0010568553,4040,0.0003,-0.06957693016156555,0.0154296875,0.2,0.000616638314386364,,
,,,,,830000,0.0003389453053273428,0.0034100953489542007,0.9999979138374329,0.0009021128,4050,0.0003,-0.07251199597958476,0.0150390625,0.2,0.0009395876288181171,-10.0,187.0
187.0,743,1118,-10.0,406,831488,,,,,,,,,,,,
187.0,743,1120,-10.0,407,833536,1.1769396662941744e-05,-0.0028736083768308163,0.9999979138374329,0.0024384612,4060,0.0003,-0.07054746219073423,0.018017578125,0.2,0.0008697140699950978,,
187.0,743,1123,-10.0,408,835584,0.0003564558762292336,0.0019982443191111088,0.9999983906745911,0.001638278,4070,0.0003,-0.07113106314791366,0.0234375,0.2,0.0015417076589073985,,
187.0,744,1125,-10.0,409,837632,1.741731278741554e-05,-0.000875233206897974,0.9999973773956299,0.0018292726,4080,0.0003,-0.06678972056834027,0.019873046875,0.2,0.00234024764795322,,
187.0,744,1128,-10.0,410,839680,1.1918455163595354e-05,0.029124364256858826,0.9999982714653015,0.0015517805,4090,0.0003,-0.06680685259634629,0.028515625,0.2,0.0028418816538760437,,
,,,,,840000,0.00013921918625072748,-0.0028292941860854626,0.9999983310699463,0.0034463361,4100,0.0003,-0.06730259188334457,0.026123046875,0.2,0.00162287131533958,-10.0,187.0
187.0,743,1131,-10.0,411,841728,,,,,,,,,,,,
187.0,743,1134,-10.0,412,843776,5.1773457293791125e-05,-0.010730205103754997,0.9999983310699463,0.0036589531,4110,0.0003,-0.06992063007201069,0.02353515625,0.2,0.001504707959247753,,
187.0,743,1137,-10.0,413,845824,0.00018816774657324232,-0.0017331730341538787,0.9999983310699463,0.0022375134,4120,0.0003,-0.07153919912525453,0.0232421875,0.2,0.002323336692643352,,
187.0,743,1139,-10.0,414,847872,1.6554697577220168e-05,0.000434563378803432,0.9999985098838806,0.0017931743,4130,0.0003,-0.07014969896408729,0.026904296875,0.2,0.004379169640014879,,
187.0,744,1142,-10.0,415,849920,0.00024174332267534737,0.002050096867606044,0.9999985098838806,0.0031247775,4140,0.0003,-0.06306800285819918,0.0283203125,0.2,0.0010559307964285835,,
,,,,,850000,0.00016351006745480846,0.010650844313204288,0.9999862313270569,0.0021241768,4150,0.0003,-0.0677100466331467,0.032275390625,0.2,0.0033122514505521394,-10.0,187.0
187.0,743,1145,-10.0,416,851968,,,,,,,,,,,,
187.0,743,1148,-10.0,417,854016,1.4652968580719516e-05,-0.0007971089798957109,0.9999954700469971,0.0026531923,4160,0.0003,-0.06267345853848383,0.018212890625,0.2,0.0016961331071797757,,
187.0,743,1150,-10.0,418,856064,1.9547710859058044e-05,-0.0032368418760597706,0.9999961853027344,0.0041106325,4170,0.0003,-0.06927573184366338,0.019873046875,0.2,0.0017953302842215635,,
187.0,743,1153,-10.0,419,858112,4.109877544635765e-05,-0.0036743315868079662,0.9999966621398926,0.0053153783,4180,0.0003,-0.0717318638577126,0.02587890625,0.2,0.001434445197810419,,
,,,,,860000,0.00023688384858218116,0.003149428404867649,0.9999974966049194,0.0050586,4190,0.0003,-0.07442621874506586,0.0291015625,0.2,0.00022338126582326366,-10.0,187.0
187.0,743,1156,-10.0,420,860160,,,,,,,,,,,,
187.0,743,1159,-10.0,421,862208,1.714777597783268e-05,-0.007911235094070435,0.9999978542327881,0.0050454875,4200,0.0003,-0.06554797134012916,0.01865234375,0.2,0.0008780215663136915,,
187.0,743,1161,-10.0,422,864256,2.4777388735230942e-05,-0.004941720515489578,0.9999983310699463,0.002988432,4210,0.0003,-0.06906881286849967,0.02529296875,0.2,0.0017200951348058879,,
187.0,744,1164,-10.0,423,866304,7.478915705974031e-05,0.002214378910139203,0.9999983310699463,0.00049776456,4220,0.0003,-0.06600181119865738,0.020361328125,0.2,0.0016241508245002478,,
187.0,744,1167,-10.0,424,868352,1.0404842236511058e-05,0.0006074922857806087,0.999998152256012,0.0014289826,4230,0.0003,-0.0692895702610258,0.026904296875,0.2,0.003785252445959486,,
,,,,,870000,0.0002402279331008117,0.009942343458533287,0.9999980926513672,0.0028661806,4240,0.0003,-0.06153169817407615,0.018505859375,0.2,0.0015566366928396747,-10.0,187.0
187.0,743,1170,-10.0,425,870400,,,,,,,,,,,,
187.0,743,1172,-10.0,426,872448,0.00016733333757770196,0.0018338201334699988,0.9999908804893494,0.0014835645,4250,0.0003,-0.06469867780688218,0.01875,0.2,0.0005038984585553407,,
187.0,743,1175,-10.0,427,874496,4.239796712965926e-05,-0.0005051392945460975,0.9999977946281433,0.002653913,4260,0.0003,-0.06859220222686417,0.020361328125,0.2,0.0014588055535568855,,
187.0,744,1178,-10.0,428,876544,0.00013203451321714966,0.0008027481380850077,0.9999973773956299,0.0012927577,4270,0.0003,-0.0653631957975449,0.02548828125,0.2,0.001410495219170116,,
187.0,744,1180,-10.0,429,878592,5.299619438901004e-05,-0.0003784381551668048,0.9999980330467224,0.0026125696,4280,0.0003,-0.06622522355173714,0.0212890625,0.2,-6.266648706514389e-05,,
,,,,,880000,0.00019628013250496678,0.0029966679867357016,0.9999980926513672,0.002713347,4290,0.0003,-0.06070441281772219,0.021728515625,0.2,0.0017405449936632067,-10.0,187.0
187.0,743,1183,-10.0,430,880640,,,,,,,,,,,,
187.0,743,1186,-10.0,431,882688,0.00041117411372511016,-0.012591268867254257,0.9999982714653015,0.0010994035,4300,0.0003,-0.06242145321884891,0.02412109375,0.2,0.0025356050187838263,,
187.0,743,1189,-10.0,432,884736,1.1488986952201686e-05,0.010065688751637936,0.9999982714653015,0.0022579394,4310,0.0003,-0.06157824580732267,0.022021484375,0.2,0.0012291295381146484,,
187.0,743,1191,-10.0,433,886784,2.1723448189447935e-05,-0.004387313034385443,0.9999983310699463,0.0054658083,4320,0.0003,-0.05912699368491303,0.03203125,0.2,0.002928567584604025,,
187.0,744,1194,-10.0,434,888832,2.7025524504153962e-05,0.0031324492301791906,0.9999926090240479,0.0034783885,4330,0.0003,-0.06385036384453997,0.030712890625,0.2,0.004378604868543334,,
,,,,,890000,4.186236651406716e-05,0.0029723572079092264,0.9999907612800598,0.0011184004,4340,0.0003,-0.05966835311264731,0.028857421875,0.2,0.0032092503301100806,-10.0,187.0
187.0,743,1197,-10.0,435,890880,,,,,,,,,,,,
187.0,743,1200,-10.0,436,892928,0.00035483349635825336,0.028692789375782013,0.9999951124191284,0.005064112,4350,0.0003,-0.05953943119966425,0.02880859375,0.2,0.003058451594552025,,
187.0,743,1203,-10.0,437,894976,6.15991554710149e-05,-0.0012091874377802014,0.9999969601631165,0.0068247635,4360,0.0003,-0.05838538622483611,0.026513671875,0.2,0.004304633673746139,,
187.0,743,1205,-10.0,438,897024,1.6865592314729838e-05,0.007442898117005825,0.9999814033508301,0.0057730386,4370,0.0003,-0.060164680931484325,0.033544921875,0.2,-0.0003013511857716367,,
187.0,743,1208,-10.0,439,899072,1.7938533383698994e-05,0.007132628466933966,0.9999940395355225,0.003938864,4380,0.0003,-0.061047165904892606,0.02275390625,0.2,0.0007241967687150463,,
,,,,,900000,0.00022559321985724524,-0.02647755667567253,0.9999951124191284,0.059534155,4390,0.0003,-0.06493309871875681,0.05625,0.2,0.006655577846686356,-10.0,187.0
187.0,743,1211,-10.0,440,901120,,,,,,,,,,,,
187.0,743,1214,-10.0,441,903168,1.0392189325614254e-05,0.00820629671216011,0.999996542930603,0.004141816,4400,0.0003,-0.06751570576743689,0.030859375,0.2,0.003139659104635939,,
187.0,743,1217,-10.0,442,905216,3.03064793968133e-05,0.001982423709705472,0.9999978542327881,0.0010263295,4410,0.0003,-0.07033769599511289,0.02001953125,0.2,0.00014675844868179412,,
187.0,743,1219,-10.0,443,907264,8.476266278734102e-06,0.0031845364719629288,0.9999982714653015,0.004304819,4420,0.0003,-0.06763220936409198,0.028125,0.2,0.0009167496289592236,,
187.0,743,1222,-10.0,444,909312,3.270572931839411e-05,0.001623880467377603,0.9999986886978149,0.0018714947,4430,0.0003,-0.06257372417167062,0.02060546875,0.2,0.0017412263026926667,,
,,,,,910000,8.186239367233839e-05,-0.00830480083823204,0.9999983906745911,0.00152434,4440,0.0003,-0.0630586836632574,0.02099609375,0.2,0.0007214365730760619,-10.0,187.0
187.0,743,1225,-10.0,445,911360,,,,,,,,,,,,
187.0,743,1228,-10.0,446,913408,0.00013432631148120323,-0.01182074286043644,0.9999988675117493,0.0028657303,4450,0.0003,-0.06709677159087732,0.028515625,0.2,0.0003898437862517312,,
187.0,743,1230,-10.0,447,915456,4.1257037752018276e-05,0.002279173117130995,0.9999945163726807,0.0070108045,4460,0.0003,-0.0699221941002179,0.037939453125,0.2,0.00400358168699313,,
187.0,743,1233,-10.0,448,917504,6.261048463684915e-05,-0.0009985518408939242,0.9999982118606567,0.0016703452,4470,0.0003,-0.0659697956754826,0.027978515625,0.2,0.0015363314334535972,,
187.0,743,1236,-10.0,449,919552,2.495115944469717e-05,-0.009055333212018013,0.9999820590019226,0.0053489488,4480,0.0003,-0.06569971484132112,0.0380859375,0.2,0.001104354127892293,,
,,,,,920000,0.000788254040624281,0.006667632143944502,0.9999942183494568,0.009193147,4490,0.0003,-0.06366311211895663,0.030224609375,0.2,0.004039470266434364,-10.0,187.0
187.0,743,1239,-10.0,450,921600,,,,,,,,,,,,
187.0,743,1242,-10.0,451,923648,5.1678934971732816e-05,-0.00506532471626997,0.9999967813491821,0.001990373,4500,0.0003,-0.0729707816557493,0.01953125,0.2,0.00143048714089673,,
187.0,743,1244,-10.0,452,925696,1.6723987796041227e-05,0.0005011620814912021,0.9999983310699463,0.0022151126,4510,0.0003,-0.07138022506260314,0.024755859375,0.2,0.0008840471098665148,,
187.0,743,1247,-10.0,453,927744,3.4626376100987956e-05,0.014874688349664211,0.9999985098838806,0.001058627,4520,0.0003,-0.0661329373717308,0.0228515625,0.2,0.001959704389446415,,
187.0,743,1250,-10.0,454,929792,1.2511060383246786e-05,-0.0037924719508737326,0.9999985098838806,0.0010554292,4530,0.0003,-0.06792328654555604,0.027734375,0.2,0.002602183692215476,,
,,,,,930000,2.9726959646581008e-05,0.008215957321226597,0.9999983906745911,0.0016878478,4540,0.0003,-0.06489950306131505,0.02578125,0.2,0.0018258433832670563,-10.0,187.0
187.0,743,1253,-10.0,455,931840,,,,,,,,,,,,
187.0,743,1255,-10.0,456,933888,0.00018643042235524376,-0.006580238230526447,0.9999986886978149,0.005765902,4550,0.0003,-0.06850534652476199,0.037744140625,0.2,0.0026159157656366005,,
187.0,743,1258,-10.0,457,935936,9.607020342130567e-05,0.009845220483839512,0.9999956488609314,0.0019490337,4560,0.0003,-0.058871073636692015,0.02041015625,0.2,0.0003944205935113132,,
187.0,743,1261,-10.0,458,937984,2.6561776916622648e-05,-0.002192170824855566,0.9999982714653015,0.0009085031,4570,0.0003,-0.06560879192838912,0.0162109375,0.2,0.001570778840687126,,
,,,,,940000,0.00012647495598017144,0.009413224644958973,0.9999985694885254,0.0071310885,4580,0.0003,-0.06682397498225327,0.023681640625,0.2,0.0012979622013517655,-10.0,187.0
187.0,743,1264,-10.0,459,940032,,,,,,,,,,,,
187.0,743,1267,-10.0,460,942080,1.0965460535317107e-05,-0.004054983612149954,0.9999973177909851,0.002126721,4590,0.0003,-0.06150104073749389,0.015771484375,0.2,0.00038435573951574044,,
187.0,743,1269,-10.0,461,944128,3.7131912911547715e-05,0.001637970912270248,0.9999974966049194,0.002465459,4600,0.0003,-0.07361616821726784,0.026025390625,0.2,0.0012295966735109687,,
187.0,743,1272,-10.0,462,946176,0.0001629138933822105,0.006391127593815327,0.9999988079071045,0.0044393786,4610,0.0003,-0.060936659399885684,0.02734375,0.2,0.0026003700884757565,,
187.0,743,1275,-10.0,463,948224,1.0652619613438219e-05,0.00015493908722419292,0.9999974966049194,0.0009859692,4620,0.0003,-0.06383460386423394,0.02900390625,0.2,0.002426106727216393,,
,,,,,950000,2.597507019004297e-05,-0.0002635719138197601,0.9999985098838806,0.009286801,4630,0.0003,-0.05737890239397529,0.025048828125,0.2,0.001311326411087066,-10.0,187.0
187.0,743,1278,-10.0,464,950272,,,,,,,,,,,,
187.0,743,1280,-10.0,465,952320,0.0011620133526747622,-0.0043703531846404076,0.9999986886978149,0.0016129661,4640,0.0003,-0.06412663277587853,0.02607421875,0.2,0.0030810134368948637,,
187.0,743,1283,-10.0,466,954368,9.964646432791823e-06,0.0008579949499107897,0.9999985694885254,0.0047844388,4650,0.0003,-0.06488972054794431,0.0279296875,0.2,0.0030836502846796066,,
187.0,743,1286,-10.0,467,956416,4.358309368015512e-05,0.004378421697765589,0.9999988079071045,0.001187419,4660,0.0003,-0.06017094783310313,0.023974609375,0.2,0.0020619508533854967,,
187.0,743,1288,-10.0,468,958464,1.5456557686377437e-05,-0.001198863028548658,0.999997615814209,0.0014877398,4670,0.0003,-0.05302576386311557,0.018310546875,0.2,0.0002757575071882457,,
,,,,,960000,0.000301435292156782,-0.009162683971226215,0.9999986886978149,0.0039004583,4680,0.0003,-0.05547442134120502,0.02138671875,0.2,0.002017856010934338,-10.0,187.0
187.0,743,1292,-10.0,469,960512,,,,,,,,,,,,
187.0,743,1294,-10.0,470,962560,5.412215914049057e-05,0.007623013108968735,0.9999986290931702,0.0017982407,4690,0.0003,-0.0567155922530219,0.023583984375,0.2,0.0025161711499094965,,
187.0,743,1297,-10.0,471,964608,4.8490173273307843e-05,0.0026241366285830736,0.9999986290931702,0.0032086591,4700,0.0003,-0.056752983620390295,0.0244140625,0.2,0.0008661436761030928,,
187.0,743,1300,-10.0,472,966656,0.0001633728892592501,-0.0037271264009177685,0.9999988079071045,0.003789298,4710,0.0003,-0.061140642373356965,0.02685546875,0.2,0.002512204558297526,,
187.0,743,1302,-10.0,473,968704,8.465554441627887e-05,0.011061127297580242,0.9999988675117493,0.0043785525,4720,0.0003,-0.057135072798701,0.027392578125,0.2,0.0021198941860347984,,
,,,,,970000,1.1241301150732852e-05,0.006543480791151524,0.9999969601631165,0.004291688,4730,0.0003,-0.05802077500557061,0.0279296875,0.2,0.001245984571869485,-10.0,187.0
187.0,743,1305,-10.0,474,970752,,,,,,,,,,,,
187.0,743,1308,-10.0,475,972800,2.0783956474446087e-05,0.00148249592166394,0.9999986290931702,0.0010901301,4740,0.0003,-0.05588947537180502,0.016357421875,0.2,0.0011552322292118333,,
187.0,743,1310,-10.0,476,974848,0.00012357527339617035,0.0013124434044584632,0.9999985694885254,0.001132779,4750,0.0003,-0.059333794174017386,0.0220703125,0.2,0.0024576012292527594,,
187.0,743,1313,-10.0,477,976896,7.352003515848083e-06,0.0008065685397014022,0.9999976754188538,0.0065376656,4760,0.0003,-0.06038224290969083,0.02685546875,0.2,0.0019548076670616865,,
187.0,743,1316,-10.0,478,978944,9.847114723271489e-06,0.0017183604650199413,0.9999987483024597,0.004073145,4770,0.0003,-0.055793185773654844,0.0166015625,0.2,0.0008738531672861427,,
,,,,,980000,0.0003334621736144072,0.002900238148868084,0.9999979138374329,0.0025533552,4780,0.0003,-0.054321800643811,0.023095703125,0.2,0.0018345397867960856,-10.0,187.0
187.0,743,1319,-10.0,479,980992,,,,,,,,,,,,
187.0,743,1322,-10.0,480,983040,8.376278948105665e-05,0.002096171025186777,0.9999988079071045,0.0015042103,4790,0.0003,-0.05528657640097663,0.019384765625,0.2,0.0010215359041467309,,
187.0,743,1324,-10.0,481,985088,0.00037065827018594176,0.0022373462561517954,0.9999960064888,0.0042212643,4800,0.0003,-0.05363064074190334,0.019287109375,0.2,0.0015329334637499414,,
187.0,743,1327,-10.0,482,987136,4.6188164775173844e-05,-0.06263948231935501,0.999992311000824,0.4233004,4810,0.0003,-0.07109307960199658,0.081787109375,0.2,0.0029432090814225376,,
186.98,743,1330,-10.0,483,989184,2.78031098112308e-05,0.001677777268923819,0.9999964833259583,0.002793218,4820,0.0003,-0.0635274340340402,0.028759765625,0.2,0.005188083788380027,,
,,,,,990000,0.0004870213341746421,-0.004841893911361694,0.9999701380729675,0.0048345984,4830,0.0003,-0.07119484068243764,0.0353515625,0.2,0.0024164323695003986,-10.0,187.0
186.74,743,1333,-10.0,484,991232,,,,,,,,,,,,
186.34,743,1335,-10.0,485,993280,0.005892348100769595,0.001219333615154028,0.9987131953239441,0.0033170683,4840,0.0003,-0.0725694507418666,0.03271484375,0.2,0.0019034670738619752,,
186.3,743,1338,-10.0,486,995328,0.004740327384934062,-0.029185736551880836,0.998609721660614,0.007427882,4850,0.0003,-0.07603725506924093,0.040185546875,0.2,-0.0012824730933061802,,
186.06,743,1341,-10.0,487,997376,0.0016479825457736297,-0.017429696395993233,0.9995914697647095,0.002814208,4860,0.0003,-0.06995947458781301,0.024853515625,0.2,-0.0004280221866792999,,
185.57,743,1343,-10.0,488,999424,0.00666768965047595,-8.95010307431221e-05,0.9988492727279663,0.005007049,4870,0.0003,-0.08351445466978476,0.037353515625,0.2,0.0007787048285536003,,
,,,,,1000000,0.015229377515424858,0.01844027079641819,0.9968227744102478,0.0019833138,4880,0.0003,-0.06399370114668272,0.02666015625,0.2,-0.00018139659659937023,-10.0,185.6
185.46,743,1347,-10.0,489,1001472,,,,,,,,,,,,
