time/total_timesteps,time/time_elapsed,time/fps,rollout/ep_rew_mean,rollout/ep_len_mean,time/iterations,train/n_updates,train/clip_fraction,train/explained_variance,train/entropy_loss,train/value_loss,train/clip_range,train/learning_rate,train/loss,train/policy_gradient_loss,train/approx_kl,eval/mean_reward,eval/mean_ep_length
2048,2,988,-15.25,53.5,1,,,,,,,,,,,,
4096,4,828,-15.341333333333335,54.413333333333334,2,10,0.00341796875,-0.05815231800079346,-0.6881016345694662,7.177222196012735,0.2,0.0003,1.559677004814148,-0.0007742693240288645,0.010300341,,
6144,7,804,-15.473000000000003,55.73,3,20,0.279296875,0.7400696873664856,-0.6478871392086148,0.7481391079258174,0.2,0.0003,0.07565198093652725,-0.011225838548853062,0.021623183,,
8192,10,786,-15.693,57.93,4,30,0.0634765625,0.8953857421875,-0.5993250129744411,0.12349090809075278,0.2,0.0003,-0.032126277685165405,-0.0061677248231717385,0.0074138604,,
10000,,,,,,40,0.011328125,0.6073736548423767,-0.5436361104249954,0.05578917758539319,0.2,0.0003,0.005421981681138277,-0.0031904435978503897,0.002647411,-14.4,45.0
10240,13,764,-16.077,61.77,5,,,,,,,,,,,,
12288,16,758,-16.514999999999997,66.15,6,50,0.03544921875,0.684159517288208,-0.48209362300112846,0.04701424207305536,0.2,0.0003,-0.004413380287587643,-0.007653788028983399,0.0055345604,,
14336,18,754,-17.054000000000002,71.54,7,60,0.08076171875,0.654887318611145,-0.41467831740155814,0.036769425444072114,0.2,0.0003,0.01325466949492693,-0.008499799511628225,0.0056023067,,
16384,21,749,-17.892,79.92,8,70,0.095654296875,0.5386790037155151,-0.3538869212381542,0.01556445772293955,0.2,0.0003,-0.002776125445961952,-0.011798037015250885,0.0051161796,,
18432,24,747,-18.926000000000002,90.26,9,80,0.0736328125,0.6043756008148193,-0.29104187404736875,0.025740124125150032,0.2,0.0003,0.016118012368679047,-0.00934963879699353,0.0048828213,,
20000,,,,,,90,0.074658203125,0.4508371949195862,-0.2295733869075775,0.01869263604894513,0.2,0.0003,-0.004969077184796333,-0.009891751271788962,0.010712532,-14.4,45.0
20480,27,741,-19.877,99.77,10,,,,,,,,,,,,
22528,30,744,-20.168000000000003,102.68,11,100,0.0427734375,0.11322200298309326,-0.17874246602877975,0.01690648543444695,0.2,0.0003,-0.005317244678735733,-0.00552583967364626,0.0051758746,,
24576,33,744,-20.636000000000003,107.36,12,110,0.0091796875,-1.2346985340118408,-0.12553323940373956,0.008711876183224377,0.2,0.0003,-0.00602134270593524,-0.0013359783362830058,0.0005651227,,
26624,35,743,-21.800999999999995,119.01,13,120,0.095654296875,0.4253172278404236,-0.2805615943390876,0.0017895202525323838,0.2,0.0003,-0.03369845449924469,-0.02163587049290072,0.05575919,,
28672,38,744,-22.423999999999996,125.24,14,130,0.018310546875,0.9209202527999878,-0.1442318042041734,0.00024316670053394773,0.2,0.0003,-0.006384284235537052,-0.0033120513573521746,0.0008476662,,
30000,,,,,,140,0.02099609375,0.8767765760421753,-0.1479511256562546,0.0002241234522443847,0.2,0.0003,-0.007842942140996456,-0.005368820566218346,0.0029672524,-26.72,269.2
30720,41,734,-23.057,131.57,15,,,,,,,,,,,,
32768,44,736,-23.608,137.08,16,150,0.0193359375,0.9040199518203735,-0.10980717772617936,0.00010023799029568181,0.2,0.0003,-0.0016871053958311677,-0.003550159675069153,0.0013672402,,
34816,47,736,-24.567999999999998,146.68,17,160,0.013037109375,0.8708943128585815,-0.12593199268449098,9.092992731893901e-05,0.2,0.0003,-0.0028868671506643295,-0.0014630545309046283,0.0012127245,,
36864,49,737,-25.259999999999994,153.6,18,170,0.021044921875,0.8393872380256653,-0.12407027096487581,8.1594242300298e-05,0.2,0.0003,-0.0052629695273935795,-0.0016243554360698908,0.0019439282,,
38912,52,739,-26.639999999999997,167.4,19,180,0.0466796875,0.729478120803833,-0.1981692348374054,7.793530963908779e-05,0.2,0.0003,-0.009577588178217411,-0.00440579199930653,0.012761666,,
40000,,,,,,190,0.0181640625,0.7002335786819458,-0.17090779875870793,5.536122313287706e-05,0.2,0.0003,-0.0005946852616034448,-0.0021927469002548604,0.0022891227,-29.119999999999997,192.2
40960,55,732,-27.517999999999997,177.19,20,,,,,,,,,,,,
43008,58,733,-28.377,185.78,21,200,0.03046875,0.006873130798339844,-0.15269061687868088,0.39128011356588105,0.2,0.0003,0.03191766515374184,-0.0018630735139595345,0.002419725,,
45056,61,733,-28.477999999999998,186.79,22,210,0.04033203125,0.28516238927841187,-0.1784025735221803,0.003902071946140495,0.2,0.0003,-0.007713614962995052,-0.0022383746720151974,0.0066139475,,
47104,64,734,-28.641,188.42,23,220,0.086767578125,0.3633034825325012,-0.19739791904576123,0.0016086182989965892,0.2,0.0003,0.06270995736122131,-0.0015466516750166192,0.012712549,,
49152,66,735,-28.714000000000002,189.15,24,230,0.032080078125,0.3762202262878418,-0.20105080166831613,0.0005877551728644903,0.2,0.0003,-0.012482437305152416,-0.0024916323061916048,0.004212891,,
50000,,,,,,240,0.06484375,0.30756187438964844,-0.22460755687206985,0.00046264852744570817,0.2,0.0003,-0.013117912225425243,0.00107397802057676,0.010527035,-20.18,102.8
51200,69,733,-28.595999999999993,187.97,25,,,,,,,,,,,,
53248,72,733,-28.607,188.08,26,250,0.014453125,0.667804479598999,-0.19429082302376627,0.00014988337303520894,0.2,0.0003,-0.0034264784771949053,-0.0023646475572604688,0.0013609447,,
55296,75,734,-28.622000000000003,188.23,27,260,0.027392578125,0.5553582906723022,-0.20166331473737956,9.591339053258708e-05,0.2,0.0003,0.00505873141810298,-0.0010448767279740423,0.0024472447,,
57344,77,735,-28.487000000000002,186.88,28,270,0.011181640625,0.5508977770805359,-0.17060698992572726,0.00010312338505400476,0.2,0.0003,-0.0076930224895477295,-0.0015095339447725564,0.0007291369,,
59392,80,735,-28.489999999999995,186.91,29,280,0.03291015625,0.2335723638534546,-0.1925992934498936,6.966435461777109e-05,0.2,0.0003,-0.00018856390670407563,-0.000302694269339554,0.0030174782,,
60000,,,,,,290,0.020263671875,0.5755263566970825,-0.20343033159151674,4.603144946031534e-05,0.2,0.0003,-0.001856732415035367,-0.0011531667434610427,0.002053301,-30.28,264.4
61440,84,730,-28.558000000000003,186.58,30,,,,,,,,,,,,
63488,86,730,-28.541,186.41,31,300,0.017919921875,0.5252829790115356,-0.16325206258334218,3.983875510584767e-05,0.2,0.0003,-0.0034633297473192215,-4.717275878647342e-05,0.0018386703,,
65536,89,730,-28.537,186.37,32,310,0.031982421875,0.38045287132263184,-0.1910370467696339,5.889230904472242e-05,0.2,0.0003,0.029839351773262024,-0.0013634113012813032,0.0024932015,,
67584,92,732,-28.333,184.33,33,320,0.01533203125,0.37349212169647217,-0.17619776320643724,3.4190538409006875e-05,0.2,0.0003,0.0004654986842069775,3.5471684532240035e-05,0.0015649445,,
69632,94,733,-28.429000000000002,187.31,34,330,0.02197265625,0.4667632579803467,-0.18500599777325988,2.574934056838174e-05,0.2,0.0003,0.0015147613594308496,-0.0026342065568314863,0.0032298719,,
70000,,,,,,340,0.028857421875,0.010648190975189209,-0.15604799832217395,0.6779147750348784,0.2,0.0003,0.2112341821193695,-0.0007372383930487558,0.003359861,-24.22,203.8
71680,98,729,-28.305999999999997,186.08,35,,,,,,,,,,,,
73728,100,730,-28.352000000000004,186.54,36,350,0.033056640625,0.03468233346939087,-0.20533905825577675,0.012838583500706591,0.2,0.0003,-0.004528121091425419,-0.00026648475613910705,0.004024676,,
75776,103,730,-27.973999999999997,183.77,37,360,0.01826171875,-0.11074447631835938,-0.20522791175171734,0.00705307466450904,0.2,0.0003,3.0118972063064575e-06,0.0008520177740138024,0.0010836893,,
77824,106,731,-27.718000000000004,182.22,38,370,0.0220703125,0.13162696361541748,-0.1741362141445279,0.524308712920174,0.2,0.0003,0.06716861575841904,-0.0018617768539115787,0.0012854609,,
79872,109,731,-27.706999999999997,182.11,39,380,0.081005859375,-1.2959418296813965,-0.20224906424991787,0.033655519713647664,0.2,0.0003,-0.02511785365641117,0.0005066175770480185,0.015405067,,
80000,,,,,,390,0.056103515625,-0.06671619415283203,-0.17577166436240077,0.0075174652294663245,0.2,0.0003,-0.0063412245362997055,-0.0023861526395194234,0.009174377,-20.580000000000002,228.0
81920,112,728,-27.419,179.23,40,,,,,,,,,,,,
83968,115,729,-27.249000000000002,177.53,41,400,0.02919921875,-0.8737274408340454,-0.16399560100398958,0.002405564779564884,0.2,0.0003,-0.025748038664460182,0.004166228562826291,0.010295907,,
86016,117,730,-27.081,175.85,42,410,0.03369140625,-1.0602850914001465,-0.22689054524526,0.0008953425032359519,0.2,0.0003,-0.026785392314195633,0.0027058422609115952,0.01616645,,
88064,120,730,-26.53,168.32,43,420,0.014013671875,-0.7518666982650757,-0.1722726157400757,0.0005426430097031698,0.2,0.0003,-0.01684495061635971,-0.0016666913666995241,0.0024749183,,
90000,,,,,,430,0.028857421875,0.4511445164680481,-0.21316824764944614,0.00012966289635869545,0.2,0.0003,-0.011984147131443024,-0.002591263772046659,0.0055042263,-14.4,45.0
90112,123,730,-26.195999999999998,164.98,44,,,,,,,,,,,,
92160,126,730,-26.679999999999996,168.81,45,440,0.0373046875,0.6372774839401245,-0.2416899258736521,0.00010214363082923228,0.2,0.0003,0.002508381614461541,-0.0018278676958288997,0.005615362,,
94208,128,731,-26.781999999999996,168.82,46,450,0.022021484375,0.5073769092559814,-0.222579639358446,0.00012323644714911096,0.2,0.0003,-0.002742618089541793,-0.002157150566927157,0.0025440499,,
96256,131,731,-26.747999999999998,168.48,47,460,0.02841796875,-0.021874070167541504,-0.2564477051142603,0.0001077445729606552,0.2,0.0003,-0.0013643010752275586,-0.0013018506593653,0.002595497,,
98304,134,731,-27.026,171.26,48,470,0.018310546875,0.40874987840652466,-0.20124318357557058,8.706996316050208e-05,0.2,0.0003,-0.006359126418828964,6.581325724255293e-05,0.0019082243,,
100000,,,,,,480,0.01826171875,0.09345364570617676,-0.19910284252837301,6.605989951822267e-05,0.2,0.0003,-0.007508127484470606,-0.0006076463949284516,0.0018982663,-20.200000000000003,103.0
100352,137,731,-27.167999999999996,172.68,49,,,,,,,,,,,,
102400,139,731,-27.31,174.1,50,490,0.0166015625,0.3226625919342041,-0.195686951931566,7.039644314374983e-05,0.2,0.0003,-0.009076947346329689,-0.0019611168099800125,0.0005883719,,
104448,142,731,-28.02,181.2,51,500,0.031982421875,0.2576238512992859,-0.1607867216691375,5.0593572596824286e-05,0.2,0.0003,-0.01574709825217724,-0.003584701374347787,0.0029284186,,
106496,145,731,-28.162,182.62,52,510,0.018798828125,0.09261709451675415,-0.17716570920310915,4.947287671939193e-05,0.2,0.0003,-0.01963801309466362,-0.0019411612709518522,0.0016733232,,
108544,148,731,-28.445999999999998,185.46,53,520,0.020361328125,0.09942108392715454,-0.1499951533973217,3.1816431391007424e-05,0.2,0.0003,-0.0036474380176514387,0.0010283114679623395,0.0006288842,,
110000,,,,,,530,0.01259765625,0.1346486210823059,-0.1477545417845249,2.21324442321702e-05,0.2,0.0003,-0.0043100351467728615,-0.0008815061359200626,0.0007100252,-28.6,187.0
110592,151,727,-28.446000000000005,185.46,54,,,,,,,,,,,,
112640,155,726,-28.587,186.87,55,540,0.014208984375,-0.3411440849304199,-0.13032761104404927,4.165764021877294e-05,0.2,0.0003,-0.003001062199473381,-0.0015342757644248195,0.0022109463,,
114688,158,724,-28.6,187.0,56,550,0.016455078125,-0.08490550518035889,-0.16576946186833083,2.8232962752383627e-05,0.2,0.0003,-0.0038372445851564407,-0.001164072481333278,0.0012111103,,
116736,161,723,-28.6,187.0,57,560,0.015234375,-0.13422644138336182,-0.14472341777291148,1.913151023416049e-05,0.2,0.0003,0.0012907828204333782,-0.0014660695145721548,0.0036484324,,
118784,164,723,-28.6,187.0,58,570,0.01669921875,0.15274131298065186,-0.1477570739807561,1.3132321799247393e-05,0.2,0.0003,-0.004075536038726568,-0.0012470902060158552,0.0010570793,,
120000,,,,,,580,0.022509765625,0.12430113554000854,-0.1976845390163362,8.758521340723746e-06,0.2,0.0003,0.0008275846485048532,0.0006988455759710632,0.0029824579,-28.6,187.0
120832,167,721,-28.6,187.0,59,,,,,,,,,,,,
122880,170,720,-28.6,187.0,60,590,0.04423828125,-0.09186208248138428,-0.1537794052856043,2.063654993662567e-05,0.2,0.0003,-0.007785600610077381,-0.003279729062342085,0.0073602255,,
124928,173,720,-28.6,187.0,61,600,0.032666015625,-0.10403501987457275,-0.16251159131061285,1.9601511443312347e-05,0.2,0.0003,0.002063935389742255,-0.0003589262516470626,0.0026574489,,
126976,176,720,-28.6,187.0,62,610,0.028271484375,-0.4206695556640625,-0.17490649758838117,8.533535312338359e-06,0.2,0.0003,-0.011329530738294125,-3.930671227863059e-05,0.0056047994,,
129024,179,720,-28.6,187.0,63,620,0.031494140625,-0.4944617748260498,-0.18073419390711934,1.1807799023699771e-05,0.2,0.0003,-0.005828913301229477,-0.0007365097742876969,0.0037302936,,
130000,,,,,,630,0.03671875,-0.1546950340270996,-0.20190142393112182,7.914058378233334e-06,0.2,0.0003,-0.008578053675591946,0.00039585549966432155,0.0037337951,-28.660000000000004,187.6
131072,182,718,-28.6,187.0,64,,,,,,,,,,,,
133120,185,718,-28.6,187.0,65,640,0.067822265625,-0.3683129549026489,-0.20247863633558155,8.49141168721701e-06,0.2,0.0003,-0.0023775033187121153,-0.0007209686315036379,0.00659483,,
135168,188,718,-28.6,187.0,66,650,0.031884765625,-0.10918915271759033,-0.20867598154582084,7.131712403563029e-06,0.2,0.0003,-0.006650994531810284,-0.002088496468786616,0.0016308725,,
137216,191,718,-28.6,187.0,67,660,0.024609375,-0.16552960872650146,-0.19111542981117963,6.774645800433632e-06,0.2,0.0003,-0.0009027680498547852,0.0004453042784007266,0.002173263,,
139264,193,718,-28.601,187.01,68,670,0.024560546875,-1.1099724769592285,-0.1813106208341196,1.3100961817968937e-05,0.2,0.0003,-0.0007097672787494957,-1.799418532755226e-06,0.0022401079,,
140000,,,,,,680,0.03408203125,0.01333916187286377,-0.19966296830680222,4.180110474116816e-06,0.2,0.0003,-0.0016911267302930355,-0.0023017688246909527,0.0023444635,-26.060000000000002,161.6
141312,197,717,-28.611,187.11,69,,,,,,,,,,,,
143360,199,717,-28.618000000000002,187.18,70,690,0.024169921875,-9.66787338256836e-05,-0.18572652186267077,4.65041544330802e-06,0.2,0.0003,-0.0029073446057736874,-0.0022441577282734217,0.0017304785,,
145408,202,716,-28.623,187.23,71,700,0.02255859375,-0.10870325565338135,-0.1849131932714954,4.862625512558339e-06,0.2,0.0003,0.0019101909128949046,0.0010427312095998786,0.0038981885,,
147456,205,716,-28.631,187.31,72,710,0.027587890625,-0.48113155364990234,-0.19880593565758317,3.5718142584073577e-06,0.2,0.0003,-0.004316484555602074,-0.001707991329021752,0.0027105063,,
149504,208,716,-28.51,186.1,73,720,0.025830078125,-1.2858984470367432,-0.18581361880060285,4.722283996194676e-06,0.2,0.0003,-0.005413626320660114,-0.0009306974039645866,0.004330753,,
150000,,,,,,730,0.022021484375,-0.5084378719329834,-0.2093946531880647,4.788874211669736e-06,0.2,0.0003,0.01718996651470661,-4.153416666667909e-05,0.0012996146,-17.32,74.2
151552,211,716,-28.537000000000003,186.37,74,,,,,,,,,,,,
153600,214,716,-27.988000000000003,180.88,75,740,0.02060546875,-0.3803744316101074,-0.20392438927665352,2.5068417659923627e-06,0.2,0.0003,-0.005136480554938316,-0.0003671619982924312,0.0015974487,,
155648,217,716,-27.574,176.74,76,750,0.06142578125,-0.2991061210632324,-0.2083132095169276,2.586655719394315e-06,0.2,0.0003,0.0010560830123722553,-0.004963096942810807,0.009478764,,
157696,220,716,-27.334,174.34,77,760,0.017529296875,-0.12176525592803955,-0.19028387910220773,2.4865983258237635e-06,0.2,0.0003,-0.004418917000293732,0.0010263463060255162,0.0016442614,,
159744,223,716,-27.328999999999997,174.29,78,770,0.0158203125,-0.8753492832183838,-0.18499715379439294,1.6862996726985103e-06,0.2,0.0003,-0.011268362402915955,-0.0026881226105615495,0.0010385179,,
160000,,,,,,780,0.024072265625,-0.005157947540283203,-0.20868941382505,1.5008017235196292e-06,0.2,0.0003,-0.005782675463706255,0.00026725303614512087,0.0021355138,-14.4,45.0
161792,226,715,-26.487000000000002,165.87,79,,,,,,,,,,,,
163840,229,715,-26.487000000000002,165.87,80,790,0.027392578125,-0.0501784086227417,-0.18635215999092908,8.124002292753119e-06,0.2,0.0003,-0.02217257209122181,-0.000568891984585207,0.003666572,,
165888,231,715,-26.205,163.05,81,800,0.029833984375,-0.1696840524673462,-0.19789147812407465,1.5544287839119875e-06,0.2,0.0003,-0.005487378221005201,-0.000596861208032351,0.001441871,,
167936,234,714,-26.045,161.45,82,810,0.026904296875,-0.27791106700897217,-0.22325661615468562,4.221567759188361e-06,0.2,0.0003,-0.015698563307523727,0.0006359689054079354,0.0053713643,,
169984,237,715,-26.467999999999996,165.68,83,820,0.018212890625,0.22982215881347656,-0.2006600007880479,1.2645113962150845e-06,0.2,0.0003,-0.006267727818340063,-0.0007389195001451298,0.001431924,,
170000,,,,,,830,0.03876953125,0.0014237165451049805,-0.16726643946021796,1.3290126401166447e-06,0.2,0.0003,0.0035021828953176737,-0.0035961271467385815,0.0029452066,-22.919999999999998,130.2
172032,241,713,-26.881999999999998,169.82,84,,,,,,,,,,,,
174080,243,713,-26.995000000000005,170.95,85,840,0.03037109375,0.0760190486907959,-0.19717608885839583,8.362246922466454e-07,0.2,0.0003,-0.003433421952649951,-0.00031264058634405956,0.0021615592,,
176128,246,713,-26.874999999999996,169.75,86,850,0.03173828125,-0.1132199764251709,-0.1912385988747701,8.31877221463273e-07,0.2,0.0003,-0.00869791116565466,-0.0013783988426439465,0.0031348749,,
178176,249,713,-27.311999999999998,174.12,87,860,0.062939453125,-0.22398996353149414,-0.18751368324737996,1.605038203411624e-06,0.2,0.0003,-0.023609360679984093,-0.004463895081426017,0.005771624,,
180000,,,,,,870,0.032373046875,-0.31175053119659424,-0.16605865485034882,2.6918297592271046e-06,0.2,0.0003,-0.0035124861169606447,0.0006039889063686133,0.0031215374,-26.4,165.0
180224,253,711,-27.732999999999997,178.33,88,,,,,,,,,,,,
182272,256,711,-27.887000000000004,179.87,89,880,0.017724609375,-0.009920835494995117,-0.18069338195491583,1.2441048329758786e-06,0.2,0.0003,-0.015370192937552929,0.00041097422799794,0.0009492034,,
184320,259,711,-28.203000000000007,183.03,90,890,0.018896484375,0.012135088443756104,-0.19216932058334352,1.4374315472132081e-06,0.2,0.0003,0.006857132539153099,-0.0018538001546403392,0.001562367,,
186368,261,711,-28.373999999999995,184.74,91,900,0.084619140625,-1.2353332042694092,-0.2131223171018064,3.1051606507848105e-06,0.2,0.0003,-0.030623987317085266,-0.0015571752694086172,0.011136187,,
188416,264,711,-28.244,183.44,92,910,0.0259765625,0.05566132068634033,-0.15722027274314315,9.82778454661215e-07,0.2,0.0003,-0.004562638700008392,-0.0009949324172339401,0.0017124566,,
190000,,,,,,920,0.027001953125,-0.3195829391479492,-0.15790053782984614,9.311039746773275e-07,0.2,0.0003,-0.008321210741996765,7.874535367591307e-05,0.0013809208,-17.42,75.2
190464,267,711,-28.127000000000002,182.27,93,,,,,,,,,,,,
192512,270,711,-28.465,185.65,94,930,0.0279296875,0.14047831296920776,-0.19830276570282876,2.352679684802794e-06,0.2,0.0003,0.004706922452896833,-0.002238065253186505,0.002225495,,
194560,273,711,-28.613000000000003,187.13,95,940,0.032275390625,-0.8022866249084473,-0.18115418588276952,2.61473146587754e-06,0.2,0.0003,-0.009901844896376133,-0.0002793195264530368,0.0020838184,,
196608,276,711,-28.484000000000005,185.84,96,950,0.02998046875,0.3219171166419983,-0.15506307526957244,1.4805767453385244e-06,0.2,0.0003,-0.0030688713304698467,-0.0013163062161765994,0.0015497808,,
198656,279,711,-28.493,185.93,97,960,0.021337890625,0.5249691605567932,-0.18048283921089023,4.788641593034271e-07,0.2,0.0003,-0.0011630081571638584,-0.0025368800808792,0.0024319019,,
200000,,,,,,970,0.01162109375,0.6374098062515259,-0.17529110820032656,1.1107734137372205e-06,0.2,0.0003,-0.01259567216038704,-0.0012451791160856373,0.00043072744,-21.720000000000002,199.0
200704,282,710,-28.506000000000004,186.06,98,,,,,,,,,,,,
202752,285,710,-28.446000000000005,185.46,99,980,0.016455078125,0.14361131191253662,-0.16911822552792727,6.236804293902054e-07,0.2,0.0003,6.02517175138928e-05,-0.0007758543244563044,0.0013926843,,
204800,288,710,-28.426000000000002,185.26,100,990,0.021435546875,-0.12799859046936035,-0.16310129659250377,4.610081041844794e-06,0.2,0.0003,0.00030776698258705437,-0.001680390807450749,0.0017621632,,
206848,291,710,-28.576,186.76,101,1000,0.02998046875,-1.539982795715332,-0.1722874921746552,1.8262679164493534e-06,0.2,0.0003,0.015661990270018578,0.0005256426447886042,0.0029738154,,
208896,294,710,-28.705,188.05,102,1010,0.024072265625,-0.758636474609375,-0.165088566346094,5.138158643003266e-07,0.2,0.0003,0.02414884604513645,0.0013251153912278823,0.0024348858,,
210000,,,,,,1020,0.036083984375,-0.44435715675354004,-0.18135884979274125,1.7909707068497481e-07,0.2,0.0003,-0.01278923824429512,-0.00046981784980744125,0.0021979676,-20.4,105.0
210944,297,709,-28.674999999999997,187.75,103,,,,,,,,,,,,
212992,300,709,-28.489,185.89,104,1030,0.019970703125,-0.8063719272613525,-0.1774162519723177,2.3293704576321517e-06,0.2,0.0003,-0.005503932014107704,0.0005920736832194962,0.003201879,,
215040,303,709,-28.647,187.47,105,1040,0.022802734375,-0.012198567390441895,-0.1661424252903089,3.507993121765196e-07,0.2,0.0003,0.01130042877048254,0.000726128977839835,0.001542671,,
217088,305,709,-28.092999999999996,181.93,106,1050,0.02236328125,-0.8746912479400635,-0.14788130321539938,6.907115384091611e-07,0.2,0.0003,-0.0032651196233928204,-0.0001172680058516562,0.0017995085,,
219136,308,709,-28.014000000000006,182.15,107,1060,0.01865234375,-0.9016228914260864,-0.1701687344815582,2.105498809790163e-06,0.2,0.0003,-0.00014050997560843825,0.0005626350524835288,0.001459717,,
220000,,,,,,1070,0.029150390625,0.001955568790435791,-0.1834565170109272,0.33163855646562296,0.2,0.0003,0.03831547871232033,-0.00028986054530832916,0.0038360446,-25.96,160.6
221184,312,708,-28.057,182.58,108,,,,,,,,,,,,
223232,315,708,-27.929000000000002,181.3,109,1080,0.096435546875,-0.741297721862793,-0.17016892875544726,0.013971022902114782,0.2,0.0003,-0.032661013305187225,0.005820705197402276,0.03002446,,
225280,318,708,-26.771000000000008,169.72,110,1090,0.06123046875,-0.6517621278762817,-0.1785477296449244,0.00343753568467946,0.2,0.0003,0.026717256754636765,-0.004640002400265075,0.015712067,,
227328,320,708,-26.61,168.11,111,1100,0.0408203125,-0.8986847400665283,-0.19353187684901058,0.00120458205074101,0.2,0.0003,-0.01606101728975773,-0.00027849744947161525,0.0038042725,,
229376,323,708,-25.179000000000002,153.8,112,1110,0.044189453125,-2.7805216312408447,-0.19324540006928145,0.0005231116132790703,0.2,0.0003,0.005426760297268629,-0.001967181556392461,0.014559908,,
230000,,,,,,1120,0.06123046875,-1.826467514038086,-0.2442947207018733,0.0003260459762714163,0.2,0.0003,-0.029604149982333183,-0.0034457544912584125,0.024299465,-14.4,45.0
231424,326,708,-25.568999999999996,157.7,113,,,,,,,,,,,,
233472,329,708,-25.646,158.47,114,1130,0.053759765625,-2.374333620071411,-0.23983218031935394,0.00022247172632887667,0.2,0.0003,-0.019083769991993904,-0.005321069600176998,0.0070322948,,
235520,332,708,-25.699,157.99,115,1140,0.0447265625,-1.6699953079223633,-0.2189241588115692,7.337573216261716e-05,0.2,0.0003,-0.028864357620477676,-0.00209545721008908,0.0035857235,,
237568,335,708,-25.615,157.15,116,1150,0.030224609375,0.5864800214767456,-0.21571871903724968,1.7982599238308695e-05,0.2,0.0003,0.010425715707242489,-0.001511638527153991,0.0021197696,,
239616,338,708,-25.982000000000003,160.82,117,1160,0.015771484375,0.21758276224136353,-0.21452755429781972,2.9161059771354303e-05,0.2,0.0003,-0.01503527257591486,-8.943184366216883e-05,0.00081312616,,
240000,,,,,,1170,0.033154296875,0.7492321729660034,-0.2316277524922043,8.153969348256851e-06,0.2,0.0003,-0.006045738700777292,-0.003033138328464702,0.005478424,-14.4,45.0
241664,341,708,-26.729,168.29,118,,,,,,,,,,,,
243712,343,708,-26.605999999999995,167.06,119,1180,0.030859375,0.713101863861084,-0.2291625020094216,6.154227829924252e-06,0.2,0.0003,-0.004783505108207464,-0.0034029213653411715,0.00583734,,
245760,346,708,-27.284000000000002,173.84,120,1190,0.006494140625,0.5163694620132446,-0.15767297511920333,7.0723973930597595e-06,0.2,0.0003,-0.009370105341076851,-0.0005854827322764322,0.0006599518,,
247808,349,708,-27.68,177.8,121,1200,0.012548828125,0.6829311847686768,-0.17720360234379767,3.3193744471304855e-06,0.2,0.0003,-0.00039622222539037466,-0.0010553132975474,0.0011238302,,
249856,352,708,-27.368000000000002,174.68,122,1210,0.005712890625,0.4838481545448303,-0.16889273882843553,4.264338278403556e-06,0.2,0.0003,-0.0019669660832732916,0.0003979669083491899,0.0004446882,,
250000,,,,,,1220,0.018017578125,0.22134238481521606,-0.17294490137137472,2.80371048368977e-06,0.2,0.0003,-0.006206015590578318,-9.822593856370076e-05,0.00047277246,-28.6,187.0
251904,355,707,-26.944000000000003,170.44,123,,,,,,,,,,,,
253952,358,707,-26.581,166.81,124,1230,0.02236328125,0.3907057046890259,-0.1698389937635511,1.874226972020665e-06,0.2,0.0003,-0.0022984016686677933,-0.0013624328857986256,0.0014522454,,
256000,361,707,-26.255999999999993,163.56,125,1240,0.020556640625,-1.5834097862243652,-0.16133401554543525,9.569913293994148e-06,0.2,0.0003,-0.00833985023200512,-0.00352429788763402,0.0018075455,,
258048,364,707,-25.971999999999998,160.72,126,1250,0.025,0.1798403263092041,-0.18027371084317564,1.4672603709797727e-06,0.2,0.0003,0.001561237731948495,-0.001223749536438845,0.002218266,,
260000,,,,,,1260,0.01015625,-1.4402334690093994,-0.17905129375867546,5.13596730415955e-06,0.2,0.0003,-0.005897638387978077,0.00021884341113036497,0.00075439876,-28.6,187.0
260096,367,706,-25.647,157.47,127,,,,,,,,,,,,
262144,370,706,-25.441000000000003,155.41,128,1270,0.01337890625,-0.07731103897094727,-0.15614814227446913,1.053357580538261e-06,0.2,0.0003,-0.004289817996323109,-0.001150444355153013,0.0015213172,,
264192,373,706,-25.175000000000004,152.75,129,1280,0.029345703125,-1.683255672454834,-0.19963873764500023,7.403578639575415e-06,0.2,0.0003,-0.0024891598150134087,-0.00030078297713771464,0.004734857,,
266240,376,706,-24.91,150.1,130,1290,0.020556640625,-1.1037309169769287,-0.2030646512284875,2.3173161364908877e-06,0.2,0.0003,0.00040653618634678423,0.00024751035234658045,0.00046436855,,
268288,379,706,-24.246,143.46,131,1300,0.022119140625,-1.5063719749450684,-0.24074384304694832,3.915621778238787e-06,0.2,0.0003,-0.011095669120550156,-0.0005132228674483485,0.0017161968,,
270000,,,,,,1310,0.043798828125,-0.9915298223495483,-0.27283492516726254,5.934732100421058e-07,0.2,0.0003,-0.003411531448364258,-0.002832720335572958,0.0017761346,-14.4,45.0
270336,382,706,-23.031999999999996,131.32,132,,,,,,,,,,,,
272384,385,706,-21.768,118.68,133,1320,0.027392578125,-0.7708091735839844,-0.2972140428610146,2.617794554904407e-07,0.2,0.0003,0.0006124663632363081,-0.0018311298306798562,0.0035385208,,
274432,388,706,-20.468,105.68,134,1330,0.009521484375,-2.1217923164367676,-0.2728861704003066,1.4078190595512298e-07,0.2,0.0003,-0.009339950047433376,-0.001405878747755196,0.0011061511,,
276480,391,706,-19.704,98.04,135,1340,0.003857421875,-0.42539215087890625,-0.28503140727989373,1.7579109772292157e-07,0.2,0.0003,0.003325682133436203,8.856261847540736e-05,0.00044470112,,
278528,394,706,-19.031,91.31,136,1350,0.034423828125,-1.1677305698394775,-0.32945969589054586,5.146508983866482e-07,0.2,0.0003,-0.0018982883775606751,-0.0021430309119750746,0.0015724017,,
280000,,,,,,1360,0.0115234375,-3.5916547775268555,-0.3170288777910173,3.511646409659619e-07,0.2,0.0003,-0.0018526611384004354,-0.0005049415252869949,0.0014092776,-18.4,85.0
280576,397,706,-18.598,86.98,137,,,,,,,,,,,,
282624,400,706,-18.595,86.95,138,1370,0.010986328125,-2.6226797103881836,-0.31184919383376836,4.450592621996208e-07,0.2,0.0003,-0.0032734356354922056,-0.0006317834966466762,0.0013228736,,
284672,403,706,-18.358,84.58,139,1380,0.013427734375,-3.022474765777588,-0.3113174587953836,3.8000435549356836e-07,0.2,0.0003,-0.0030215925071388483,0.00010489337146282196,0.000629382,,
286720,405,706,-18.155999999999995,82.56,140,1390,0.083544921875,-2.055968999862671,-0.3512961698696017,6.578576762894528e-07,0.2,0.0003,-0.008122195489704609,-0.0038255075982306153,0.003565133,,
288768,408,706,-17.74,78.4,141,1400,0.082958984375,0.24131542444229126,-0.4247536457143724,1.234452466025715e-07,0.2,0.0003,-0.03801172226667404,-0.004853989215916954,0.015263011,,
290000,,,,,,1410,0.05400390625,0.19840925931930542,-0.4572294194251299,7.136937552321143e-06,0.2,0.0003,-0.00968360248953104,-0.003606421155564021,0.0036805444,-17.6,77.0
290816,411,706,-16.981,70.81,142,,,,,,,,,,,,
292864,414,706,-16.332,64.32,143,1420,0.12158203125,0.17617040872573853,-0.5017817815765738,3.598854023678655e-08,0.2,0.0003,-0.022939251735806465,-0.0059667309993528764,0.0066898055,,
294912,417,706,-15.974,60.74,144,1430,0.103369140625,0.11270338296890259,-0.5456316067837179,2.9863097283922005e-08,0.2,0.0003,-0.02652364782989025,-0.0026078064140165223,0.005541969,,
296960,420,706,-15.732000000000001,58.32,145,1440,0.136962890625,-2.4911515712738037,-0.5842020157724619,7.192057909222171e-08,0.2,0.0003,0.0009330683387815952,-0.003996434708824381,0.009880355,,
299008,422,707,-15.539000000000003,56.39,146,1450,0.013720703125,-2.5141942501068115,-0.6003116503357887,6.037439992390148e-08,0.2,0.0003,-0.015962539240717888,-0.0021712940564611928,0.0027002457,,
300000,,,,,,1460,0.093994140625,-2.754930257797241,-0.5898109916597605,5.717345281652797e-08,0.2,0.0003,-0.02616235800087452,-0.005822771051316522,0.007098679,-17.52,76.2
301056,425,706,-15.457,55.57,147,,,,,,,,,,,,
303104,428,706,-15.424,55.24,148,1470,0.068505859375,-4.480685710906982,-0.5569708939641714,3.021508311640275e-06,0.2,0.0003,-0.014399883337318897,-0.001636355571099557,0.008541053,,
305152,431,706,-15.448,55.48,149,1480,0.026416015625,-2.27734112739563,-0.5472574626095593,3.5771047768307086e-08,0.2,0.0003,-0.0014317777240648866,-0.0018248240317916497,0.004756475,,
307200,434,706,-15.478,55.78,150,1490,0.052978515625,-5.248969554901123,-0.5305847335606814,5.138659142644997e-08,0.2,0.0003,-0.011914337053894997,-0.000731186794291716,0.0056142993,,
309248,437,707,-15.528000000000002,56.28,151,1500,0.012890625,-5.670219421386719,-0.5102853643707931,8.911481228501827e-08,0.2,0.0003,-0.008736439980566502,-0.0003086006894591264,0.00059819,,
310000,,,,,,1510,0.027001953125,-0.4197351932525635,-0.5000095825642348,2.3637940354870323e-06,0.2,0.0003,-0.012820487841963768,0.0012620352965313942,0.0030911067,-18.36,84.6
311296,440,706,-15.584000000000003,56.84,152,,,,,,,,,,,,
313344,443,706,-15.571,56.71,153,1520,0.017626953125,-2.2111666202545166,-0.47936649760231376,1.157442349519755e-07,0.2,0.0003,0.009605157189071178,-0.0008011362777324393,0.0021552711,,
315392,446,706,-15.509,56.09,154,1530,0.032568359375,-1.9023282527923584,-0.46763748954981565,6.191338939309787e-08,0.2,0.0003,-0.0015314029296860099,2.941729035228491e-05,0.0055392105,,
317440,449,706,-15.521999999999998,56.22,155,1540,0.005419921875,-3.870713710784912,-0.46492462158203124,1.339197031935413e-07,0.2,0.0003,-0.012354808859527111,-0.0007344531200942584,0.0016800794,,
319488,451,706,-15.457,55.57,156,1550,0.019091796875,-3.0054831504821777,-0.4803072981536388,1.633245316812193e-06,0.2,0.0003,-0.007484059780836105,-0.0007337677525356412,0.0018851598,,
320000,,,,,,1560,0.053857421875,-2.1724050045013428,-0.4770961295813322,5.778321647831319e-08,0.2,0.0003,-0.011194816790521145,-0.0019113805668894202,0.004714491,-16.339999999999996,64.4
321536,454,706,-15.418,55.18,157,,,,,,,,,,,,
323584,457,706,-15.374,54.74,158,1570,0.0060546875,-2.506199598312378,-0.4695857957005501,8.417164824692236e-07,0.2,0.0003,0.004465540871024132,5.771053838543594e-06,0.0012613764,,
325632,460,706,-15.376000000000001,54.76,159,1580,0.008642578125,-0.011734724044799805,-0.4600194487720728,1.5001181958851362e-06,0.2,0.0003,-0.0009646954713389277,-0.0006476150214439258,0.0028445956,,
327680,463,707,-15.326999999999998,54.27,160,1590,0.06591796875,0.8330117464065552,-0.4505336802452803,3.3334854415922877e-06,0.2,0.0003,-0.012878874316811562,-0.0036152757544186897,0.0052275797,,
329728,466,707,-15.264999999999997,53.65,161,1600,0.083935546875,0.5054829120635986,-0.4274192973040044,2.7072552244433724e-08,0.2,0.0003,-0.00942988134920597,-0.0009700420152512379,0.0066180564,,
330000,,,,,,1610,0.04833984375,-0.3530920743942261,-0.41405915692448614,2.84720761190016e-08,0.2,0.0003,-0.005282806698232889,-0.00031504145008511843,0.002695911,-15.52,56.2
331776,469,706,-15.185,52.85,162,,,,,,,,,,,,
333824,472,706,-15.226999999999999,53.27,163,1620,0.02392578125,-2.4257099628448486,-0.40970536787062883,4.354942646500604e-08,0.2,0.0003,-0.004244433715939522,-0.0005955680069746449,0.0022657085,,
335872,475,706,-15.277000000000001,53.77,164,1630,0.01513671875,-4.188287734985352,-0.42361608827486635,6.87739340721194e-07,0.2,0.0003,-0.01430509239435196,-0.000244512569042854,0.0011020321,,
337920,477,707,-15.331999999999999,54.32,165,1640,0.01416015625,0.05665302276611328,-0.43094268897548316,5.730162963679675e-07,0.2,0.0003,-0.008368748240172863,-0.0028345316473860293,0.0032668812,,
339968,480,707,-15.373999999999999,54.74,166,1650,0.027783203125,0.637319803237915,-0.4019131650216877,3.280242885761453e-07,0.2,0.0003,-0.005274108611047268,-0.0031857430818490683,0.004100581,,
340000,,,,,,1660,0.04326171875,0.7353824377059937,-0.3893220818601549,2.2632076914774757e-07,0.2,0.0003,-0.004223371855914593,-0.0003120169450994581,0.0042303456,-17.12,72.2
342016,483,706,-15.397,54.97,167,,,,,,,,,,,,
344064,486,706,-15.445,55.45,168,1670,0.0626953125,0.3355597257614136,-0.3972667379304767,7.010476136493082e-07,0.2,0.0003,-0.011252295225858688,-0.00031109189440030604,0.00077709864,,
346112,489,706,-15.514000000000003,56.14,169,1680,0.0455078125,-0.8490064144134521,-0.3929407691583037,3.528409932229692e-07,0.2,0.0003,-0.00667871767655015,-0.0007891134984674864,0.00096109154,,
348160,493,706,-15.567,56.67,170,1690,0.0787109375,-2.6238420009613037,-0.4178426909260452,1.2082161257254143e-06,0.2,0.0003,-0.010856814682483673,-0.0009911781875416637,0.011053759,,
350000,,,,,,1700,0.0083984375,-1.422091007232666,-0.42904390636831524,3.857897687975509e-07,0.2,0.0003,-0.0063080135732889175,-0.0006595657003344968,0.0022435444,-17.32,74.2
350208,496,705,-15.591,56.91,171,,,,,,,,,,,,
352256,498,705,-15.675,57.75,172,1710,0.04501953125,-0.7350009679794312,-0.42725850427523254,1.8663000453944534e-06,0.2,0.0003,-0.02057870663702488,-0.0015346645202953368,0.006121642,,
354304,502,705,-15.749,58.49,173,1720,0.050439453125,-1.3806755542755127,-0.43363630920648577,1.470219650911986e-07,0.2,0.0003,-0.01359307300299406,-0.00012764771963702515,0.005687943,,
356352,505,705,-15.701,58.01,174,1730,0.036767578125,0.4086988568305969,-0.45638924492523075,2.7928659207532292e-08,0.2,0.0003,-0.009353269822895527,0.0003141798690194264,0.0042993487,,
358400,508,705,-15.652999999999999,57.53,175,1740,0.014111328125,-2.4606781005859375,-0.4557223959825933,1.533970826628206e-06,0.2,0.0003,0.0004799163725692779,-0.0009058521245606244,0.00087516813,,
360000,,,,,,1750,0.09375,-3.8201632499694824,-0.41426192279905083,1.9481468038762274e-08,0.2,0.0003,-0.018860042095184326,-0.003558347068610601,0.015047459,-19.380000000000003,94.8
360448,511,704,-15.684999999999997,57.85,176,,,,,,,,,,,,
362496,514,704,-15.757,58.57,177,1760,0.01455078125,-5.124507904052734,-0.3881668830290437,1.4364141254219476e-07,0.2,0.0003,0.003518365090712905,-0.0008831064915284514,0.0016878019,,
364544,517,704,-15.896,59.96,178,1770,0.02099609375,0.14574366807937622,-0.36602891273796556,9.810789483921666e-07,0.2,0.0003,0.00361501588486135,-0.0023274656545254403,0.002190704,,
366592,520,704,-15.993,60.93,179,1780,0.02958984375,0.5558688640594482,-0.3467734718695283,2.209689891952138e-07,0.2,0.0003,-0.0029239358846098185,-0.004079497052589432,0.0028832683,,
368640,523,704,-16.156000000000002,62.56,180,1790,0.034619140625,0.3373218774795532,-0.32127996170893314,3.172126129769026e-07,0.2,0.0003,-0.004524099174886942,-0.0031404435547301547,0.0028802264,,
370000,,,,,,1800,0.03974609375,-1.2980434894561768,-0.31686999308876695,6.469814170628752e-07,0.2,0.0003,-0.017230700701475143,-0.0032506019109860063,0.002828698,-17.98,80.8
370688,526,704,-16.214,63.14,181,,,,,,,,,,,,
372736,529,704,-16.253,63.53,182,1810,0.0533203125,-2.41230845451355,-0.3329649635590613,2.686095694315327e-07,0.2,0.0003,0.002743922173976898,-0.0012153782081441022,0.004106827,,
374784,532,704,-16.311999999999998,64.12,183,1820,0.0123046875,-2.3999063968658447,-0.33851455291733146,5.1627584849445185e-06,0.2,0.0003,-0.0168621763586998,-0.001142717554466799,0.0016049668,,
376832,534,704,-16.316,64.16,184,1830,0.03291015625,-3.137878894805908,-0.2986445750109851,1.7803207619238038e-08,0.2,0.0003,-0.005761065520346165,-0.0030809564486844465,0.005861466,,
378880,537,704,-16.393,64.93,185,1840,0.035693359375,-1.7407405376434326,-0.29861807175911964,3.463284961036095e-08,0.2,0.0003,-0.006127937696874142,-0.00047855752345640214,0.0041156206,,
380000,,,,,,1850,0.024462890625,-0.9614325761795044,-0.30494800438173114,5.336860575688718e-08,0.2,0.0003,0.00702141597867012,0.0017983405705308542,0.001728131,-17.779999999999998,78.8
380928,541,703,-16.351000000000003,64.51,186,,,,,,,,,,,,
382976,544,703,-16.358999999999998,64.59,187,1860,0.01201171875,0.25600385665893555,-0.2860656755045056,9.691538423783896e-07,0.2,0.0003,-0.0018073657993227243,-0.002497597792535089,0.001067049,,
385024,547,703,-16.234,63.34,188,1870,0.026708984375,-2.935892343521118,-0.27779621570371094,2.0796198998418448e-07,0.2,0.0003,0.0012831386411562562,-6.844211020506918e-05,0.0025706985,,
387072,550,703,-16.188,62.88,189,1880,0.034716796875,-2.3226659297943115,-0.2939148861449212,1.3682072701914904e-06,0.2,0.0003,0.0011656773276627064,0.000809832985396497,0.0010192443,,
389120,552,703,-16.14,62.4,190,1890,0.015625,-0.061492919921875,-0.2846090503036976,5.795202987668446e-06,0.2,0.0003,-0.00885257963091135,-0.0019075827091000973,0.0018687479,,
390000,,,,,,1900,0.027490234375,0.8034579157829285,-0.28544284985400736,3.2093046100634124e-07,0.2,0.0003,-0.0027973810210824013,-0.0003341648043715395,0.001444956,-16.839999999999996,69.4
391168,556,703,-16.160999999999998,62.61,191,,,,,,,,,,,,
393216,559,703,-16.264,63.64,192,1910,0.03203125,0.8252724409103394,-0.26398239731788636,1.4188448225205263e-07,0.2,0.0003,0.011075994931161404,-0.0026687674369895832,0.002706466,,
395264,562,703,-16.312,64.12,193,1920,0.029248046875,0.5418862700462341,-0.263165432959795,1.148000835726748e-07,0.2,0.0003,-0.004170425236225128,-0.0008065760455792769,0.004110318,,
397312,565,702,-16.42,65.2,194,1930,0.01787109375,0.17056983709335327,-0.2748777217231691,8.505702029815154e-07,0.2,0.0003,-0.0007763953180983663,0.00024437463434878737,0.0022444911,,
399360,568,702,-16.494,65.94,195,1940,0.045703125,-2.839076280593872,-0.30599685544148086,3.1037624337315606e-07,0.2,0.0003,0.0221403855830431,-0.0014360169850988313,0.0064992793,,
400000,,,,,,1950,0.0388671875,-0.49184179306030273,-0.3273011387325823,1.0805999619556417e-07,0.2,0.0003,-0.0037036105059087276,-0.0009427019322174601,0.0039743804,-18.400000000000002,85.0
401408,571,702,-16.544,66.44,196,,,,,,,,,,,,
403456,574,702,-16.502,66.02,197,1960,0.016455078125,0.19595831632614136,-0.3341312585398555,3.330070645457539e-07,0.2,0.0003,-0.012965543195605278,0.000411364869796671,0.0017966726,,
405504,576,702,-16.357,64.57,198,1970,0.037109375,0.6552528142929077,-0.34284819113090637,2.5705071644566146e-06,0.2,0.0003,0.004958268254995346,-0.0013821583823300898,0.0018108618,,
407552,579,702,-16.218,63.18,199,1980,0.09677734375,0.5190781354904175,-0.3597837657667696,2.5414690751901502e-08,0.2,0.0003,-0.0004846458905376494,-0.0024670533690368756,0.011207087,,
409600,582,702,-16.095,61.95,200,1990,0.030615234375,0.19435518980026245,-0.37546114828437566,5.672896161712515e-08,0.2,0.0003,0.00025457696756348014,0.0009046019200468436,0.0012506794,,
410000,,,,,,2000,0.090380859375,-0.6507340669631958,-0.35632035238668325,3.4761270573113734e-07,0.2,0.0003,-0.0025977673940360546,-0.0020339498223620467,0.0070307725,-17.22,73.2
411648,586,702,-16.062,61.62,201,,,,,,,,,,,,
413696,588,702,-15.960000000000003,60.6,202,2010,0.07822265625,-2.613895893096924,-0.37844408862292767,1.1899848916918643e-06,0.2,0.0003,-0.010119413025677204,-0.0007074192399159074,0.011998326,,
415744,591,702,-15.776,58.76,203,2020,0.030859375,-2.4635071754455566,-0.38397333715111015,3.5969718137351944e-08,0.2,0.0003,-0.00730910012498498,-0.0013582555053289979,0.0030415817,,
417792,594,702,-15.621999999999998,57.22,204,2030,0.036474609375,-0.7762777805328369,-0.40075200265273453,2.1583592633156456e-07,0.2,0.0003,-0.008002402260899544,-0.00038746762147638946,0.0040629487,,
419840,597,702,-15.533999999999999,56.34,205,2040,0.031005859375,-0.3157532215118408,-0.4212366439402103,6.354687126730596e-07,0.2,0.0003,-0.01105855219066143,-0.0005676131288055331,0.0021937042,,
420000,,,,,,2050,0.019384765625,-0.2676788568496704,-0.4128102492541075,2.826966980062906e-07,0.2,0.0003,-0.007653956301510334,-0.0003252541209803894,0.0029245554,-15.7,58.0
421888,600,702,-15.456,55.56,206,,,,,,,,,,,,
423936,603,702,-15.373000000000001,54.73,207,2060,0.021533203125,-4.729736804962158,-0.404701542109251,9.616179675653313e-07,0.2,0.0003,-0.008483650162816048,-0.001406238289200701,0.0035646423,,
425984,606,702,-15.335,54.35,208,2070,0.0337890625,-5.533383846282959,-0.4028437102213502,1.325578977695585e-07,0.2,0.0003,-0.0031459322199225426,-0.00209885850927094,0.0034960941,,
428032,609,702,-15.354,54.54,209,2080,0.017529296875,-1.7005376815795898,-0.4051095940172672,6.168869482348071e-07,0.2,0.0003,-0.017599599435925484,0.00019803961040452123,0.0015507437,,
430000,,,,,,2090,0.051611328125,-0.740636944770813,-0.3984871568158269,1.5262991697184703e-07,0.2,0.0003,0.002354682656005025,-0.0046767219406319786,0.0044679157,-16.080000000000002,61.8
430080,612,702,-15.408,55.08,210,,,,,,,,,,,,
432128,615,702,-15.477,55.77,211,2100,0.014404296875,-0.3396872282028198,-0.4036669951863587,5.951636781542646e-06,0.2,0.0003,0.0009171410347335041,0.00028638367366511374,0.00065427704,,
434176,618,702,-15.516000000000002,56.16,212,2110,0.023193359375,0.13059264421463013,-0.37784476606175305,4.258579511251526e-08,0.2,0.0003,0.0007518408820033073,-0.0009765524868271313,0.0048599737,,
436224,621,702,-15.615999999999996,57.16,213,2120,0.03095703125,-0.44915568828582764,-0.3605719154700637,2.506544407587796e-08,0.2,0.0003,-0.012767222709953785,-0.0016804249127744697,0.003585702,,
438272,624,702,-15.645999999999999,57.46,214,2130,0.009375,-2.0622520446777344,-0.37086764043197035,2.6347009907112806e-08,0.2,0.0003,0.0059914663434028625,-0.00029732288239756597,0.0023712423,,
440000,,,,,,2140,0.022900390625,0.10650169849395752,-0.3464789690449834,5.061376819881502e-08,0.2,0.0003,-0.008409056812524796,-0.0011594134761253373,0.003029944,-17.5,76.0
440320,627,701,-15.719000000000001,58.19,215,,,,,,,,,,,,
442368,630,701,-15.747,58.47,216,2150,0.02509765625,-1.4832558631896973,-0.3433088090270758,2.4413945947543427e-06,0.2,0.0003,-0.007811212446540594,-0.0019799517962383107,0.0030091878,,
444416,633,701,-15.685,57.85,217,2160,0.041259765625,0.19661438465118408,-0.36482552979141475,1.674389258354836e-08,0.2,0.0003,-0.012477611191570759,-0.0031075897015398367,0.0047193184,,
446464,636,701,-15.674,57.74,218,2170,0.01337890625,-0.3630112409591675,-0.3438947480171919,3.297944797253649e-07,0.2,0.0003,0.0004563355178106576,9.837326651904733e-05,0.0015772184,,
448512,639,701,-15.582,56.82,219,2180,0.04296875,-1.775343656539917,-0.3654608522541821,2.1784732311402878e-07,0.2,0.0003,-0.019476238638162613,-0.0017826036288170143,0.0014670973,,
450000,,,,,,2190,0.00869140625,-0.36477911472320557,-0.349516926985234,1.7000904852793042e-07,0.2,0.0003,-0.007633988745510578,-0.0008949200448114425,0.00096126844,-16.360000000000003,64.6
450560,642,701,-15.653000000000002,57.53,220,,,,,,,,,,,,
452608,645,701,-15.530999999999999,56.31,221,2200,0.067041015625,0.33137571811676025,-0.38541203532367946,9.230715217078966e-07,0.2,0.0003,-0.013526294380426407,0.0003450419753789902,0.0020120502,,
454656,648,701,-15.527000000000001,56.27,222,2210,0.05947265625,0.5587641000747681,-0.3737035614438355,2.714544701465371e-07,0.2,0.0003,-0.015059235505759716,-0.0021818390843691303,0.0051473547,,
456704,650,701,-15.578000000000007,56.78,223,2220,0.076708984375,-4.365799903869629,-0.3932402160950005,2.9596674444576365e-07,0.2,0.0003,-0.015425655990839005,-0.0008885261413524859,0.0026331185,,
458752,653,701,-15.73,58.3,224,2230,0.01982421875,-6.563169956207275,-0.41038594003766776,2.4403703995812266e-06,0.2,0.0003,-0.009703781455755234,0.0003622432253905572,0.0031294818,,
460000,,,,,,2240,0.028955078125,-1.9749598503112793,-0.4232621553353965,3.233718386397299e-08,0.2,0.0003,-0.0020977810490876436,0.0006820178794441744,0.00048292178,-16.8,69.0
460800,656,701,-15.809,59.09,225,,,,,,,,,,,,
462848,659,701,-15.869000000000002,59.69,226,2250,0.016064453125,-5.362844944000244,-0.4030137866735458,2.7013856440660788e-08,0.2,0.0003,7.244056178024039e-05,-0.00014010903105372564,0.0025514786,,
464896,662,701,-15.915,60.15,227,2260,0.017431640625,-6.7635369300842285,-0.38787126103416086,7.3212451212612e-08,0.2,0.0003,-0.005848740227520466,-0.0008978660218417645,0.002744272,,
466944,665,701,-16.025,61.25,228,2270,0.018212890625,-1.1105318069458008,-0.36178660886362196,1.9328480081792775e-06,0.2,0.0003,-0.012207264080643654,-0.0025251513434341177,0.0024553952,,
468992,668,701,-16.031000000000002,61.31,229,2280,0.0310546875,-2.7759640216827393,-0.3637608177028596,3.1792160326560294e-08,0.2,0.0003,-0.00875823013484478,0.00012916616688016803,0.0070703877,,
470000,,,,,,2290,0.04345703125,-5.395087242126465,-0.3432961727492511,5.4920244485501256e-08,0.2,0.0003,-0.006731819361448288,-0.0009819809900363907,0.005181995,-17.619999999999997,77.2
471040,671,701,-16.084,61.84,230,,,,,,,,,,,,
473088,674,701,-16.009,61.09,231,2300,0.062939453125,-1.0341689586639404,-0.3517193773761392,2.3394671407217517e-06,0.2,0.0003,-0.011467112228274345,-0.0035959193541202695,0.0022701018,,
475136,677,701,-16.058,61.58,232,2310,0.039013671875,0.25687867403030396,-0.36498416317626836,2.802844480953581e-08,0.2,0.0003,-0.008911045268177986,-0.0010159258847124875,0.0028622055,,
477184,679,701,-15.965,60.65,233,2320,0.018310546875,-0.48924779891967773,-0.379583977162838,3.9956120501116744e-08,0.2,0.0003,-0.006452979985624552,-0.00041624327423051,0.0015041267,,
479232,682,701,-16.021,61.21,234,2330,0.078076171875,-1.2920763492584229,-0.35100996643304827,9.295969785938496e-07,0.2,0.0003,-0.010485189035534859,-0.0012855044711614027,0.004444305,,
480000,,,,,,2340,0.02001953125,-7.169889450073242,-0.3385671849362552,5.937181160442506e-06,0.2,0.0003,0.009300458244979382,3.4733806387521327e-05,0.0030664937,-16.660000000000004,67.6
481280,686,701,-15.950000000000003,60.5,235,,,,,,,,,,,,
483328,688,701,-15.991999999999997,60.92,236,2350,0.04697265625,-0.5271257162094116,-0.31404121438972654,1.8091083164861744e-08,0.2,0.0003,-0.0010699992999434471,-0.0009570493275532499,0.0074598175,,
485376,691,701,-15.953,60.53,237,2360,0.021875,-0.5175186395645142,-0.2938620558939874,1.4890224075969627e-08,0.2,0.0003,-0.007065683137625456,0.00010452632850501686,0.0018003647,,
487424,694,701,-15.998000000000001,60.98,238,2370,0.009326171875,-2.0307211875915527,-0.28924020831473174,2.03834397805025e-08,0.2,0.0003,-0.011243507266044617,-0.0011616870207944885,0.0007471774,,
489472,697,701,-16.002,61.02,239,2380,0.027685546875,-1.87384033203125,-0.28100762381218375,2.261348783783035e-08,0.2,0.0003,-0.02033243514597416,-0.0008482409379212186,0.001956872,,
490000,,,,,,2390,0.0408203125,-7.254044532775879,-0.29466534648090603,8.274073119984848e-08,0.2,0.0003,-0.012536866590380669,-0.0010461718018632382,0.0021321492,-16.3,64.0
491520,700,701,-15.946,60.46,240,,,,,,,,,,,,
493568,703,701,-15.857999999999997,59.58,241,2400,0.0224609375,-7.2402238845825195,-0.2722815840970725,8.912526249904574e-07,0.2,0.0003,-0.008521550334990025,6.947955989744514e-05,0.0033847135,,
495616,706,701,-15.813999999999998,59.14,242,2410,0.048388671875,-11.821026802062988,-0.30105859925970435,2.0547902641609993e-07,0.2,0.0003,-0.021572792902588844,-0.00036487559555098414,0.0042874143,,
497664,709,701,-15.841999999999999,59.42,243,2420,0.03857421875,-0.2640315294265747,-0.3148007804062217,8.466114350902387e-07,0.2,0.0003,-0.010941591113805771,-8.291457925224677e-05,0.0037158707,,
499712,711,701,-15.865000000000002,59.65,244,2430,0.0431640625,0.7333588600158691,-0.33846576046198606,6.007258406892646e-06,0.2,0.0003,-0.004839925095438957,-0.0014568549115210772,0.0042467974,,
500000,,,,,,2440,0.015283203125,0.8266115784645081,-0.3346067897044122,1.2865731902067523e-08,0.2,0.0003,-0.0031312720384448767,-0.0009842087572906166,0.001987467,-16.419999999999998,65.2
501760,715,701,-15.812000000000001,59.12,245,,,,,,,,,,,,
503808,718,701,-15.703,58.03,246,2450,0.062646484375,0.6139301061630249,-0.36703707445412875,9.513354415346953e-09,0.2,0.0003,-0.00478009507060051,0.00048718190810177476,0.0055796555,,
505856,720,701,-15.600999999999999,57.01,247,2460,0.14521484375,0.07518410682678223,-0.37907579643651845,3.8273702651636654e-08,0.2,0.0003,-0.0015210348647087812,-0.0010866057767998428,0.017123425,,
507904,723,701,-15.491000000000001,55.91,248,2470,0.06904296875,-1.4778239727020264,-0.4077642128802836,6.285082001511456e-08,0.2,0.0003,0.0010921043576672673,-0.00039004015561658887,0.010454882,,
509952,726,701,-15.416999999999998,55.17,249,2480,0.01953125,-3.885873317718506,-0.40018109548836944,6.602265911315186e-07,0.2,0.0003,-0.0012972095282748342,-0.0014413639873964712,0.002404225,,
510000,,,,,,2490,0.0880859375,-6.507965564727783,-0.41006204709410665,3.978754175859578e-06,0.2,0.0003,-0.036764465272426605,-0.0002534465049393475,0.0067221434,-15.539999999999997,56.4
512000,729,701,-15.32,54.2,250,,,,,,,,,,,,
514048,732,701,-15.262999999999998,53.63,251,2500,0.015234375,-1.8418502807617188,-0.39501554761081936,4.1944660988946224e-08,0.2,0.0003,-0.005362114869058132,-0.0004321686123148538,0.00039310695,,
516096,735,701,-15.252,53.52,252,2510,0.07119140625,-0.5488295555114746,-0.44525740426033733,2.6372102679417252e-08,0.2,0.0003,-0.006474601570516825,-0.0021180164912948385,0.011584927,,
518144,738,701,-15.317,54.17,253,2520,0.02900390625,-1.8809447288513184,-0.459583246242255,2.5422694616139552e-08,0.2,0.0003,-0.015445674769580364,-0.0016571478699916042,0.002081113,,
520000,,,,,,2530,0.12294921875,-3.5726375579833984,-0.46537674916908145,3.265864139123664e-08,0.2,0.0003,-0.013334820047020912,-0.0003389078672626056,0.0047156746,-15.719999999999999,58.2
520192,741,701,-15.328000000000001,54.28,254,,,,,,,,,,,,
522240,744,701,-15.337999999999997,54.38,255,2540,0.019140625,-2.2067008018493652,-0.4496629947796464,6.477498020185379e-07,0.2,0.0003,-0.008823482319712639,-0.001272829744266346,0.002485164,,
524288,747,701,-15.376999999999995,54.77,256,2550,0.1044921875,-1.339890956878662,-0.4737409705296159,5.396520819100914e-07,0.2,0.0003,-0.005352646578103304,-0.0007434673956595361,0.012345072,,
526336,750,701,-15.473000000000003,55.73,257,2560,0.017333984375,-1.3531694412231445,-0.48044306635856626,1.2984678430250085e-07,0.2,0.0003,-0.021143261343240738,-0.0006102476225350983,0.0026540486,,
528384,753,701,-15.429999999999998,55.3,258,2570,0.12265625,-2.908123016357422,-0.54236671179533,1.7890583051016761e-06,0.2,0.0003,-0.021134035661816597,-0.0007985666888998821,0.015723519,,
530000,,,,,,2580,0.0681640625,0.17719101905822754,-0.5026100915856659,1.3812840142790607e-07,0.2,0.0003,-0.03918537124991417,-0.0023834651132347063,0.010429932,-15.739999999999998,58.4
530432,756,701,-15.376999999999999,54.77,259,,,,,,,,,,,,
532480,758,701,-15.318999999999996,54.19,260,2590,0.048779296875,0.257121741771698,-0.4735644073225558,7.879487622375336e-08,0.2,0.0003,-0.006727988366037607,-0.002684108342509717,0.0047353497,,
534528,761,701,-15.346000000000002,54.46,261,2600,0.017431640625,-0.8412717580795288,-0.4758307564072311,7.176491739091517e-07,0.2,0.0003,-0.0036289584822952747,0.00038055457407608627,0.0022435405,,
536576,764,701,-15.393999999999998,54.94,262,2610,0.027880859375,0.43499666452407837,-0.46101531842723487,1.099992300268582e-06,0.2,0.0003,-0.010952390730381012,-0.0008769597552600317,0.0020251358,,
538624,767,701,-15.395999999999999,54.96,263,2620,0.02275390625,-1.048133373260498,-0.43519622134044766,4.532068338392037e-08,0.2,0.0003,-0.00925051886588335,-0.00036574254336301236,0.002578486,,
540000,,,,,,2630,0.03447265625,-1.295154333114624,-0.4256284736096859,2.1852800506927396e-07,0.2,0.0003,-0.007630774285644293,-0.00014776771131437273,0.0033945264,-15.940000000000001,60.4
540672,770,701,-15.418999999999999,55.19,264,,,,,,,,,,,,
542720,773,701,-15.437999999999997,55.38,265,2640,0.02197265625,-8.253459930419922,-0.4153293391689658,2.650952096860948e-06,0.2,0.0003,-0.006161127705127001,-0.0005707664182409644,0.002716954,,
544768,776,701,-15.429,55.29,266,2650,0.019091796875,-8.011078834533691,-0.4161639668047428,1.598422363358054e-08,0.2,0.0003,-0.004109289962798357,-0.0011948658411711222,0.00064935395,,
546816,779,701,-15.372,54.72,267,2660,0.025439453125,-8.181351661682129,-0.41981785306707026,5.8636781652410264e-08,0.2,0.0003,-0.003934174310415983,0.0002694372495170683,0.00519381,,
548864,782,701,-15.375,54.75,268,2670,0.015478515625,-0.03538978099822998,-0.40696514640003445,4.43188074639167e-07,0.2,0.0003,-0.006405465770512819,-0.0011896786716533824,0.0031335212,,
550000,,,,,,2680,0.012939453125,-1.4153409004211426,-0.40944389468058945,8.063218085663237e-07,0.2,0.0003,-0.0017122352728620172,0.00019702349964063616,0.0020675235,-16.220000000000002,63.2
550912,785,701,-15.443999999999996,55.44,269,,,,,,,,,,,,
552960,788,701,-15.511,56.11,270,2690,0.031787109375,-0.23361003398895264,-0.40209507793188093,8.247793032545303e-07,0.2,0.0003,0.0026735232677310705,-0.0009672173371654935,0.0018920664,,
555008,791,701,-15.462,55.62,271,2700,0.11787109375,-1.782278060913086,-0.40788535671308634,1.334293298560496e-06,0.2,0.0003,0.0021061478182673454,-0.0008766095706960186,0.0068555837,,
557056,794,701,-15.427999999999999,55.28,272,2710,0.008642578125,-5.1227216720581055,-0.4093803491443396,1.70790826814482e-08,0.2,0.0003,-0.0056269410997629166,0.000115177922998555,0.00033948605,,
559104,797,701,-15.371000000000002,54.71,273,2720,0.02861328125,-5.501118183135986,-0.4191067130304873,2.9383429644980196e-08,0.2,0.0003,-0.005090042948722839,0.0004623807602911256,0.0019446093,,
560000,,,,,,2730,0.01142578125,-0.1261599063873291,-0.41456549549475313,3.4305866148720553e-06,0.2,0.0003,-0.009389907121658325,-0.0003703923954162747,0.0013553388,-15.62,57.2
561152,800,701,-15.299000000000001,53.99,274,,,,,,,,,,,,
563200,803,701,-15.285999999999996,53.86,275,2740,0.025146484375,0.4208632707595825,-0.4133406488224864,3.640495388701481e-07,0.2,0.0003,-0.007936159148812294,-0.00351990015769843,0.0030090713,,
565248,806,701,-15.257999999999997,53.58,276,2750,0.02744140625,0.8369994759559631,-0.4113854231312871,1.1734138908980896e-06,0.2,0.0003,-0.006926304195076227,-0.001660532344249077,0.0033732718,,
567296,809,701,-15.262999999999998,53.63,277,2760,0.026513671875,-0.4106254577636719,-0.3854054699651897,3.6105050051915555e-06,0.2,0.0003,-0.012388516217470169,-0.00011571912618819624,0.002014543,,
569344,811,701,-15.234999999999996,53.35,278,2770,0.0234375,0.8362626433372498,-0.38565718876197935,4.3640893410135106e-07,0.2,0.0003,-0.004764293786138296,0.0011234820616664366,0.0021483256,,
570000,,,,,,2780,0.129150390625,0.6534126996994019,-0.4061814577318728,4.399642758112776e-07,0.2,0.0003,-0.0009887550259009004,-0.001046871449216269,0.008209648,-16.060000000000002,61.6
571392,815,701,-15.276999999999996,53.77,279,,,,,,,,,,,,
573440,817,701,-15.303999999999998,54.04,280,2790,0.041015625,0.4589323401451111,-0.39999339953064916,1.8836649688935837e-07,0.2,0.0003,-0.01353227999061346,-0.0012159541278379039,0.005414181,,
575488,820,701,-15.384999999999998,54.85,281,2800,0.13525390625,0.5074073076248169,-0.41509950598701834,1.0570226229411617e-06,0.2,0.0003,-0.01648334041237831,-0.005111840505560394,0.011484517,,
577536,823,701,-15.468999999999996,55.69,282,2810,0.082861328125,-0.18021011352539062,-0.44234378784894945,4.2634741577174394e-07,0.2,0.0003,-0.013228921219706535,-0.001331795725855045,0.0071594305,,
579584,826,700,-15.618999999999998,57.19,283,2820,0.039111328125,0.02953922748565674,-0.45222670435905454,1.6472806261269568e-07,0.2,0.0003,-0.008103041909635067,-0.0001064061390934512,0.0037908163,,
580000,,,,,,2830,0.020361328125,0.03351700305938721,-0.43481201147660614,5.895053023508012e-07,0.2,0.0003,-0.0033545279875397682,-0.0009968978789402171,0.0035667298,-16.64,67.4
581632,829,700,-15.686999999999998,57.87,284,,,,,,,,,,,,
583680,832,700,-15.668000000000001,57.68,285,2840,0.027978515625,-0.9231923818588257,-0.44254785077646375,1.1558523276278265e-07,0.2,0.0003,-0.0038606771267950535,-0.0005092822655569762,0.002673659,,
585728,835,700,-15.777000000000001,58.77,286,2850,0.011376953125,-0.4515033960342407,-0.43492001555860044,7.489920577974374e-07,0.2,0.0003,-4.6595250751124695e-05,-0.0008904086309485138,0.0015448194,,
587776,838,700,-15.793,58.93,287,2860,0.06728515625,-0.7520102262496948,-0.4500816723331809,1.0955129180700852e-06,0.2,0.0003,-0.006684308405965567,-0.0033143511682283133,0.0058367997,,
589824,841,700,-15.793,58.93,288,2870,0.009619140625,0.6873385310173035,-0.45053145503625275,4.666691554078284e-07,0.2,0.0003,-0.004457739181816578,-0.000256450918095652,0.00172945,,
590000,,,,,,2880,0.12568359375,-0.06519675254821777,-0.42265046052634714,4.960212800497743e-08,0.2,0.0003,-0.0013111321022734046,-0.002372596930945292,0.015178454,-16.04,61.4
591872,844,700,-15.740999999999996,58.41,289,,,,,,,,,,,,
593920,847,701,-15.723999999999998,58.24,290,2890,0.05087890625,-1.0794763565063477,-0.3743140805512667,2.3539565512376015e-06,0.2,0.0003,-0.007600401993840933,-0.0028593403490958734,0.008978691,,
595968,850,701,-15.728,58.28,291,2900,0.010986328125,-4.622773170471191,-0.3590060857124627,1.2906026602976795e-08,0.2,0.0003,0.0018989425152540207,-0.001826337879174389,0.00088257814,,
598016,852,701,-15.694,57.94,292,2910,0.05712890625,-8.7254056930542,-0.3588982089422643,4.6285725785466526e-08,0.2,0.0003,-0.012410868890583515,-0.0011574854084756224,0.005406419,,
600000,,,,,,2920,0.018017578125,-2.1258132457733154,-0.3553076542913914,9.535166833885e-07,0.2,0.0003,-0.00992156658321619,-0.0003101007518125698,0.0036647976,-16.06,61.6
600064,856,700,-15.631000000000002,57.31,293,,,,,,,,,,,,
602112,858,700,-15.552,56.52,294,2930,0.0337890625,-5.4133219718933105,-0.3499174937605858,1.5349621218518906e-08,0.2,0.0003,-0.007844598032534122,-0.002253379870671779,0.0023143685,,
604160,861,700,-15.537,56.37,295,2940,0.01572265625,-4.7793097496032715,-0.3364810926839709,5.579464756877428e-07,0.2,0.0003,-0.006407393142580986,3.930024395231158e-05,0.0022422047,,
606208,864,700,-15.593,56.93,296,2950,0.009033203125,-3.5773777961730957,-0.34702399633824826,1.1269276701142416e-06,0.2,0.0003,-0.008986189030110836,-0.00014243473997339607,0.0020274147,,
608256,867,701,-15.614999999999998,57.15,297,2960,0.041357421875,-1.0115766525268555,-0.3561654929071665,1.6437592063045514e-06,0.2,0.0003,-0.00942072831094265,-0.000386591930873692,0.0012559895,,
610000,,,,,,2970,0.041455078125,-4.26746940612793,-0.36132761323824525,1.2902970469852448e-08,0.2,0.0003,0.0036587256472557783,-0.0017353331408230589,0.004234047,-15.9,60.0
610304,870,700,-15.559999999999997,56.6,298,,,,,,,,,,,,
612352,873,700,-15.48,55.8,299,2980,0.0154296875,-5.678216457366943,-0.3440224866382778,2.9423484448898306e-08,0.2,0.0003,-0.009983249939978123,1.5867408365011215e-06,0.0012233173,,
614400,876,700,-15.508999999999999,56.09,300,2990,0.036474609375,-2.329796314239502,-0.3120568621437997,1.3563297711627343e-07,0.2,0.0003,-0.015051684342324734,-0.0019028230410185643,0.0032662083,,
616448,879,700,-15.587,56.87,301,3000,0.015087890625,-8.03658390045166,-0.3046326891053468,4.644246096585647e-07,0.2,0.0003,-0.0012438157573342323,-0.0022485377150587736,0.0019737764,,
618496,882,700,-15.691,57.91,302,3010,0.024853515625,-0.7283128499984741,-0.31827269177883866,6.36782908172151e-06,0.2,0.0003,-0.013859710656106472,-0.0007518639613408595,0.0013080253,,
620000,,,,,,3020,0.036865234375,-0.2946891784667969,-0.30868689017370343,2.3947710836580426e-08,0.2,0.0003,-0.005515784025192261,-0.00047406258527189494,0.0034558147,-16.28,63.8
620544,885,700,-15.742999999999997,58.43,303,,,,,,,,,,,,
622592,888,700,-15.815,59.15,304,3030,0.013427734375,-0.39070332050323486,-0.29457304966636,1.3609790805446664e-08,0.2,0.0003,-0.001984046772122383,-0.000724404799984768,0.0017227463,,
624640,891,700,-15.858999999999998,59.59,305,3040,0.02255859375,-0.9083614349365234,-0.29610530007630587,3.7145134412774894e-07,0.2,0.0003,-0.000274167163297534,0.00034523254435043783,0.004427456,,
626688,894,700,-15.91,60.1,306,3050,0.03955078125,-4.0913777351379395,-0.29876366085372863,3.295268366176884e-07,0.2,0.0003,-0.004510947037488222,-0.0006327002309262752,0.003251749,,
628736,897,700,-15.931,60.31,307,3060,0.02646484375,-12.914263725280762,-0.3015468661207706,5.193705597239529e-06,0.2,0.0003,0.0003909979423042387,-0.001263343545724638,0.0024293286,,
630000,,,,,,3070,0.072607421875,-6.45181131362915,-0.30760461748577655,1.2106375857356965e-08,0.2,0.0003,-0.0015886460896581411,0.0007455196813680231,0.0084716715,-16.4,65.0
630784,900,700,-15.889999999999997,59.9,308,,,,,,,,,,,,
632832,903,700,-15.868999999999998,59.69,309,3080,0.0296875,-6.6419806480407715,-0.317271468276158,1.3372330398553345e-08,0.2,0.0003,0.002196062356233597,-0.0003515544012770988,0.0029496644,,
634880,906,700,-15.819,59.19,310,3090,0.025732421875,-12.650976181030273,-0.31448583491146564,8.164243459063413e-09,0.2,0.0003,-0.0006216538022272289,-0.0013719442154979332,0.002425152,,
636928,909,700,-15.902999999999999,60.03,311,3100,0.024267578125,-12.089872360229492,-0.31701162122189996,1.0362758753323931e-07,0.2,0.0003,-0.003230080706998706,0.0003919795504771173,0.0026737466,,
638976,911,700,-15.927000000000003,60.27,312,3110,0.068505859375,-0.3222004175186157,-0.344641276076436,3.47191909533251e-07,0.2,0.0003,0.002706612693145871,-0.0027038314554374667,0.010697972,,
640000,,,,,,3120,0.070263671875,0.5684688687324524,-0.38494369937106965,2.660077113780801e-06,0.2,0.0003,0.02347535267472267,-0.0006867023621452972,0.009632992,-16.520000000000003,66.2
641024,914,700,-15.859000000000002,59.59,313,,,,,,,,,,,,
643072,917,700,-15.797999999999996,58.98,314,3130,0.01005859375,-3.497490882873535,-0.36987872160971164,1.267119436043629e-08,0.2,0.0003,0.00021660735365003347,-0.001021904984372668,0.0015706797,,
645120,920,700,-15.803999999999998,59.04,315,3140,0.0142578125,-2.6217041015625,-0.3790542376227677,8.658030647978876e-08,0.2,0.0003,-0.007662859745323658,-0.0007583283542771824,0.0021000707,,
647168,923,700,-15.89,59.9,316,3150,0.009033203125,-1.2095930576324463,-0.3741872007027268,1.5578397816184975e-06,0.2,0.0003,-0.011686191894114017,-0.0004497210495173931,0.0011553059,,
649216,926,700,-15.923,60.23,317,3160,0.105419921875,-0.47323179244995117,-0.33994972826913,3.838761561958393e-08,0.2,0.0003,0.007349405903369188,-0.0034914691030280666,0.009345784,,
650000,,,,,,3170,0.014111328125,-0.8115760087966919,-0.3242680782452226,1.6629616776953072e-07,0.2,0.0003,0.0034159175120294094,-0.0011749772209441289,0.002018453,-17.339999999999996,74.4
651264,929,700,-15.989,60.89,318,,,,,,,,,,,,
653312,932,700,-16.045,61.45,319,3180,0.006884765625,0.23912984132766724,-0.3225181342102587,1.0010408606042632e-06,0.2,0.0003,-0.007355502340942621,-0.0008798308321274817,0.0015476611,,
655360,935,700,-16.076,61.76,320,3190,0.007861328125,-2.5162558555603027,-0.32229392947629093,1.0274420580991261e-07,0.2,0.0003,-3.752955672098324e-05,0.0003919259266695008,0.0005382437,,
657408,938,700,-16.034,61.34,321,3200,0.02822265625,-1.1589100360870361,-0.33291302938014267,2.4104597002860827e-07,0.2,0.0003,0.00033834826899692416,-8.662306936457753e-05,0.0014458084,,
659456,940,700,-15.951,60.51,322,3210,0.0470703125,-5.508467674255371,-0.33616170110180976,1.869251996122756e-06,0.2,0.0003,-0.005264923442155123,0.0013031234848313034,0.0027576284,,
660000,,,,,,3220,0.091650390625,-7.367387771606445,-0.3312383772805333,4.444867309771894e-08,0.2,0.0003,-0.003883669851347804,-0.0019641581748146564,0.005094261,-16.92,70.2
661504,944,700,-15.905,60.05,323,,,,,,,,,,,,
663552,946,700,-15.897,59.97,324,3230,0.009228515625,-10.493351936340332,-0.3314831770025194,1.0883572587605528e-06,0.2,0.0003,-0.007134175859391689,0.0002810547855915502,0.00047769537,,
665600,949,700,-15.880000000000003,59.8,325,3240,0.02578125,-1.2247991561889648,-0.32237779358401897,2.0819356016943402e-08,0.2,0.0003,-0.010942056775093079,-0.000841765284712892,0.0007752132,,
667648,952,700,-15.895999999999997,59.96,326,3250,0.025830078125,-0.7292267084121704,-0.3191365894395858,4.253370763596109e-07,0.2,0.0003,-0.004386939574033022,-0.000623777334112674,0.002230613,,
669696,955,700,-15.811000000000002,59.11,327,3260,0.0265625,-0.3834075927734375,-0.3232253366149962,3.683740515780798e-06,0.2,0.0003,0.03163650631904602,-9.462320595048368e-05,0.0026483699,,
670000,,,,,,3270,0.01513671875,0.3742991089820862,-0.302326795225963,5.175631989651208e-08,0.2,0.0003,-0.007402416784316301,-0.003801240518805571,0.0017951888,-16.859999999999996,69.6
671744,958,700,-15.829,59.29,328,,,,,,,,,,,,
673792,961,700,-15.779000000000002,58.79,329,3280,0.010400390625,0.681949257850647,-0.29690985176712276,3.911519019794696e-08,0.2,0.0003,-0.001011734246276319,-0.0021993262809701262,0.0013206669,,
675840,964,700,-15.859999999999998,59.6,330,3290,0.027294921875,0.3354194164276123,-0.2922933688852936,2.393498388819637e-07,0.2,0.0003,-0.010273117572069168,-0.0009021284364280291,0.0014983951,,
677888,967,700,-15.937000000000001,60.37,331,3300,0.009912109375,0.2429136037826538,-0.30222726431675256,2.651427074340518e-07,0.2,0.0003,-0.0011716274311766028,0.0005219381069764495,0.0011542806,,
679936,970,700,-16.13,62.3,332,3310,0.01279296875,0.28052467107772827,-0.29132795170880854,1.392677276879084e-06,0.2,0.0003,-0.005823584273457527,-0.001647720648907125,0.0016008784,,
680000,,,,,,3320,0.01357421875,0.2614193558692932,-0.2810048747807741,4.70902918081606e-07,0.2,0.0003,0.0001385409850627184,-2.0881147065665573e-05,0.0019610391,-17.139999999999997,72.4
681984,973,700,-16.173,62.73,333,,,,,,,,,,,,
684032,976,700,-16.295,63.95,334,3330,0.03134765625,0.7074947357177734,-0.2722690373659134,2.1356251647119962e-07,0.2,0.0003,0.0009451178484596312,-0.0026055087364511564,0.0024306714,,
686080,979,700,-16.281,63.81,335,3340,0.015966796875,-0.978216290473938,-0.28485248712822797,1.06471030747457e-07,0.2,0.0003,-0.007815551944077015,0.00012518339208327233,0.0007364552,,
688128,982,700,-16.278999999999996,63.79,336,3350,0.01748046875,-0.9665653705596924,-0.2682673116680235,7.625293596547067e-07,0.2,0.0003,-0.007627443876117468,-0.00040902888285927476,0.0026406217,,
690000,,,,,,3360,0.021044921875,-0.3199925422668457,-0.2778949751518667,4.2093387637720524e-07,0.2,0.0003,0.002219658112153411,-0.0011079794319812208,0.0013791053,-17.479999999999997,75.8
690176,985,700,-16.288999999999998,63.89,337,,,,,,,,,,,,
692224,988,700,-16.121,62.21,338,3370,0.033251953125,-3.5044479370117188,-0.2871508753392845,2.1324881751105805e-06,0.2,0.0003,0.002633738564327359,-0.0005097311237477698,0.0032637077,,
694272,991,700,-16.109,62.09,339,3380,0.021337890625,0.030586063861846924,-0.2594544403254986,6.879042960594717e-07,0.2,0.0003,-0.003965758252888918,-0.0025707622873596845,0.0020189306,,
696320,993,700,-16.124,62.24,340,3390,0.019775390625,0.5226448774337769,-0.25615651146508756,8.08500828952674e-08,0.2,0.0003,0.008620410226285458,-0.001588276756228879,0.0018484666,,
698368,996,700,-16.197,62.97,341,3400,0.0673828125,-2.1851422786712646,-0.28251393786631523,2.4552957977874713e-08,0.2,0.0003,0.0037864535115659237,-0.0035004838311579077,0.008596631,,
700000,,,,,,3410,0.0169921875,-2.553480625152588,-0.28580453018657864,5.441356134561204e-07,0.2,0.0003,-0.005076764151453972,-0.00033419341198168693,0.0030393964,-17.72,78.2
700416,999,700,-16.268,63.68,342,,,,,,,,,,,,
702464,1002,700,-16.308999999999997,64.09,343,3420,0.01337890625,-2.3403797149658203,-0.27269109222106636,1.4275250630024772e-06,0.2,0.0003,-0.00720630306750536,-0.0004681370686739683,0.0023757229,,
704512,1006,700,-16.376,64.76,344,3430,0.01591796875,-0.07805252075195312,-0.2894896999001503,2.2576301635268694e-06,0.2,0.0003,-0.010649047791957855,-0.00023980699479579924,0.0019649894,,
706560,1008,700,-16.249000000000002,63.49,345,3440,0.054638671875,0.6683768033981323,-0.3274709600023925,1.6635860307978589e-06,0.2,0.0003,0.020013604313135147,-0.0025795144960284234,0.013097854,,
708608,1011,700,-16.116999999999997,62.17,346,3450,0.034521484375,0.8465147018432617,-0.3678308170288801,1.4627673198486236e-06,0.2,0.0003,-0.026639653369784355,-0.0029433318879455326,0.003707861,,
710000,,,,,,3460,0.030712890625,0.8947061896324158,-0.3886632932350039,5.01884962300636e-07,0.2,0.0003,-0.008144639432430267,-0.0036690118547994645,0.0030551483,-16.759999999999998,68.6
710656,1015,700,-15.829000000000002,59.29,347,,,,,,,,,,,,
712704,1017,700,-15.631000000000004,57.31,348,3470,0.05439453125,0.8678305149078369,-0.40749132158234713,3.7412138880199565e-07,0.2,0.0003,0.01841174252331257,-0.0037527833032072523,0.010866024,,
714752,1020,700,-15.369999999999997,54.7,349,3480,0.19384765625,0.5836204290390015,-0.4723587304353714,3.037710579301134e-06,0.2,0.0003,0.042598675936460495,-0.001284732128260657,0.032045826,,
716800,1023,700,-15.171999999999999,52.72,350,3490,0.095849609375,-1.898698329925537,-0.5185638085007668,1.3644156595660206e-06,0.2,0.0003,-0.007079053204506636,0.0007701968468609266,0.008947879,,
718848,1026,700,-15.058,51.58,351,3500,0.076708984375,0.5206518769264221,-0.4595916224643588,2.3957947843378235e-07,0.2,0.0003,-0.021443739533424377,-0.0033797170879552143,0.019568224,,
720000,,,,,,3510,0.172119140625,0.6816171407699585,-0.4558851743116975,1.5764170453458347e-07,0.2,0.0003,0.0026874798350036144,-0.0030253303761128337,0.013541086,-15.6,57.0
720896,1029,700,-15.041999999999996,51.42,352,,,,,,,,,,,,
722944,1032,700,-15.065999999999997,51.66,353,3520,0.0072265625,-0.3273475170135498,-0.45888034580275416,1.7095295921087938e-07,0.2,0.0003,-0.015458397567272186,-0.00013194255880080163,0.0016628099,,
724992,1035,700,-15.097000000000001,51.97,354,3530,0.141748046875,0.47919636964797974,-0.4696929778903723,5.79343178763736e-08,0.2,0.0003,-0.01946571283042431,-0.005232969991629944,0.010926662,,
727040,1038,700,-15.146999999999998,52.47,355,3540,0.022802734375,-3.1073098182678223,-0.45144548555836084,1.3180535244572412e-06,0.2,0.0003,-0.004561558365821838,0.0008411255606915802,0.00095402496,,
729088,1041,700,-15.197999999999997,52.98,356,3550,0.01865234375,0.5307695865631104,-0.46284492453560233,2.459130405529919e-07,0.2,0.0003,-0.0072546773590147495,-0.0031431602867087348,0.0023289812,,
730000,,,,,,3560,0.012890625,0.5114957094192505,-0.4547483128495514,1.023219438511802e-07,0.2,0.0003,-0.00726925628259778,-0.0016456153403851203,0.0014608079,-16.26,63.6
731136,1044,700,-15.261999999999995,53.62,357,,,,,,,,,,,,
733184,1047,700,-15.330000000000002,54.3,358,3570,0.021533203125,0.4673616290092468,-0.4555330012924969,1.5375810096251996e-06,0.2,0.0003,-0.014310674741864204,6.344866706058383e-05,0.0034099934,,
735232,1050,700,-15.35,54.5,359,3580,0.053173828125,-0.3163156509399414,-0.4158793851733208,4.333942453804695e-08,0.2,0.0003,-0.01109998393803835,-0.007538945686246734,0.007223642,,
737280,1053,700,-15.481000000000002,55.81,360,3590,0.030615234375,-0.7124079465866089,-0.3824064876884222,3.979204747928122e-08,0.2,0.0003,-0.0038385449443012476,-0.0010608596945530734,0.0028646393,,
739328,1056,700,-15.572000000000001,56.72,361,3600,0.05341796875,-7.24581241607666,-0.3828737232834101,1.2537248346156105e-06,0.2,0.0003,-0.01348924171179533,-0.002829039747302886,0.002795294,,
740000,,,,,,3610,0.031298828125,-7.7242021560668945,-0.36299618389457466,1.5882190396609985e-06,0.2,0.0003,-0.0036222157068550587,-0.001293813051597681,0.003543661,-16.580000000000002,66.8
741376,1059,700,-15.686999999999998,57.87,362,,,,,,,,,,,,
743424,1061,700,-15.754000000000001,58.54,363,3620,0.011962890625,-8.205266952514648,-0.36755840983241794,1.3512893293210482e-08,0.2,0.0003,-0.006105872802436352,-0.0009064853336894884,0.001371698,,
745472,1064,700,-15.76,58.6,364,3630,0.036181640625,-5.084159851074219,-0.3959629789926112,2.4059545511434522e-08,0.2,0.0003,-0.014692745171487331,-0.00011184152972418815,0.0025227624,,
747520,1067,700,-15.788999999999998,58.89,365,3640,0.014501953125,-6.684706687927246,-0.3716962220147252,9.015568376291583e-08,0.2,0.0003,-0.0025829211808741093,-0.0019543744303518905,0.0023299097,,
749568,1070,700,-15.856000000000002,59.56,366,3650,0.020751953125,-3.8203110694885254,-0.3681446944363415,1.6744694007364557e-06,0.2,0.0003,-0.004728747997432947,-0.0022861636243760586,0.0015553823,,
750000,,,,,,3660,0.00556640625,-9.348169326782227,-0.3549123415723443,1.4557260730185817e-08,0.2,0.0003,-0.004769906401634216,-0.0007715383602771908,0.0009784272,-17.26,73.6
751616,1073,699,-15.977,60.77,367,,,,,,,,,,,,
753664,1076,699,-16.089000000000002,61.89,368,3670,0.039111328125,-9.888313293457031,-0.35024138577282427,4.167496364315682e-06,0.2,0.0003,-0.009924239479005337,0.0002431311586406082,0.0030186768,,
755712,1079,699,-16.038,61.38,369,3680,0.03515625,0.20605504512786865,-0.3673804525285959,8.334895658101971e-08,0.2,0.0003,-0.0040165819227695465,-0.0009515473007922992,0.0034729722,,
757760,1082,699,-15.963,60.63,370,3690,0.05185546875,0.7326003313064575,-0.37051068264991044,1.619955725118416e-08,0.2,0.0003,0.005595015361905098,-0.002220780812785961,0.0054674,,
759808,1085,699,-15.804,59.04,371,3700,0.073193359375,0.6725712418556213,-0.39677370274439455,7.824734416006506e-06,0.2,0.0003,-0.019306786358356476,0.0005105919291963801,0.0050318423,,
760000,,,,,,3710,0.0095703125,-0.06050550937652588,-0.3788137139752507,6.803334384741788e-09,0.2,0.0003,-0.008788932114839554,-0.0017097285715863108,0.0011011767,-16.34,64.4
761856,1088,699,-15.733999999999996,58.34,372,,,,,,,,,,,,
763904,1091,699,-15.650000000000002,57.5,373,3720,0.02646484375,-2.6516592502593994,-0.39592739995568993,1.4046453689076089e-08,0.2,0.0003,-0.005315233953297138,-0.0008986444183392451,0.0021834543,,
765952,1094,699,-15.556000000000001,56.56,374,3730,0.071044921875,-5.12747859954834,-0.4252610353752971,7.650266509173775e-09,0.2,0.0003,0.056009769439697266,-0.0017816281819250436,0.007562219,,
768000,1097,699,-15.426000000000002,55.26,375,3740,0.04072265625,-7.665510177612305,-0.40202703876420853,9.902960762531165e-09,0.2,0.0003,0.0025692014023661613,0.0002447146805934608,0.0054539843,,
770000,,,,,,3750,0.0423828125,-2.0496909618377686,-0.3562252799980342,3.0383798499400426e-08,0.2,0.0003,-0.010724607855081558,-0.001759411180682946,0.0067217983,-15.7,58.0
770048,1100,699,-15.341999999999999,54.42,376,,,,,,,,,,,,
772096,1103,699,-15.344000000000001,54.44,377,3760,0.011669921875,0.05688273906707764,-0.3451415908522904,4.699757353954226e-07,0.2,0.0003,-8.598963177064434e-05,-0.002411672669404652,0.0015809673,,
774144,1106,699,-15.395,54.95,378,3770,0.0138671875,0.6080794930458069,-0.3340766532346606,1.3798681302468196e-06,0.2,0.0003,-0.005276711191982031,-0.0020817887474549935,0.0017461098,,
776192,1109,699,-15.482000000000001,55.82,379,3780,0.031982421875,0.29389190673828125,-0.33712300201877954,1.3218468546405405e-07,0.2,0.0003,-0.010068461298942566,-0.0005863401194801555,0.0013810495,,
778240,1112,699,-15.543,56.43,380,3790,0.013232421875,0.26613444089889526,-0.34899051366373895,5.206075290864476e-08,0.2,0.0003,-0.005822929088026285,0.00065797181596281,0.00023725764,,
780000,,,,,,3800,0.03466796875,-0.11567544937133789,-0.34053611718118193,8.921364166525336e-07,0.2,0.0003,-0.002621027873829007,-0.000900952285155654,0.0006520569,-16.58,66.8
780288,1115,699,-15.573999999999998,56.74,381,,,,,,,,,,,,
782336,1118,699,-15.602000000000002,57.02,382,3810,0.034521484375,-2.1259279251098633,-0.33701603673398495,4.468820469671897e-07,0.2,0.0003,0.005984456744045019,0.00023618659906787798,0.0018880414,,
784384,1121,699,-15.565000000000003,56.65,383,3820,0.00859375,0.11868786811828613,-0.35793380308896305,1.4319195336121026e-07,0.2,0.0003,-0.0049571809358894825,-0.0008417127100983635,0.0014964798,,
786432,1124,699,-15.557000000000002,56.57,384,3830,0.0697265625,0.46713459491729736,-0.39729288620874287,1.0496711815299875e-06,0.2,0.0003,-0.025301696732640266,-0.002523643075255677,0.009843358,,
788480,1127,699,-15.514,56.14,385,3840,0.027490234375,-0.46305227279663086,-0.4103761542588472,5.498216659738375e-08,0.2,0.0003,-0.003874952206388116,0.0012152687733760104,0.0031263735,,
790000,,,,,,3850,0.014404296875,-5.545687675476074,-0.4021292898803949,2.0813357012983145e-06,0.2,0.0003,-0.0036504638846963644,-0.0012608976918272673,0.003164078,-15.940000000000001,60.4
790528,1130,699,-15.496000000000002,55.96,386,,,,,,,,,,,,
792576,1133,699,-15.483000000000002,55.83,387,3860,0.007421875,-8.472845077514648,-0.42112667290493844,7.018143977077785e-09,0.2,0.0003,-0.004088668152689934,-0.0012320642330450938,0.0012374385,,
794624,1135,699,-15.475,55.75,388,3870,0.02080078125,-2.2072508335113525,-0.413707431498915,5.04504625187252e-08,0.2,0.0003,-0.0008187718922272325,-0.00015452731458935886,0.0012948787,,
796672,1138,699,-15.549000000000001,56.49,389,3880,0.083056640625,-3.1303725242614746,-0.41377938389778135,2.926438630979078e-07,0.2,0.0003,0.004706599283963442,-0.0031591872684657574,0.008270005,,
798720,1141,699,-15.611999999999998,57.12,390,3890,0.01962890625,-2.3043129444122314,-0.4183089515194297,2.7657687531323914e-07,0.2,0.0003,-0.0018353794002905488,-0.0025556664855685084,0.0029083933,,
800000,,,,,,3900,0.01044921875,-0.3041539192199707,-0.4176540588028729,4.270173707254798e-06,0.2,0.0003,-0.00471939891576767,-0.00038509210280608387,0.001418201,-16.580000000000002,66.8
800768,1145,699,-15.666999999999998,57.67,391,,,,,,,,,,,,
802816,1148,699,-15.701,58.01,392,3910,0.017529296875,0.4889673590660095,-0.3960587391629815,1.9885991164869667e-08,0.2,0.0003,-0.009047560393810272,-0.004682135247276164,0.002250451,,
804864,1150,699,-15.732000000000001,58.32,393,3920,0.0169921875,0.5193782448768616,-0.3957591064274311,4.679615575042817e-08,0.2,0.0003,-0.011249294504523277,-0.002917895842983853,0.0026242398,,
806912,1153,699,-15.838,59.38,394,3930,0.0138671875,0.5912131071090698,-0.38512041317299006,1.2834857319177217e-07,0.2,0.0003,-0.003812765469774604,-0.004514225183811504,0.001832837,,
808960,1156,699,-15.943000000000001,60.43,395,3940,0.02109375,-0.6687130928039551,-0.36316933976486326,5.656852524182909e-08,0.2,0.0003,7.079810893628746e-05,-0.0014979493324062787,0.002845014,,
810000,,,,,,3950,0.0279296875,-4.957569599151611,-0.36444175280630586,7.484947182057055e-08,0.2,0.0003,-0.0009691861923784018,-0.0015060349076520651,0.0019785715,-17.14,72.4
811008,1159,699,-16.105,62.05,396,,,,,,,,,,,,
813056,1162,699,-16.283,63.83,397,3960,0.028125,-6.438307285308838,-0.354859952442348,3.4314468857488123e-06,0.2,0.0003,0.014551919884979725,-0.00032732398831285535,0.0016770621,,
815104,1165,699,-16.36,64.6,398,3970,0.035302734375,-3.7097301483154297,-0.3876396143808961,8.892589455911093e-08,0.2,0.0003,6.027374547556974e-05,0.0009765099035575986,0.0041714595,,
817152,1168,699,-16.351,64.51,399,3980,0.013330078125,-2.049560070037842,-0.34769726954400537,1.4418751792533158e-08,0.2,0.0003,0.006496185902506113,-0.002032269425399136,0.0018853891,,
819200,1171,699,-16.337000000000003,64.37,400,3990,0.010693359375,-0.5244643688201904,-0.3437379581853747,2.769041182215659e-06,0.2,0.0003,-0.00023962357954587787,-0.0015909340654616244,0.0013853186,,
820000,,,,,,4000,0.0259765625,0.028437137603759766,-0.3272311185486615,1.4311519302978581e-08,0.2,0.0003,-0.010155120864510536,-0.0018172390453401021,0.0044089626,-18.58,86.8
821248,1174,698,-16.444000000000003,65.44,401,,,,,,,,,,,,
823296,1177,698,-16.707,68.07,402,4010,0.017578125,-0.2853602170944214,-0.31213725921697916,1.324427278959206e-08,0.2,0.0003,-0.009451593272387981,-0.0007994504208909348,0.0015009968,,
825344,1180,698,-16.93,70.3,403,4020,0.01123046875,-1.744678258895874,-0.2902712960261852,1.7623161832069912e-07,0.2,0.0003,0.00046057687723077834,-0.0017132642911747097,0.0010269893,,
827392,1183,698,-17.164,72.64,404,4030,0.026416015625,-6.513566017150879,-0.288808567263186,1.10581645351715e-07,0.2,0.0003,-0.007201415486633778,-0.000529285627999343,0.0026512393,,
829440,1186,698,-17.166,72.66,405,4040,0.031005859375,-2.031829595565796,-0.27862735791131854,4.096016716204076e-06,0.2,0.0003,0.006663694512099028,-0.0007022464473266154,0.0021544185,,
830000,,,,,,4050,0.039111328125,-1.1346561908721924,-0.2622385308612138,1.037565287020925e-08,0.2,0.0003,0.00021502870367839932,-0.003076112931012176,0.0033600945,-18.559999999999995,86.6
831488,1189,698,-17.122,72.22,406,,,,,,,,,,,,
833536,1192,698,-17.191,72.91,407,4060,0.013671875,-2.601663827896118,-0.25317672747187314,7.353541642274308e-09,0.2,0.0003,-0.0030231212731450796,-0.0010900427994783967,0.0009004947,,
835584,1195,698,-17.299999999999997,74.0,408,4070,0.02197265625,-1.9081602096557617,-0.2414821193087846,1.3155558065136574e-08,0.2,0.0003,-0.002438326831907034,-0.001142394526686985,0.0015836774,,
837632,1198,698,-17.475999999999996,75.76,409,4080,0.026708984375,-6.662289142608643,-0.23845357056707145,1.1265328052623147e-07,0.2,0.0003,-0.0033050552010536194,-0.0005049540079198778,0.002262081,,
839680,1201,698,-17.621000000000002,77.21,410,4090,0.04375,-0.061308979988098145,-0.2528263047337532,3.7967386492088194e-06,0.2,0.0003,-0.0005570300272665918,-0.0017959318269276992,0.00449725,,
840000,,,,,,4100,0.0552734375,0.7401549816131592,-0.2662102732341737,1.4925452860303778e-07,0.2,0.0003,0.0014795336173847318,-0.0027428503875853495,0.004267644,-18.68,87.8
841728,1204,698,-17.579,76.79,411,,,,,,,,,,,,
843776,1207,698,-17.458,75.58,412,4110,0.01513671875,0.8542932271957397,-0.2791154347360134,3.6425198173262175e-07,0.2,0.0003,-0.005785730667412281,-0.0005935434746788815,0.0011233826,,
845824,1210,698,-17.272000000000002,73.72,413,4120,0.033349609375,0.7451757192611694,-0.29202613276429473,1.6168011991446462e-07,0.2,0.0003,-0.006962962914258242,-0.002298372201039456,0.001381198,,
847872,1213,698,-17.09,71.9,414,4130,0.064501953125,0.7494253516197205,-0.2869616888463497,2.7269436864152397e-07,0.2,0.0003,-0.009201574139297009,-0.0012075420847395435,0.0030974955,,
849920,1216,698,-16.802,69.02,415,4140,0.032275390625,0.5325455665588379,-0.30633739931508897,6.6511676777292195e-06,0.2,0.0003,-0.03251403942704201,-0.0010361787804868071,0.003275555,,
850000,,,,,,4150,0.01494140625,-1.5926437377929688,-0.2916822597850114,5.5148872224464186e-08,0.2,0.0003,0.003189207287505269,9.059773437911645e-05,0.0029550116,-17.48,75.8
851968,1219,698,-16.762000000000004,68.62,416,,,,,,,,,,,,
854016,1222,698,-16.497,65.97,417,4160,0.036474609375,-2.2816359996795654,-0.3172028012573719,1.66888764141504e-08,0.2,0.0003,-0.006018581334501505,-0.0010697639285353945,0.0046685706,,
856064,1225,698,-16.320000000000004,64.2,418,4170,0.052978515625,-6.86103630065918,-0.30257768421433867,5.414895243305295e-09,0.2,0.0003,-0.015439403243362904,-0.0026912606379482897,0.0053357403,,
858112,1227,698,-16.287999999999997,63.88,419,4180,0.01103515625,-4.416231632232666,-0.2840280209667981,7.598658058327601e-09,0.2,0.0003,-0.004934301599860191,-0.0022825228777946906,0.0012607785,,
860000,,,,,,4190,0.02763671875,-5.373887538909912,-0.2859058931004256,2.0971941605552048e-08,0.2,0.0003,-0.008133101277053356,-0.0004364487904240377,0.0038523965,-18.560000000000002,86.6
860160,1231,698,-16.358999999999998,64.59,420,,,,,,,,,,,,
862208,1234,698,-16.45,65.5,421,4200,0.007177734375,-3.814903736114502,-0.27901498251594603,3.008752606614706e-07,0.2,0.0003,-0.004120269790291786,4.207970196148381e-05,0.00054997124,,
864256,1236,698,-16.529,66.29,422,4210,0.02021484375,-4.632849216461182,-0.28175759096629915,4.262560744372479e-07,0.2,0.0003,-0.0010881229536607862,0.0005037816910771653,0.0006754874,,
866304,1239,698,-16.466,65.66,423,4220,0.01201171875,-1.069258689880371,-0.2644798470661044,6.483626085795891e-07,0.2,0.0003,-0.007172861602157354,3.0420722032431514e-05,0.0014181171,,
868352,1242,698,-16.392000000000003,64.92,424,4230,0.03935546875,-0.09429502487182617,-0.26782008437439797,1.9801545680042666e-06,0.2,0.0003,-0.00914009753614664,-0.0013205313705839216,0.0037310831,,
870000,,,,,,4240,0.03486328125,0.7827558517456055,-0.27462674300186335,2.9804038547798227e-06,0.2,0.0003,-0.0150253064930439,-0.0026823719061212616,0.0025172443,-17.02,71.2
870400,1245,698,-16.193,62.93,425,,,,,,,,,,,,
872448,1248,698,-16.070999999999998,61.71,426,4250,0.052294921875,-0.6083861589431763,-0.2851678450126201,2.5519220412384416e-07,0.2,0.0003,-0.008306819945573807,0.0007614697591634467,0.007168739,,
874496,1251,698,-15.895,59.95,427,4260,0.01728515625,-1.8946151733398438,-0.29196234052069486,1.4587083940753586e-08,0.2,0.0003,-0.0011419372167438269,0.00023417590418830513,0.0002072915,,
876544,1254,698,-15.91,60.1,428,4270,0.042333984375,-0.1609642505645752,-0.2909392394125462,7.3456838833863e-09,0.2,0.0003,0.0042707184329628944,-0.00010883176437346265,0.0021748063,,
878592,1257,698,-15.888999999999996,59.89,429,4280,0.025439453125,-1.823054313659668,-0.28211675812490283,2.5677609243324185e-07,0.2,0.0003,0.012658119201660156,0.0001694204271188937,0.004341808,,
880000,,,,,,4290,0.0150390625,-1.9077837467193604,-0.27117383647710086,2.1066110278411544e-08,0.2,0.0003,-0.012972922064363956,-0.0003029878469533287,0.002523787,-16.86,69.6
880640,1260,698,-15.909,60.09,430,,,,,,,,,,,,
882688,1262,698,-15.895999999999999,59.96,431,4300,0.011962890625,-6.405223846435547,-0.2625989199616015,5.033215719318918e-07,0.2,0.0003,-0.012913301587104797,-0.0010251564104692078,0.0007573925,,
884736,1265,698,-15.952000000000004,60.52,432,4310,0.01591796875,-0.21396231651306152,-0.2666208808775991,1.7197078877373428e-06,0.2,0.0003,-0.011134573258459568,-0.001609734835801646,0.0010214375,,
886784,1268,698,-16.069999999999997,61.7,433,4320,0.020751953125,0.3332948684692383,-0.2631166067905724,2.3710565404400087e-07,0.2,0.0003,-0.0034584866371005774,-0.0021312702301656827,0.0018257503,,
888832,1271,698,-16.212,63.12,434,4330,0.035498046875,-0.6194908618927002,-0.2605883370153606,4.7560356475351284e-07,0.2,0.0003,-0.006057052873075008,-0.0014995432400610297,0.0032626544,,
890000,,,,,,4340,0.02841796875,0.37545329332351685,-0.2581245524343103,2.4935267508574555e-06,0.2,0.0003,-0.002544030314311385,-0.00311342591594439,0.0023899926,-18.119999999999997,82.2
890880,1274,698,-16.340999999999998,64.41,435,,,,,,,,,,,,
892928,1277,698,-16.652,67.52,436,4350,0.019140625,0.3900151252746582,-0.2613114619627595,1.2131099547119106e-08,0.2,0.0003,-0.005761283449828625,-0.0020332274114480244,0.0010685803,,
894976,1280,699,-16.751,68.51,437,4360,0.022998046875,0.3535429835319519,-0.2713077066000551,5.0072830282132943e-08,0.2,0.0003,-0.002951325150206685,-7.32414293452166e-05,0.0016966433,,
897024,1283,699,-17.023999999999997,71.24,438,4370,0.048974609375,-1.576542615890503,-0.2669864502269775,2.159804859402925e-07,0.2,0.0003,0.00047947221901267767,-0.0023587259667692704,0.006041617,,
899072,1286,699,-17.154,72.54,439,4380,0.026171875,-4.234666347503662,-0.2711727543734014,2.5006992210307998e-08,0.2,0.0003,-0.003260057419538498,-0.0006808319099945948,0.0011212133,,
900000,,,,,,4390,0.03212890625,-2.1995816230773926,-0.2776152862701565,5.888507821349975e-07,0.2,0.0003,-0.0013782450696453452,-0.00027253466978436334,0.0038985335,-18.82,89.2
901120,1289,699,-17.155,72.55,440,,,,,,,,,,,,
903168,1291,699,-17.183000000000003,72.83,441,4400,0.01337890625,-4.528180122375488,-0.2601791838183999,4.468120113898522e-08,0.2,0.0003,0.004398635122925043,-0.0003057325928239152,0.001422999,,
905216,1294,699,-17.181000000000004,72.81,442,4410,0.0455078125,-0.6632214784622192,-0.2831321058329195,1.1254501945057172e-06,0.2,0.0003,-0.004875545855611563,-7.704081654082983e-05,0.0029198646,,
907264,1297,699,-17.178,72.78,443,4420,0.014013671875,-0.567779541015625,-0.2701755808200687,2.4108059903937827e-08,0.2,0.0003,-0.0069051035679876804,-0.0003852697875117883,0.0013970034,,
909312,1300,699,-17.198,72.98,444,4430,0.005029296875,-0.43794214725494385,-0.26651755603961647,1.6267841704831198e-07,0.2,0.0003,-0.0010409846436232328,0.0002722854929743335,0.0017982065,,
910000,,,,,,4440,0.0333984375,0.2531263828277588,-0.2996618670877069,2.1504601405819555e-06,0.2,0.0003,-0.006568958051502705,-0.0016098371241241693,0.003537996,-18.779999999999998,88.8
911360,1303,699,-17.026,71.26,445,,,,,,,,,,,,
913408,1305,699,-16.784000000000002,68.84,446,4450,0.044677734375,0.7332128882408142,-0.3162326357327402,2.084875405650166e-08,0.2,0.0003,-0.011725679971277714,-0.0017767589481081814,0.0060850005,,
915456,1308,699,-16.654,67.54,447,4460,0.035498046875,0.7898364663124084,-0.32591815758496523,3.1847924786276846e-08,0.2,0.0003,-0.006877395790070295,-0.0007673205662285909,0.004616981,,
917504,1311,699,-16.626,67.26,448,4470,0.046240234375,0.6581612229347229,-0.331545093562454,5.041500532154686e-07,0.2,0.0003,-0.008138304576277733,-0.0015428307437105105,0.006246908,,
919552,1313,699,-16.828,69.28,449,4480,0.010546875,0.1622510552406311,-0.32494156397879126,7.284680187957804e-07,0.2,0.0003,0.002244159346446395,-0.0022697896900353955,0.0014511485,,
920000,,,,,,4490,0.066015625,-2.502326011657715,-0.32056462578475475,1.911608057625358e-07,0.2,0.0003,0.0011962385615333915,-0.0034922660837764853,0.0061500035,-18.54,86.4
921600,1316,699,-16.957,70.57,450,,,,,,,,,,,,
923648,1319,700,-17.123,72.23,451,4500,0.008447265625,-1.3456215858459473,-0.3096990218851715,4.6192699030278563e-07,0.2,0.0003,-0.005532422102987766,-0.00022993547026999294,0.0010105087,,
925696,1322,700,-17.031999999999996,71.32,452,4510,0.014306640625,-0.5784032344818115,-0.3303810987621546,1.844738036549387e-06,0.2,0.0003,-0.0033690049313008785,-0.0005584514859947376,0.0013453526,,
927744,1324,700,-16.905,70.05,453,4520,0.0087890625,-0.0735325813293457,-0.31322742318734526,1.8633501319698097e-08,0.2,0.0003,-0.0018000670243054628,-0.0006603149944567121,0.0011655344,,
929792,1327,700,-16.887999999999998,69.88,454,4530,0.015966796875,0.3072112202644348,-0.30432563270442187,2.1439021580249572e-08,0.2,0.0003,0.0013936565956100821,-0.0005689490368240513,0.0019391783,,
930000,,,,,,4540,0.007568359375,-0.2979699373245239,-0.32082645925693215,1.5340662771201607e-07,0.2,0.0003,-0.009830604307353497,-0.0007397138106171042,0.0011344675,-18.339999999999996,84.4
931840,1330,700,-16.724,68.24,455,,,,,,,,,,,,
933888,1333,700,-16.599,66.99,456,4550,0.107177734375,0.523134708404541,-0.38083416782319546,8.763324958582786e-07,0.2,0.0003,-0.005231570452451706,-0.0026084759840159675,0.016950402,,
935936,1335,700,-16.358,64.58,457,4560,0.1048828125,0.3262060284614563,-0.3979331309907138,5.845099564361078e-08,0.2,0.0003,0.005035181064158678,-0.0019791695289313794,0.006965787,,
937984,1338,700,-16.303,64.03,458,4570,0.0083984375,-0.02839517593383789,-0.377917620446533,1.4571117298078916e-06,0.2,0.0003,-0.004301007837057114,-0.0007914106448879465,0.0004861792,,
940000,,,,,,4580,0.123681640625,-0.6403331756591797,-0.39596997778862714,7.58724345573114e-09,0.2,0.0003,-0.0113100316375494,-0.0005778634309535846,0.004614751,-18.78,88.8
940032,1341,700,-16.223,63.23,459,,,,,,,,,,,,
942080,1343,700,-16.187,62.87,460,4590,0.01181640625,-0.4601689577102661,-0.3836099631153047,1.5180734957986886e-07,0.2,0.0003,-0.003328571794554591,-0.0001169319759355858,0.00082899095,,
944128,1346,701,-16.174999999999997,62.75,461,4600,0.026318359375,-3.8700966835021973,-0.38352837357670067,8.545597633524693e-07,0.2,0.0003,0.001975330524146557,-0.0005779083032393828,0.004153225,,
946176,1349,701,-16.232000000000003,63.32,462,4610,0.016943359375,-0.25044703483581543,-0.35792864905670285,6.710708310819769e-07,0.2,0.0003,-0.008654698729515076,-0.0014109984767856076,0.003248783,,
948224,1352,701,-16.301,64.01,463,4620,0.02802734375,0.13930916786193848,-0.36167854377999903,1.6883995467509295e-06,0.2,0.0003,-0.005421355366706848,-0.003802141372580081,0.0036739162,,
950000,,,,,,4630,0.018017578125,0.7359071373939514,-0.35038500828668473,4.0770766425168857e-07,0.2,0.0003,0.008373777382075787,-0.003326336949248798,0.0013763213,-18.840000000000003,89.4
950272,1355,701,-16.479,65.79,464,,,,,,,,,,,,
952320,1357,701,-16.750000000000004,68.5,465,4640,0.037939453125,0.7361284494400024,-0.3335170648992062,8.951053955819078e-08,0.2,0.0003,-0.006254904437810183,-0.0036174628970911727,0.0033711756,,
954368,1360,701,-17.141000000000002,72.41,466,4650,0.030908203125,0.6120379567146301,-0.3239192958455533,8.698285149932872e-08,0.2,0.0003,0.006018094252794981,-0.0018482859217328952,0.0028302157,,
956416,1363,701,-17.354999999999997,74.55,467,4660,0.02919921875,0.48517465591430664,-0.27723051719367503,7.717512868765653e-08,0.2,0.0003,-0.0030145980417728424,-0.003899485476722475,0.0027399976,,
958464,1366,701,-17.668999999999997,77.69,468,4670,0.02099609375,-0.2637796401977539,-0.3124125837814063,1.5776816423507257e-06,0.2,0.0003,-0.003918242175132036,-0.0011911650217371061,0.001602221,,
960000,,,,,,4680,0.01533203125,0.11391210556030273,-0.28667450570501385,1.645107099434995e-08,0.2,0.0003,0.0005178714054636657,-0.0017962887097382918,0.0019566708,-20.56,106.6
960512,1369,701,-17.979,80.79,469,,,,,,,,,,,,
962560,1371,701,-18.016000000000002,81.16,470,4690,0.022802734375,0.07840663194656372,-0.2655978558119386,1.2335276040609243e-07,0.2,0.0003,-0.010612699203193188,-0.0034238348656799645,0.0016285158,,
964608,1374,701,-18.215999999999998,83.16,471,4700,0.0296875,-1.2870631217956543,-0.27320241620764135,3.0898158194236913e-06,0.2,0.0003,0.0003858031705021858,-0.0034007257359917275,0.0017405348,,
966656,1377,701,-18.375999999999998,84.76,472,4710,0.012255859375,-2.952646493911743,-0.25713889645412563,1.8084215414049253e-08,0.2,0.0003,0.005088913254439831,1.3552699238061905e-05,0.0013494885,,
968704,1379,702,-18.507999999999996,86.08,473,4720,0.017626953125,-1.847034215927124,-0.23933788607828319,1.4020858429830695e-08,0.2,0.0003,0.0003539743192959577,-0.0004175889043835923,0.0016921372,,
970000,,,,,,4730,0.053564453125,-2.1681947708129883,-0.26691417121328415,1.3948297020061062e-06,0.2,0.0003,-0.014122338965535164,-0.001948944153264165,0.0049114972,-22.0,121.0
970752,1382,701,-18.7,88.0,474,,,,,,,,,,,,
972800,1385,702,-18.802,89.02,475,4740,0.01533203125,-2.385704278945923,-0.276251036580652,1.6746346753748753e-06,0.2,0.0003,-0.007372485939413309,0.00039063064323272554,0.0013724915,,
974848,1388,702,-18.953999999999997,90.54,476,4750,0.01376953125,-1.4761285781860352,-0.2725641463883221,1.6021686942924163e-06,0.2,0.0003,0.003348039695993066,8.118154946714639e-05,0.0008653774,,
976896,1391,702,-18.8,89.0,477,4760,0.023583984375,-0.11700570583343506,-0.2659950216766447,1.2654150614466175e-06,0.2,0.0003,-2.061215491266921e-05,-0.0012174896080978214,0.0015902519,,
978944,1393,702,-18.658000000000005,87.58,478,4770,0.026123046875,0.7207606434822083,-0.2880137830041349,4.669549216629321e-07,0.2,0.0003,0.015558293089270592,-0.0011058718373533338,0.0024975082,,
980000,,,,,,4780,0.017529296875,0.8190125823020935,-0.29803241370245814,3.3114771178510696e-07,0.2,0.0003,-0.011503783985972404,-0.0011090190004324541,0.0018454478,-21.300000000000004,114.0
980992,1397,702,-18.46,85.6,479,,,,,,,,,,,,
983040,1399,702,-18.051000000000002,81.51,480,4790,0.046533203125,0.8566490411758423,-0.3204932468943298,3.948171309886561e-07,0.2,0.0003,-0.0010655276710167527,-0.0014576791785657407,0.0055716345,,
985088,1402,702,-17.715,78.15,481,4800,0.114208984375,0.7513139247894287,-0.3383897511754185,8.012236367704872e-08,0.2,0.0003,0.012496644631028175,-0.004471275277319364,0.01729968,,
987136,1405,702,-17.119,72.19,482,4810,0.036083984375,0.6502156257629395,-0.3694246394559741,3.1269214661566734e-06,0.2,0.0003,-0.014588745310902596,0.0007760883469018154,0.0023353845,,
989184,1407,702,-16.671999999999997,67.72,483,4820,0.034375,0.4422730803489685,-0.3918744551949203,1.1132374533318056e-08,0.2,0.0003,-0.011960073374211788,0.0008146492647938431,0.005444515,,
990000,,,,,,4830,0.1474609375,-0.08806180953979492,-0.42791711827740075,2.8130386731106683e-08,0.2,0.0003,-0.028898561373353004,-0.001989075419260189,0.0131958695,-18.68,87.8
991232,1410,702,-16.25,63.5,484,,,,,,,,,,,,
993280,1413,702,-16.120999999999995,62.21,485,4840,0.028466796875,-0.8656843900680542,-0.4389210058376193,3.114038649165707e-08,0.2,0.0003,-0.0036343217361718416,-0.0018012706364970653,0.0016294734,,
995328,1416,702,-15.934999999999997,60.35,486,4850,0.01962890625,-3.3082938194274902,-0.42907266756519674,1.537382134042531e-07,0.2,0.0003,-0.013138512149453163,-0.004689560615224764,0.0019085807,,
997376,1419,702,-15.901999999999997,60.02,487,4860,0.03955078125,0.036716997623443604,-0.4216861682012677,5.035325565927451e-06,0.2,0.0003,-0.0031681344844400883,-0.003394941016449593,0.0038067808,,
999424,1421,702,-15.868000000000002,59.68,488,4870,0.04326171875,0.7394005060195923,-0.4308721492998302,6.579061366807082e-08,0.2,0.0003,-0.021492326632142067,-0.0037717841274570673,0.0042575607,,
1000000,,,,,,4880,0.029150390625,0.7307565212249756,-0.4413650693371892,5.90605138128808e-08,0.2,0.0003,-0.007207222282886505,-0.0017438456561649218,0.0065957285,-17.1,72.0
1001472,1424,702,-15.698,57.98,489,,,,,,,,,,,,
