time/iterations,time/fps,time/time_elapsed,rollout/ep_rew_mean,time/total_timesteps,rollout/ep_len_mean,train/n_updates,train/value_loss,train/clip_range,train/policy_gradient_loss,train/clip_fraction,train/loss,train/entropy_loss,train/approx_kl,train/learning_rate,train/explained_variance,eval/mean_ep_length,eval/mean_reward
1,993,2,-15.257894736842104,2048,53.578947368421055,,,,,,,,,,,,
2,840,4,-15.243421052631575,4096,53.43421052631579,10,6.606258258223534,0.2,-0.0001639650872675702,0.0,0.942772626876831,-0.6928904438391328,0.0006338984,0.0003,0.020922183990478516,,
3,807,7,-15.279999999999998,6144,53.8,20,0.6425030742073432,0.2,-0.005460088601103053,0.06123046875,0.03427193686366081,-0.6864599598571658,0.017031321,0.0003,0.8247018456459045,,
4,795,10,-15.356,8192,54.56,30,0.15916843406448605,0.2,-0.001021895679878071,0.005078125,0.007353520952165127,-0.6704716125503183,0.0041567003,0.0003,0.8703519701957703,,
,,,,10000,,40,0.05738856600655708,0.2,-0.006386263913009315,0.083935546875,-0.03205960988998413,-0.6280045723542571,0.013149717,0.0003,0.528303861618042,45.0,-14.4
5,779,13,-15.554,10240,56.54,,,,,,,,,,,,
6,779,15,-15.684,12288,57.84,50,0.025708701538678724,0.2,-0.0004667571483878419,0.001416015625,-0.029756896197795868,-0.6303249942138791,0.0035008346,0.0003,0.34977543354034424,,
7,776,18,-15.819,14336,59.19,60,0.009178258947576979,0.2,-0.0053332326264353466,0.071337890625,0.014195767231285572,-0.5910035511478782,0.011735869,0.0003,-0.1280200481414795,,
8,773,21,-15.948,16384,60.48,70,0.003960453392392082,0.2,-0.005237429006956518,0.02255859375,0.0006008166819810867,-0.5355272483080625,0.004946849,0.0003,0.27263307571411133,,
9,775,23,-16.257,18432,63.57,80,0.0019011432257684646,0.2,-0.004456405020027887,0.019482421875,-0.011040451936423779,-0.5028597657568753,0.004296794,0.0003,0.1044425368309021,,
,,,,20000,,90,0.0018764063132039154,0.2,-0.008051668990810867,0.075,-0.024009214714169502,-0.4385919432155788,0.005910477,0.0003,0.3815464377403259,45.0,-14.4
10,771,26,-16.665,20480,67.65,,,,,,,,,,,,
11,770,29,-17.342,22528,74.42,100,0.002349413758747687,0.2,-0.010713452596974093,0.12529296875,-0.018460527062416077,-0.3733352625742555,0.007890353,0.0003,0.44265371561050415,,
12,772,31,-18.211,24576,83.11,110,0.0029836400670319565,0.2,-0.008986027189530432,0.084912109375,-0.003629150800406933,-0.3058596085757017,0.011600038,0.0003,0.6297761797904968,,
13,772,34,-18.955000000000002,26624,90.55,120,0.004280342126367032,0.2,-0.008092683016730006,0.06650390625,6.500980816781521e-05,-0.2786000088788569,0.006355062,0.0003,0.47209715843200684,,
14,772,37,-19.815000000000005,28672,99.15,130,0.008914435115002561,0.2,-0.011938620696309955,0.0734375,-0.03446817770600319,-0.26657165349461137,0.013787465,0.0003,0.03223210573196411,,
,,,,30000,,140,0.0012878139038548398,0.2,-0.003616231093474198,0.04921875,-0.02874893508851528,-0.2521605004556477,0.012441352,0.0003,0.5668795108795166,45.0,-14.4
15,769,39,-20.78,30720,108.8,,,,,,,,,,,,
16,770,42,-21.807999999999996,32768,119.08,150,0.00029533079919019656,0.2,-0.006034130239277147,0.053857421875,0.006005056668072939,-0.20018316549248993,0.0028613037,0.0003,0.7955470681190491,,
17,770,45,-22.727000000000004,34816,128.27,160,0.00021338826752526074,0.2,-0.0036487784120254217,0.036181640625,-0.016032781451940536,-0.22329262243583797,0.0018653262,0.0003,0.8104332089424133,,
18,770,47,-23.606000000000005,36864,137.06,170,0.00013058496518851824,0.2,-0.003460111284221057,0.04130859375,-0.0089785261079669,-0.21745563726872205,0.002547766,0.0003,0.8246293663978577,,
19,770,50,-24.233000000000008,38912,143.33,180,0.00010568834568402963,0.2,-0.005714155751047656,0.043359375,-0.01480565220117569,-0.20888546160422267,0.0043734084,0.0003,0.7821594476699829,,
,,,,40000,,190,6.385660972227925e-05,0.2,-0.012183117939275689,0.05693359375,-0.006817599292844534,-0.20360483918339015,0.018143792,0.0003,0.6748168468475342,158.6,-25.76
20,763,53,-25.272999999999996,40960,153.73,,,,,,,,,,,,
21,762,56,-25.277,43008,153.77,200,0.00015886281207713182,0.2,-0.004772805809625425,0.039013671875,0.010770358145236969,-0.18938077832572162,0.018200032,0.0003,0.14879029989242554,,
22,762,59,-24.948999999999998,45056,150.49,210,3.0944395305709804e-05,0.2,-0.005232419405365363,0.03330078125,-0.0068682534620165825,-0.17411907194182277,0.0042810733,0.0003,0.5335431098937988,,
23,762,61,-25.073999999999998,47104,151.74,220,5.520764390780642e-05,0.2,-0.00045823004038538786,0.0123046875,0.015184808522462845,-0.16219429546035827,0.0020057056,0.0003,0.19831478595733643,,
24,762,64,-23.97,49152,140.7,230,5.7024288958018586e-05,0.2,-0.0028320302371867,0.033935546875,-0.0026172080542892218,-0.17395663266070188,0.003235965,0.0003,0.47006046772003174,,
,,,,50000,,240,3.406638441845189e-05,0.2,-0.002672410078230314,0.021142578125,0.0036699227057397366,-0.16354951614048333,0.0012454422,0.0003,0.3492668867111206,45.0,-14.4
25,761,67,-21.691000000000003,51200,117.91,,,,,,,,,,,,
26,760,70,-20.291,53248,103.91,250,2.8864345051715645e-05,0.2,-0.0010051521399873308,0.01611328125,0.0006647449336014688,-0.11617574170231819,0.001231266,0.0003,0.4915958642959595,,
27,759,72,-20.111000000000004,55296,102.11,260,4.551549311031522e-05,0.2,-0.0002063323714537546,0.012841796875,-0.007770109921693802,-0.14037921954877675,0.0020635575,0.0003,0.31342965364456177,,
28,759,75,-17.844000000000005,57344,79.44,270,2.7187506671566552e-05,0.2,-0.003935804218053817,0.022998046875,-0.0028064625803381205,-0.12186025164555758,0.0011841569,0.0003,0.5026296377182007,,
29,759,78,-17.804000000000006,59392,79.04,280,1.86015021000685e-05,0.2,-0.0017129616724560037,0.0078125,0.0027691791765391827,-0.08078196222195402,0.00054745283,0.0003,0.2385159134864807,,
,,,,60000,,290,1.9704502179251904e-05,0.2,-0.0007700329297222197,0.01259765625,-0.000862283690366894,-0.09081822647713125,0.0006029089,0.0003,0.18201619386672974,45.0,-14.4
30,758,80,-15.962000000000005,61440,60.62,,,,,,,,,,,,
31,758,83,-16.672000000000004,63488,67.72,300,1.1895266967343332e-05,0.2,0.00035551543696783484,0.015478515625,-0.0038793322164565325,-0.05186701301281573,0.0074176705,0.0003,-0.4674485921859741,,
32,759,86,-17.098000000000003,65536,71.98,310,1.5695663327619515e-05,0.2,-0.003312728420132771,0.023388671875,-0.0064011518843472,-0.12058661393821239,0.0032790783,0.0003,-0.27634572982788086,,
33,760,88,-17.666,67584,77.66,320,1.2636349711669937e-05,0.2,-0.0008113099000183865,0.009326171875,-0.00839723739773035,-0.11557670864276588,0.0009999353,0.0003,-0.1587141752243042,,
34,761,91,-18.660000000000004,69632,87.6,330,2.2807293900939386e-05,0.2,-0.003408227235195227,0.02021484375,-0.0039505744352936745,-0.1251839506207034,0.0011180158,0.0003,-0.5326780080795288,,
,,,,70000,,340,1.1436364705730284e-05,0.2,-0.0023155563772888853,0.012109375,-0.0020482412073761225,-0.10682482989504934,0.0010114718,0.0003,0.14054512977600098,45.0,-14.4
35,760,94,-19.228,71680,93.28,,,,,,,,,,,,
36,761,96,-19.228000000000005,73728,93.28,350,2.071406938881637e-05,0.2,-0.00303761096438393,0.017333984375,0.002962560160085559,-0.09964864277280867,0.0015416259,0.0003,-0.17517757415771484,,
37,761,99,-19.086000000000002,75776,91.86,360,1.123895499546279e-05,0.2,-0.0032422480639070273,0.016943359375,-0.00926526915282011,-0.12041955396998674,0.0012018383,0.0003,0.19455420970916748,,
38,761,102,-19.086000000000002,77824,91.86,370,7.134258873264798e-06,0.2,-0.002753039452363737,0.0134765625,-0.004825224634259939,-0.07067463933490217,0.0010991462,0.0003,0.17627441883087158,,
39,761,104,-19.370000000000005,79872,94.7,380,2.95393839735425e-05,0.2,-0.004393969364173245,0.01923828125,0.0038312070537358522,-0.11849175319075585,0.0012709366,0.0003,-0.19084429740905762,,
,,,,80000,,390,9.973522708150995e-06,0.2,-0.0036627982888603585,0.02041015625,-0.005768612027168274,-0.12060717844869942,0.00170926,0.0003,-0.5193880796432495,45.0,-14.4
40,761,107,-18.660000000000004,81920,87.6,,,,,,,,,,,,
41,761,110,-18.660000000000004,83968,87.6,400,9.96218542184124e-06,0.2,0.0013486807045410387,0.015576171875,-0.0014132172800600529,-0.06489465999766253,0.0023065289,0.0003,-0.2079683542251587,,
42,761,112,-17.524000000000004,86016,76.24,410,4.755419043078746e-06,0.2,-0.0006242052942980081,0.01435546875,0.0012146218214184046,-0.07270204246160575,0.00097165036,0.0003,0.1083756685256958,,
43,762,115,-16.956000000000003,88064,70.56,420,1.7639372454425484e-05,0.2,0.0018477704317774624,0.010400390625,-0.00022343984164763242,-0.08352158593479544,0.0032521165,0.0003,-0.7701712846755981,,
,,,,90000,,430,1.7014621560917932e-05,0.2,0.000516313269326929,0.009716796875,-0.003407788462936878,-0.08718386782566086,0.0007680764,0.0003,-0.22175312042236328,45.0,-14.4
44,761,118,-16.956000000000003,90112,70.56,,,,,,,,,,,,
45,762,120,-16.814000000000007,92160,69.14,440,8.614676707452417e-06,0.2,0.0013154291518731043,0.015771484375,-0.014178790152072906,-0.09099798781098797,0.0022093286,0.0003,-0.014423012733459473,,
46,762,123,-16.104000000000006,94208,62.04,450,4.44476296976859e-06,0.2,0.0007597270639962516,0.01005859375,0.01849733665585518,-0.06472696578130126,0.0014411847,0.0003,-1.541745901107788,,
47,762,126,-16.672000000000004,96256,67.72,460,4.00764494159489e-06,0.2,-0.005591147126688156,0.028173828125,-0.023068055510520935,-0.06632418013177813,0.0068542855,0.0003,-0.14364194869995117,,
48,763,128,-16.672000000000004,98304,67.72,470,2.0313357756052142e-05,0.2,-0.00047960495576262476,0.01787109375,0.0020902964752167463,-0.11260077360784634,0.001182429,0.0003,-0.3107943534851074,,
,,,,100000,,480,9.280765692665226e-06,0.2,-0.0012338273401837796,0.015673828125,-0.009706810116767883,-0.07538252373924478,0.002493787,0.0003,0.34524911642074585,101.8,-20.080000000000005
49,761,131,-17.524000000000004,100352,76.24,,,,,,,,,,,,
50,762,134,-17.808000000000003,102400,79.08,490,1.5489235512688992e-05,0.2,-0.00015019315760582684,0.0580078125,-0.03696814924478531,-0.10842377663357183,0.018560417,0.0003,0.4483898878097534,,
51,762,137,-17.240000000000006,104448,73.4,500,2.6086137522618456e-05,0.2,0.0023415271687554197,0.01650390625,0.0031158379279077053,-0.06552032989566214,0.0026825815,0.0003,0.7431590557098389,,
52,762,139,-16.956000000000003,106496,70.56,510,4.7227733112720214e-06,0.2,-0.0013470146688632667,0.04033203125,-0.032275889068841934,-0.09866557569475845,0.0025572702,0.0003,0.6080455780029297,,
53,762,142,-17.382,108544,74.82,520,6.067163965184363e-06,0.2,-0.0009478636929998174,0.02109375,-0.0023628845810890198,-0.10938734617084264,0.0022719656,0.0003,0.4872605800628662,,
,,,,110000,,530,4.785424548714446e-06,0.2,0.001025301666231826,0.020263671875,-0.01021689735352993,-0.09664355622371659,0.0016031602,0.0003,-0.04432690143585205,73.4,-17.240000000000002
54,761,145,-18.233999999999998,110592,83.34,,,,,,,,,,,,
55,762,147,-18.944000000000006,112640,90.44,540,0.0001475273740826566,0.2,0.0010833084656042048,0.041796875,0.014960275031626225,-0.13760086346883327,0.002642355,0.0003,0.03612428903579712,,
56,762,150,-19.228,114688,93.28,550,2.041472047409343e-06,0.2,-0.0007912699686130509,0.0185546875,0.019273141399025917,-0.10927306920057163,0.0007867137,0.0003,-0.4087561368942261,,
57,762,153,-19.228,116736,93.28,560,2.291373451512868e-06,0.2,-0.0003478394661215134,0.028173828125,-0.007618389092385769,-0.09830208360217511,0.0025268286,0.0003,0.17330610752105713,,
58,762,155,-17.950000000000003,118784,80.5,570,2.370529743345173e-06,0.2,0.0009712360799312592,0.02763671875,6.629023118875921e-05,-0.1368256194284186,0.004776823,0.0003,0.1605224609375,,
,,,,120000,,580,1.6342735285057586e-06,0.2,0.001793406394426711,0.0169921875,-0.01281354296952486,-0.05931012640357949,0.0044946107,0.0003,-0.620566725730896,73.4,-17.240000000000002
59,761,158,-17.808000000000003,120832,79.08,,,,,,,,,,,,
60,761,161,-17.524000000000004,122880,76.24,590,1.3762920140081292e-05,0.2,0.0018133793084416539,0.024853515625,0.00024906900944188237,-0.10910931597463787,0.0013891746,0.0003,0.03980296850204468,,
61,761,164,-16.956000000000003,124928,70.56,600,3.3233811073074546e-05,0.2,-0.0001928933648741804,0.013134765625,-0.00398113951086998,-0.10552078344626352,0.0015792171,0.0003,0.338453471660614,,
62,761,166,-18.092000000000002,126976,81.92,610,1.5013861755619474e-06,0.2,0.0002284430622239597,0.010595703125,0.005119453649967909,-0.055588285461999475,0.0011597651,0.0003,0.06003415584564209,,
63,762,169,-16.814000000000007,129024,69.14,620,6.598855239658974e-06,0.2,-0.0015101126686204226,0.0201171875,-0.013722313567996025,-0.13354556828271597,0.00093466317,0.0003,0.28806304931640625,,
,,,,130000,,630,7.664126209228073e-07,0.2,0.001079896537703462,0.018994140625,0.0009287204593420029,-0.06401130141457542,0.0054285573,0.0003,0.3337972164154053,73.4,-17.240000000000002
64,761,172,-17.098000000000003,131072,71.98,,,,,,,,,,,,
65,762,174,-17.382,133120,74.82,640,7.373044996938915e-06,0.2,-0.0020709590608021244,0.01533203125,-0.008187615312635899,-0.07867297399789094,0.0020884606,0.0003,0.047061383724212646,,
66,762,177,-17.95,135168,80.5,650,4.703228843006002e-06,0.2,0.0009361440010252408,0.018115234375,-0.000167878795764409,-0.09866117002675309,0.0011444716,0.0003,-0.0978693962097168,,
67,762,180,-19.086000000000002,137216,91.86,660,4.9674647941699845e-06,0.2,-0.0006111058712122031,0.022509765625,-0.005124705843627453,-0.11875610275892541,0.0035356872,0.0003,-0.8209646940231323,,
68,761,182,-19.228000000000005,139264,93.28,670,7.312154342908883e-05,0.2,0.0020583513090969064,0.02138671875,-0.0025668516755104065,-0.12419373043812812,0.0011720352,0.0003,-0.18416225910186768,,
,,,,140000,,680,1.5455435187661237e-06,0.2,-0.0012187333282781764,0.025390625,0.0015468919882550836,-0.1054801060585305,0.0016828752,0.0003,-0.779670000076294,73.4,-17.240000000000002
69,760,185,-19.654000000000007,141312,97.54,,,,,,,,,,,,
70,759,188,-18.518000000000004,143360,86.18,690,2.473472260078324e-06,0.2,0.00039334062021225693,0.017431640625,-0.0019298773258924484,-0.08553550775395706,0.0013066484,0.0003,-0.10276925563812256,,
71,759,191,-17.240000000000006,145408,73.4,700,7.132302778600774e-06,0.2,0.0015611765411449596,0.029052734375,-0.011211042292416096,-0.0667929491319228,0.0047790455,0.0003,-0.21793031692504883,,
72,760,193,-16.672000000000008,147456,67.72,710,5.1917419080460545e-05,0.2,0.0008499331685015932,0.021875,0.01174277625977993,-0.06892988861654885,0.003104541,0.0003,-0.20168781280517578,,
73,759,196,-16.388000000000005,149504,64.88,720,1.1770842493596945e-06,0.2,-0.00046959942555986346,0.016748046875,-0.00044334473204798996,-0.0846830703667365,0.0007083036,0.0003,-0.24495995044708252,,
,,,,150000,,730,8.2126680398531e-07,0.2,0.00263135302811861,0.01552734375,0.007720228284597397,-0.0569441270083189,0.0012363808,0.0003,-0.1157078742980957,45.0,-14.4
74,759,199,-16.246000000000006,151552,63.46,,,,,,,,,,,,
75,759,202,-16.104000000000006,153600,62.04,740,6.608011221320709e-07,0.2,0.0012980008730664849,0.009326171875,-0.006070733070373535,-0.06461993988486939,0.0019881073,0.0003,-0.5714839696884155,,
76,759,204,-16.672000000000008,155648,67.72,750,3.0527182748496526e-05,0.2,0.002654766522755381,0.0166015625,0.022675011307001114,-0.07802376835606992,0.0013841636,0.0003,-0.3529289960861206,,
77,759,207,-17.382000000000005,157696,74.82,760,7.063248069982819e-07,0.2,-0.0011030883077182807,0.014208984375,0.006941909436136484,-0.0844572906033136,0.0014296267,0.0003,-0.25110721588134766,,
78,759,210,-17.666000000000007,159744,77.66,770,9.368259634712217e-07,0.2,0.0017372949223499745,0.038623046875,-0.018384281545877457,-0.10770746276248247,0.008802614,0.0003,-0.525322675704956,,
,,,,160000,,780,1.4198829493494714e-06,0.2,0.00029750134563073517,0.016650390625,-0.0075610727071762085,-0.09596818253630772,0.00238114,0.0003,-0.4216628074645996,45.0,-14.4
79,758,213,-16.814000000000007,161792,69.14,,,,,,,,,,,,
80,758,215,-15.962000000000005,163840,60.62,790,1.3725999405611589e-05,0.2,5.358773341868073e-05,0.009228515625,-0.01266118511557579,-0.03545530677365605,0.0027543828,0.0003,-0.8509900569915771,,
81,758,218,-14.968000000000007,165888,50.68,800,2.081655226060519e-06,0.2,0.002381998862256296,0.01708984375,0.0046193553134799,-0.0338727116213704,0.0063868733,0.0003,0.08894187211990356,,
82,758,221,-14.684000000000005,167936,47.84,810,1.8437827286277298e-06,0.2,0.0018460357008734719,0.007470703125,-0.010064960457384586,-0.024911182040159473,0.00029259984,0.0003,0.30605578422546387,,
83,758,224,-14.684000000000005,169984,47.84,820,1.5112024416730207e-06,0.2,-0.00012754214549204335,0.0056640625,0.0005048455786891282,-0.02495371303666616,0.0003537375,0.0003,0.4913434386253357,,
,,,,170000,,830,8.21476377055319e-07,0.2,4.7062445082701744e-05,0.0072265625,-0.0007618737290613353,-0.018360260941335582,0.0006730559,0.0003,0.4410136342048645,45.0,-14.4
84,757,226,-15.252000000000002,172032,53.52,,,,,,,,,,,,
85,757,229,-15.394000000000007,174080,54.94,840,3.4660509550121786e-05,0.2,0.0004282856607460417,0.019091796875,-0.006901068612933159,-0.07107775174663403,0.0024588292,0.0003,0.2486467957496643,,
86,757,232,-15.394000000000005,176128,54.94,850,2.2988090899289658e-06,0.2,-0.001267473420011811,0.009716796875,-0.010055865161120892,-0.028482990215707105,0.0018607506,0.0003,-1.3365635871887207,,
87,756,235,-14.968000000000004,178176,50.68,860,4.473144670447127e-06,0.2,0.019963647628901526,0.01650390625,-0.0038659959100186825,-0.027253903170230843,0.021772362,0.0003,0.39970600605010986,,
,,,,180000,,870,7.541260677701445e-07,0.2,0.011831724311923609,0.0341796875,0.01975775696337223,-0.06271278405329213,0.0057295375,0.0003,-0.48334670066833496,45.0,-14.4
88,756,238,-15.536000000000003,180224,56.36,,,,,,,,,,,,
89,756,240,-16.104000000000006,182272,62.04,880,1.8258744325372334e-05,0.2,0.0010615693267027383,0.01630859375,0.012157702818512917,-0.10159330975729972,0.0020731948,0.0003,-0.10128152370452881,,
90,755,243,-16.672000000000004,184320,67.72,890,1.3157306465227946e-06,0.2,0.002656398338149302,0.015576171875,-0.008505349978804588,-0.07088550144108012,0.0026841876,0.0003,-0.44625067710876465,,
91,755,246,-16.814000000000007,186368,69.14,900,2.333307161350717e-06,0.2,0.0019227443102863618,0.022216796875,0.004853866063058376,-0.13294131900183856,0.0023501446,0.0003,-0.47418057918548584,,
92,755,249,-17.098000000000003,188416,71.98,910,0.00017519102650886964,0.2,8.653491095174104e-05,0.013330078125,0.007062200456857681,-0.05836581985349767,0.0024896823,0.0003,-0.3185235261917114,,
,,,,190000,,920,7.032144851315536e-07,0.2,0.0009911829663906246,0.03671875,-0.01803584396839142,-0.09331315261078998,0.0030406052,0.0003,-0.4360407590866089,45.0,-14.4
93,754,252,-16.388000000000005,190464,64.88,,,,,,,,,,,,
94,754,255,-15.536000000000008,192512,56.36,930,3.3689106371248556e-07,0.2,-0.0018583943514386193,0.008740234375,0.0014784939121454954,-0.03455517602560576,0.0011970984,0.0003,-1.1639246940612793,,
95,754,257,-14.968000000000007,194560,50.68,940,3.4297454400977754e-07,0.2,0.001834750483976677,0.009716796875,0.06215134263038635,-0.028795848889785702,0.0012000094,0.0003,-1.180633544921875,,
96,754,260,-14.826000000000006,196608,49.26,950,3.226143865830977e-07,0.2,0.0004881944740191102,0.010546875,-0.006131060421466827,-0.02933961578710296,0.0012346948,0.0003,-0.4935905933380127,,
97,754,263,-15.110000000000007,198656,52.1,960,3.8361556380372975e-07,0.2,0.002690309809986502,0.01513671875,-6.455220136558637e-05,-0.042186976672383025,0.0015583634,0.0003,-0.05139446258544922,,
,,,,200000,,970,3.9980178727638816e-07,0.2,0.0006866801195428707,0.00859375,-0.00950738787651062,-0.03958862118015531,0.0007161168,0.0003,-1.1110601425170898,45.0,-14.4
98,754,265,-15.394000000000007,200704,54.94,,,,,,,,,,,,
99,754,268,-15.394000000000004,202752,54.94,980,5.034487831956369e-07,0.2,-0.0010312008555047214,0.014990234375,0.01968584954738617,-0.058639324828982355,0.001309468,0.0003,0.13903671503067017,,
100,754,271,-15.820000000000004,204800,59.2,990,3.6846443323135247e-06,0.2,0.0026080673385877164,0.0212890625,-0.009542294777929783,-0.05077020784665365,0.0031657126,0.0003,-0.041054606437683105,,
101,755,273,-15.678000000000006,206848,57.78,1000,4.4470943084018446e-06,0.2,-0.0004564994131214917,0.018701171875,0.017637208104133606,-0.06949735010275618,0.0026885062,0.0003,0.012176156044006348,,
102,755,276,-15.678000000000004,208896,57.78,1010,0.0001306589090214416,0.2,0.0015225378490868024,0.014013671875,-0.011785243637859821,-0.05420381882286165,0.001708472,0.0003,-1.5608899593353271,,
,,,,210000,,1020,3.4022841357561615e-07,0.2,0.00425322480732575,0.0220703125,-0.006791353691369295,-0.05275239527691156,0.0036895936,0.0003,-0.7792419195175171,45.0,-14.4
103,755,279,-15.962000000000005,210944,60.62,,,,,,,,,,,,
104,754,282,-15.536000000000008,212992,56.36,1030,3.533250904297347e-07,0.2,0.0016433245458756574,0.01552734375,0.0009361022966913879,-0.08684360263869166,0.00096126937,0.0003,-0.9879037141799927,,
105,754,284,-14.684000000000005,215040,47.84,1040,2.8805849079382994e-07,0.2,-0.0018616530753206462,0.0107421875,-0.007013757713139057,-0.016061659584283915,0.001675227,0.0003,-2.084768056869507,,
106,754,287,-14.400000000000007,217088,45.0,1050,2.619753236565714e-07,0.2,-0.000783774911542423,0.00126953125,-0.001204996951855719,-0.0010278592093222016,0.000118587195,0.0003,-1.9788496494293213,,
107,753,291,-14.400000000000007,219136,45.0,1060,2.4605251538467596e-07,0.2,-1.8408405594527722e-06,0.0,1.51728087871561e-07,-0.0002894089037406289,9.662472e-09,0.0003,-1.5244667530059814,,
,,,,220000,,1070,2.322665338283514e-07,0.2,-1.3140233932062983e-07,0.0,-1.2120329984099953e-06,-0.00014871026826193123,2.910383e-10,0.0003,-1.5987417697906494,45.0,-14.4
108,752,294,-14.542000000000007,221184,46.42,,,,,,,,,,,,
109,751,297,-14.542000000000007,223232,46.42,1080,3.7702389431171215e-05,0.2,0.0009701780043542385,0.01162109375,0.0002519704576116055,-0.02385062442349799,0.0009408484,0.0003,0.283805251121521,,
110,751,299,-14.400000000000007,225280,45.0,1090,3.358942631592754e-07,0.2,-2.0744204812217502e-05,0.0,-9.621137451176764e-07,-0.00021166224473567752,9.679934e-08,0.0003,0.253643274307251,,
111,750,302,-14.684000000000005,227328,47.84,1100,2.127279226993295e-07,0.2,-7.543768879259005e-05,0.0,-8.378296479349956e-05,-0.0003237380837530779,7.0606184e-06,0.0003,0.24220561981201172,,
112,750,305,-15.110000000000007,229376,52.1,1110,4.7247312919829196e-07,0.2,0.007399471764802002,0.018505859375,-0.0013389678206294775,-0.04683533816423733,0.002233199,0.0003,-0.09766960144042969,,
,,,,230000,,1120,8.830118905782669e-05,0.2,0.009239324319059961,0.035498046875,0.026817554607987404,-0.07030336522147991,0.00797425,0.0003,-0.25589680671691895,45.0,-14.4
113,749,308,-15.962000000000007,231424,60.62,,,,,,,,,,,,
114,749,311,-16.388000000000005,233472,64.88,1130,1.105072608709179e-06,0.2,0.002282697957707569,0.041845703125,0.0025066076777875423,-0.12060752286342905,0.004873527,0.0003,-0.3009403944015503,,
115,749,314,-16.814000000000007,235520,69.14,1140,4.999833985497304e-07,0.2,0.0014534167930833064,0.01796875,-0.001428558025509119,-0.08696188445319422,0.0025170962,0.0003,-1.1596524715423584,,
116,749,317,-16.246000000000006,237568,63.46,1150,4.874792650877424e-07,0.2,0.0007726536699919961,0.019677734375,-0.004473260138183832,-0.07701465699938126,0.0015172587,0.0003,-1.2280890941619873,,
117,748,319,-16.24600000000001,239616,63.46,1160,3.8435584679419323e-07,0.2,0.0006652801326708868,0.010986328125,0.0016469324473291636,-0.04918865116196684,0.0011657195,0.0003,-0.6074118614196777,,
,,,,240000,,1170,1.1194307950512794e-05,0.2,-0.00208876143587986,0.017626953125,-0.02058129385113716,-0.06596892235102132,0.0015036504,0.0003,-0.9792972803115845,45.0,-14.4
118,748,322,-16.388,241664,64.88,,,,,,,,,,,,
119,748,325,-16.388000000000005,243712,64.88,1180,4.838950087737714e-07,0.2,0.001373372615489643,0.014697265625,0.002885393798351288,-0.09912854452850298,0.00081451645,0.0003,-0.359125018119812,,
120,748,328,-16.672000000000004,245760,67.72,1190,8.920434897863316e-07,0.2,0.00043606027611531317,0.020361328125,-0.0039537581615149975,-0.06840900992974638,0.0012813292,0.0003,-1.0916571617126465,,
121,748,331,-16.956000000000007,247808,70.56,1200,4.727271156523827e-06,0.2,-0.0008347691255039535,0.019970703125,-0.01369419228285551,-0.08222560024005361,0.004368766,0.0003,-0.6866869926452637,,
122,747,334,-16.956000000000003,249856,70.56,1210,9.582703884376542e-05,0.2,0.0018141798238502816,0.035400390625,-0.010871744714677334,-0.09765109054278583,0.0044092,0.0003,-0.0838780403137207,,
,,,,250000,,1220,1.268010935540076e-06,0.2,0.003148956147197168,0.033984375,0.010510452091693878,-0.09279011575854383,0.0040858686,0.0003,0.6370642781257629,73.4,-17.240000000000002
123,747,337,-17.666000000000004,251904,77.66,,,,,,,,,,,,
124,746,339,-17.382000000000005,253952,74.82,1230,7.9175590768088e-07,0.2,0.0018179452265030705,0.018603515625,0.035691093653440475,-0.10832659339066594,0.001747887,0.0003,0.6277444362640381,,
125,746,342,-17.666000000000004,256000,77.66,1240,8.108637881143466e-07,0.2,0.00169514148728922,0.0259765625,-0.0016384932678192854,-0.0971776076243259,0.0006297643,0.0003,0.445844829082489,,
126,746,345,-17.382000000000005,258048,74.82,1250,1.0492528429661974e-06,0.2,0.0010194863483775408,0.023974609375,-0.0037365220487117767,-0.06157262909109704,0.005081406,0.0003,0.3288593292236328,,
,,,,260000,,1260,0.00012865968053175081,0.2,0.0012452254013624042,0.03359375,0.04877334088087082,-0.09559627723647282,0.00206586,0.0003,0.3639199137687683,73.4,-17.240000000000002
127,746,348,-17.666000000000004,260096,77.66,,,,,,,,,,,,
128,746,351,-17.524000000000004,262144,76.24,1270,5.278799013019864e-07,0.2,0.0002198937931098044,0.022021484375,-0.005695795640349388,-0.13321978480089455,0.002049997,0.0003,0.061624109745025635,,
129,745,354,-18.092000000000002,264192,81.92,1280,4.5204096439377394e-07,0.2,0.00021471881191246212,0.02197265625,-0.0012373503996059299,-0.09398945710854605,0.0013190259,0.0003,-0.18904292583465576,,
130,745,356,-17.950000000000003,266240,80.5,1290,6.803786767761721e-07,0.2,-0.0006163151236250996,0.0376953125,-0.002320065163075924,-0.11917476069647819,0.007908948,0.0003,-0.23336434364318848,,
131,745,359,-16.814000000000007,268288,69.14,1300,9.260710836844766e-07,0.2,-0.00286434379813727,0.035693359375,0.03741832450032234,-0.08798141673905775,0.0029847664,0.0003,-0.2259995937347412,,
,,,,270000,,1310,1.5864893185391083e-06,0.2,0.0005331481792381964,0.01337890625,-0.004812014289200306,-0.0553023998363642,0.001814272,0.0003,-0.4313889741897583,73.4,-17.240000000000002
132,745,362,-15.820000000000007,270336,59.2,,,,,,,,,,,,
133,744,365,-15.252000000000008,272384,53.52,1320,0.0001041165655237819,0.2,0.00024361909308936446,0.018701171875,-0.008381201885640621,-0.04951512422558153,0.002926291,0.0003,-0.4396449327468872,,
134,744,368,-15.678000000000004,274432,57.78,1330,7.85890923395982e-06,0.2,0.0021023236418841406,0.01044921875,0.011873702518641949,-0.02215594446624891,0.0015122752,0.0003,-0.0013620853424072266,,
135,744,371,-15.962000000000005,276480,60.62,1340,9.18753775192016e-07,0.2,0.012509932290413417,0.051318359375,0.16154411435127258,-0.08074363163323142,0.03257763,0.0003,0.514765739440918,,
136,744,374,-16.53,278528,66.3,1350,1.4447637627590383e-06,0.2,0.0032952773181023076,0.020556640625,-0.0018322658725082874,-0.09289149807300419,0.0017728864,0.0003,0.6526709794998169,,
,,,,280000,,1360,8.699789942667735e-07,0.2,3.552401904016733e-05,0.016650390625,0.0005982137518003583,-0.07667835077736526,0.001722388,0.0003,0.5741826295852661,73.4,-17.240000000000002
137,744,376,-16.672000000000004,280576,67.72,,,,,,,,,,,,
138,744,379,-17.098000000000003,282624,71.98,1370,5.079813091057872e-07,0.2,-0.0001199508915306069,0.01708984375,0.003291528904810548,-0.051752633141586554,0.002707581,0.0003,0.5206301212310791,,
139,743,382,-16.956000000000007,284672,70.56,1380,5.77327311468423e-07,0.2,0.0004111479371204041,0.036572265625,-0.009438048116862774,-0.12490287917898968,0.013258147,0.0003,0.633437991142273,,
140,743,385,-17.666000000000004,286720,77.66,1390,8.194860080745769e-07,0.2,0.000473086662532296,0.02333984375,-0.009247959591448307,-0.06208082379307598,0.0016962037,0.0003,0.3294793367385864,,
141,743,388,-17.098000000000006,288768,71.98,1400,3.982953641301634e-06,0.2,1.436447782907635e-05,0.035791015625,-0.010827058926224709,-0.13409403108526022,0.0016662946,0.0003,0.23569703102111816,,
,,,,290000,,1410,2.76816255932566e-05,0.2,0.0005580363882472739,0.01025390625,0.009491683915257454,-0.04045640064287,0.00048126862,0.0003,0.3478313684463501,158.6,-25.76
142,742,391,-16.956000000000007,290816,70.56,,,,,,,,,,,,
143,742,394,-17.098000000000006,292864,71.98,1420,7.19066098042731e-07,0.2,0.004830398317426443,0.046484375,-0.015077618882060051,-0.13042704267427324,0.029028904,0.0003,0.5414665937423706,,
144,742,397,-17.240000000000006,294912,73.4,1430,8.183124410088283e-07,0.2,0.0012164926389232277,0.03466796875,-0.0030410001054406166,-0.10266410845797509,0.0027883057,0.0003,0.6562070846557617,,
145,742,400,-17.950000000000003,296960,80.5,1440,1.2400007532775702e-06,0.2,0.0001450028605177067,0.02109375,-0.011308692395687103,-0.08410030493978411,0.001994899,0.0003,0.6837998032569885,,
146,741,402,-17.527,299008,76.27,1450,7.343473233056841e-06,0.2,0.0015107850689673797,0.024365234375,-0.039516646414995193,-0.11876013561850414,0.0039162217,0.0003,0.4668843150138855,,
,,,,300000,,1460,7.223275541354824e-05,0.2,-0.003233143605757505,0.023046875,0.011463233269751072,-0.06788081043050624,0.0016235843,0.0003,0.4568559527397156,45.0,-14.4
147,741,405,-17.395000000000003,301056,74.95,,,,,,,,,,,,
148,741,408,-17.395000000000003,303104,74.95,1470,5.107536032777915e-07,0.2,0.0003438110084971413,0.022900390625,-0.0036567244678735733,-0.08051420974079519,0.0013480213,0.0003,0.15586000680923462,,
149,741,411,-17.537000000000003,305152,76.37,1480,5.979541828349255e-07,0.2,-0.0012280652765184641,0.030078125,-0.019428974017500877,-0.08624302943353541,0.004859727,0.0003,0.10065561532974243,,
150,741,414,-17.098000000000006,307200,71.98,1490,1.0258457504797037e-06,0.2,0.00015178296016529202,0.0265625,0.01662040501832962,-0.1041289213928394,0.0037135866,0.0003,0.10387885570526123,,
151,741,417,-16.956000000000003,309248,70.56,1500,8.295933108470876e-07,0.2,-0.0008209090592572466,0.01640625,-0.004561668261885643,-0.04864006781135686,0.0023538342,0.0003,-0.17963647842407227,,
,,,,310000,,1510,5.632723184767485e-06,0.2,0.0015569490278721787,0.0267578125,0.0038116807118058205,-0.08863954758271575,0.004278781,0.0003,-0.2782001495361328,73.4,-17.240000000000002
152,740,420,-17.240000000000006,311296,73.4,,,,,,,,,,,,
153,740,423,-17.098000000000006,313344,71.98,1520,1.694679991270931e-06,0.2,0.0018931687503936701,0.02568359375,-0.002027402864769101,-0.09770629529375582,0.0024716738,0.0003,0.20289760828018188,,
154,740,425,-17.808000000000003,315392,79.08,1530,1.8897156438324458e-06,0.2,0.0008018397231353447,0.021337890625,0.011430387385189533,-0.09253653062041849,0.0028302623,0.0003,0.14707297086715698,,
155,740,428,-17.950000000000003,317440,80.5,1540,7.2685674524564096e-06,0.2,-0.00041151638142764566,0.021533203125,-0.011883865110576153,-0.0958133021951653,0.001768812,0.0003,-0.36736011505126953,,
156,740,431,-17.524000000000004,319488,76.24,1550,1.189905097387367e-05,0.2,0.002003317727940157,0.0224609375,0.008533076383173466,-0.10926876568701119,0.0010802138,0.0003,-0.669569730758667,,
,,,,320000,,1560,9.15480908592059e-07,0.2,0.0016970886645140126,0.01875,-0.0022693041246384382,-0.07513554365141317,0.0012228088,0.0003,-0.6738122701644897,45.0,-14.4
157,740,434,-17.808000000000003,321536,79.08,,,,,,,,,,,,
158,740,437,-17.098000000000006,323584,71.98,1570,0.00040690364417859113,0.2,0.0002345229921047576,0.029248046875,-0.0052970536053180695,-0.09921670486219228,0.003963544,0.0003,-0.10180342197418213,,
159,740,440,-16.246000000000006,325632,63.46,1580,1.7952738327053907e-07,0.2,0.0013044550447375513,0.015625,-0.006197825539857149,-0.056651149614481255,0.001044506,0.0003,-1.9612221717834473,,
160,740,442,-15.110000000000007,327680,52.1,1590,1.5061030422813815e-07,0.2,0.002636207478644792,0.015087890625,0.0016955200117081404,-0.04311803606979083,0.0033258768,0.0003,-2.166684627532959,,
161,740,445,-14.968000000000007,329728,50.68,1600,1.361188048054629e-07,0.2,0.0012967381000635215,0.01103515625,-0.0051867845468223095,-0.021433676456217653,0.0024111634,0.0003,-1.7580344676971436,,
,,,,330000,,1610,1.492803447966651e-07,0.2,0.004993402410764247,0.016748046875,-0.00558032700791955,-0.028996838262537496,0.004638373,0.0003,-1.3016269207000732,45.0,-14.4
162,739,448,-14.684000000000005,331776,47.84,,,,,,,,,,,,
163,739,451,-14.400000000000007,333824,45.0,1620,1.316495283010255e-07,0.2,-0.0008199601346859708,0.000927734375,-0.00014943777932785451,-0.000403494692461695,5.3400465e-05,0.0003,-3.347480297088623,,
164,739,454,-14.400000000000007,335872,45.0,1630,1.3282503275036106e-07,0.2,-1.4758514589630068e-05,0.0,1.3026632217361112e-08,-0.00010762441495718103,4.202593e-08,0.0003,-2.445626974105835,,
165,739,457,-14.400000000000007,337920,45.0,1640,1.3143442281204898e-07,0.2,-4.848407115787268e-08,0.0,2.0153411384171704e-08,-5.577227503318974e-06,0.0,0.0003,-2.42623233795166,,
166,739,459,-14.400000000000007,339968,45.0,1650,1.3518411776658467e-07,0.2,-1.753386459313333e-06,0.0,-5.906691740165115e-07,-5.338398599885156e-05,1.4551915e-09,0.0003,-2.2447593212127686,,
,,,,340000,,1660,1.3043095266063175e-07,0.2,-2.2006279323250056e-07,0.0,5.022737781246178e-08,-2.9395064814547422e-05,5.820766e-11,0.0003,-1.914093017578125,45.0,-14.4
167,739,462,-14.400000000000007,342016,45.0,,,,,,,,,,,,
168,739,465,-14.400000000000007,344064,45.0,1670,1.351342090671892e-07,0.2,-6.79155346006155e-07,0.0,-7.461032680566859e-08,-3.6437386736778984e-05,2.3283064e-10,0.0003,-1.2236971855163574,,
169,739,468,-14.400000000000007,346112,45.0,1680,1.4230681615323705e-07,0.2,-9.351788321509957e-08,0.0,3.2509639424915804e-09,-6.719475156532345e-06,0.0,0.0003,-2.3198747634887695,,
170,739,471,-14.400000000000007,348160,45.0,1690,1.473799187134972e-07,0.2,-6.546761142089962e-08,0.0,7.796568723961173e-08,-5.433111028959161e-06,0.0,0.0003,-2.273879051208496,,
,,,,350000,,1700,2.0342062314604448e-07,0.2,-1.715117832645774e-07,0.0,-4.842654107051203e-06,-2.275298821599659e-05,1.1641532e-10,0.0003,-1.5152208805084229,45.0,-14.4
171,738,474,-14.400000000000007,350208,45.0,,,,,,,,,,,,
172,738,476,-14.400000000000007,352256,45.0,1710,2.3739488317353618e-07,0.2,-3.395965904928744e-07,0.0,3.9765794213053596e-08,-1.2968977096103433e-05,0.0,0.0003,-1.5113348960876465,,
173,738,479,-14.400000000000007,354304,45.0,1720,3.4355162945587383e-07,0.2,-6.294867489486933e-08,0.0,1.6397274293922237e-07,-4.194902004291818e-06,0.0,0.0003,-2.1708390712738037,,
174,738,482,-14.400000000000007,356352,45.0,1730,3.5644012994495713e-07,0.2,-9.233481250703335e-08,0.0,-2.176411157961411e-07,-5.198726457253448e-06,0.0,0.0003,-0.0260087251663208,,
175,737,485,-14.400000000000007,358400,45.0,1740,3.8574266985058615e-07,0.2,-1.4058896340429784e-07,0.0,-1.2061545930919237e-06,-1.1726247671938611e-05,1.4551915e-10,0.0003,-0.36883604526519775,,
,,,,360000,,1750,3.8810363531815997e-07,0.2,-1.581560354679823e-07,0.0,-1.5042186873870378e-07,-4.942504934006082e-06,1.1641532e-10,0.0003,-2.026777505874634,45.0,-14.4
176,737,488,-14.400000000000007,360448,45.0,,,,,,,,,,,,
177,737,491,-14.400000000000007,362496,45.0,1760,5.793121545583091e-07,0.2,-8.242204785346985e-09,0.0,8.303138798737564e-08,-3.1281308753001657e-06,0.0,0.0003,-0.442441463470459,,
178,737,494,-14.400000000000007,364544,45.0,1770,3.299262707479045e-07,0.2,-1.19532342068851e-07,0.0,1.1320890536126171e-07,-7.565651458510273e-06,0.0,0.0003,-2.0767176151275635,,
179,737,497,-14.400000000000007,366592,45.0,1780,4.729789439217313e-07,0.2,-1.871376298367977e-09,0.0,-2.4956371191819926e-08,-3.9517267254131565e-06,0.0,0.0003,-0.2727227210998535,,
180,736,500,-14.400000000000007,368640,45.0,1790,3.1751387683520706e-07,0.2,-9.802170097827912e-09,0.0,9.3840178294613e-08,-1.3828652591412133e-06,0.0,0.0003,-2.358412742614746,,
,,,,370000,,1800,3.831203786219817e-07,0.2,-1.3488897820934653e-07,0.0,-2.249497583761695e-06,-6.2987962383610764e-06,0.0,0.0003,-1.4509437084197998,45.0,-14.4
181,736,503,-14.400000000000007,370688,45.0,,,,,,,,,,,,
182,736,506,-14.400000000000007,372736,45.0,1810,4.1647092272611987e-07,0.2,-4.8324000090360644e-08,0.0,3.3469149229858886e-08,-4.359071690514108e-06,8.731149e-11,0.0003,-1.0684165954589844,,
183,736,508,-14.400000000000007,374784,45.0,1820,3.915379757302162e-07,0.2,-2.2804306354373692e-08,0.0,2.4076561544461583e-07,-5.358133386447646e-06,0.0,0.0003,-1.2147843837738037,,
184,736,511,-15.394,376832,54.94,1830,3.5532143547456487e-07,0.2,-0.011671370794647373,0.098486328125,-0.015361287631094456,-0.028347035227737016,0.57705045,0.0003,-0.47128117084503174,,
185,736,514,-16.522000000000002,378880,66.22,1840,0.00023649329419677122,0.2,0.02591883694403805,0.08916015625,-0.022955967113375664,-0.09238801985338796,0.026466176,0.0003,-0.09731805324554443,,
,,,,380000,,1850,3.873036662493945e-07,0.2,0.0004692597125540487,0.04736328125,0.0045770457945764065,-0.11662581228883936,0.0070300563,0.0003,0.30313557386398315,158.6,-25.76
186,735,517,-17.500000000000004,380928,76.0,,,,,,,,,,,,
187,735,520,-18.479000000000006,382976,85.79,1860,1.9734107072899577e-07,0.2,0.00128496992692817,0.03095703125,0.002381113590672612,-0.10788405704079196,0.008797916,0.0003,0.41406017541885376,,
188,735,523,-19.303000000000008,385024,94.03,1870,2.63475526640633e-07,0.2,0.0011667222919641063,0.029443359375,-0.01860792376101017,-0.13600512188859284,0.0024627028,0.0003,0.3262072205543518,,
189,735,526,-18.839000000000002,387072,89.39,1880,4.6945552791832765e-07,0.2,0.0034843374538468196,0.0333984375,0.01417367160320282,-0.15581441966351123,0.0027099517,0.0003,0.21741336584091187,,
190,735,529,-18.265000000000004,389120,83.65,1890,6.978403593649318e-07,0.2,-0.0017066035099560395,0.045166015625,-0.009596155025064945,-0.13429250416811556,0.005178489,0.0003,-2.157949924468994,,
,,,,390000,,1900,8.553574641201323e-06,0.2,-0.00281995459808968,0.027587890625,-0.011238208040595055,-0.0919477796764113,0.004013137,0.0003,-1.6483900547027588,45.0,-14.4
191,735,531,-18.412000000000006,391168,85.12,,,,,,,,,,,,
192,735,534,-17.962000000000003,393216,80.62,1910,9.582136343944115e-07,0.2,0.001476295033353381,0.04619140625,0.027043333277106285,-0.1459833906730637,0.007953765,0.0003,-0.734027624130249,,
193,735,537,-17.85000000000001,395264,79.5,1920,2.4839825278455406e-06,0.2,0.001347042151610367,0.021142578125,-0.00039441464468836784,-0.10883800530573354,0.0011759412,0.0003,0.010829448699951172,,
194,735,540,-17.267000000000007,397312,73.67,1930,1.2288064893439809e-05,0.2,0.0008680535043822602,0.0412109375,0.00650537945330143,-0.09754411947214976,0.004850137,0.0003,-0.650962233543396,,
195,735,543,-17.127000000000006,399360,72.27,1940,3.1242075612780694e-06,0.2,0.002425335382577032,0.02236328125,-0.005860442761331797,-0.07304897303692996,0.0041484265,0.0003,0.6421810388565063,,
,,,,400000,,1950,1.3638503867241525e-05,0.2,0.000774092783103697,0.0310546875,0.006676347926259041,-0.13091396944364533,0.0032084668,0.0003,0.4791112542152405,45.0,-14.4
196,734,546,-16.871000000000002,401408,69.71,,,,,,,,,,,,
197,734,549,-17.175000000000008,403456,72.75,1960,2.9390095588333054e-06,0.2,0.0027291819860693067,0.02314453125,-0.0025225041899830103,-0.09218715478200465,0.0021443423,0.0003,0.7763696908950806,,
198,734,552,-17.452000000000005,405504,75.52,1970,9.05942298460083e-05,0.2,0.0024671775638125835,0.026025390625,0.0027192593552172184,-0.12418813447002322,0.0016371022,0.0003,0.8383361101150513,,
199,734,554,-17.444000000000006,407552,75.44,1980,3.715452580266287e-07,0.2,0.0019182319287210704,0.02841796875,-0.01419195719063282,-0.1326560427201912,0.0017711087,0.0003,0.8127548694610596,,
200,734,557,-16.733000000000008,409600,68.33,1990,2.927379382011708e-07,0.2,0.00014713215932715684,0.043017578125,0.002520548412576318,-0.12620187853462994,0.005515473,0.0003,0.7321212291717529,,
,,,,410000,,2000,6.282403655077928e-07,0.2,0.0006186283499118872,0.01240234375,-0.000791311205830425,-0.08089364004554227,0.00063129584,0.0003,0.6802531480789185,73.4,-17.240000000000002
201,734,560,-16.338000000000008,411648,64.38,,,,,,,,,,,,
202,734,563,-15.791000000000007,413696,58.91,2010,3.73528195174444e-07,0.2,0.0024580660290666858,0.0205078125,-0.006758084055036306,-0.06276421536458657,0.000716506,0.0003,-0.23715484142303467,,
203,734,566,-15.802000000000007,415744,59.02,2020,0.0005907726002801539,0.2,0.012789533700561151,0.044921875,-0.005638600792735815,-0.09175579829607158,0.004992449,0.0003,0.16486823558807373,,
204,734,569,-16.08600000000001,417792,61.86,2030,1.6742631975930067e-06,0.2,0.006899435052764602,0.028466796875,-0.012745578773319721,-0.07657494540326297,0.013061602,0.0003,-0.15731704235076904,,
205,734,571,-16.518,419840,66.18,2040,7.000992696681863e-07,0.2,0.002334702218649909,0.020849609375,-0.0009946322534233332,-0.10418543645646423,0.0020782396,0.0003,-0.3264878988265991,,
,,,,420000,,2050,2.1575330917400492e-07,0.2,0.006742532165662851,0.035302734375,-0.00468293484300375,-0.10339540881104767,0.011957531,0.0003,-0.017281532287597656,45.0,-14.4
206,733,574,-17.368000000000002,421888,74.68,,,,,,,,,,,,
207,733,577,-17.937000000000005,423936,80.37,2060,2.3497064365329835e-07,0.2,0.0012036364030791446,0.024365234375,-0.011001132428646088,-0.12709901011548935,0.0029553315,0.0003,-0.4072299003601074,,
208,733,580,-17.642000000000007,425984,77.42,2070,1.6565936165058303e-07,0.2,0.0025356813392136248,0.027685546875,0.0006239984068088233,-0.11022518461104483,0.0032101902,0.0003,-0.5550800561904907,,
209,733,583,-17.786,428032,78.86,2080,1.4878564216225243e-07,0.2,-0.001631680130958557,0.01357421875,-0.014964141882956028,-0.08587172369589098,0.0015248554,0.0003,-0.15299832820892334,,
,,,,430000,,2090,1.1478490553606946e-07,0.2,0.0012890846817754209,0.023046875,0.003574745962396264,-0.13180302758701146,0.004767444,0.0003,-1.3209466934204102,73.4,-17.240000000000002
210,733,586,-17.627000000000006,430080,77.27,,,,,,,,,,,,
211,733,589,-17.487000000000005,432128,75.87,2100,4.78583810988642e-05,0.2,0.0002638635254697874,0.031005859375,0.03610435128211975,-0.105105562787503,0.0034260692,0.0003,-1.7460970878601074,,
212,733,592,-17.762000000000004,434176,78.62,2110,1.3764498200785625e-06,0.2,-0.0016518163320142776,0.042041015625,0.00029147174791432917,-0.12149500275263563,0.004630953,0.0003,-0.011616706848144531,,
213,733,594,-17.757,436224,78.57,2120,2.1897249773417117e-07,0.2,-0.0005047883518273011,0.030615234375,-0.0008227779762819409,-0.10005821110680699,0.0047273757,0.0003,0.6198474168777466,,
214,733,597,-16.923000000000005,438272,70.23,2130,1.4969967252476124e-07,0.2,0.00039194025157485157,0.023779296875,0.033680107444524765,-0.09897044635144994,0.0021001275,0.0003,0.5527222156524658,,
,,,,440000,,2140,2.8706714079884676e-05,0.2,-0.0015694589659688064,0.029736328125,-0.0225700531154871,-0.07777826418168843,0.00384016,0.0003,0.6169514060020447,101.8,-20.080000000000002
215,732,600,-17.341,440320,74.41,,,,,,,,,,,,
216,732,603,-16.925000000000004,442368,70.25,2150,2.261043425662024e-05,0.2,0.0007024976395769045,0.020654296875,-0.0016809914959594607,-0.1356826040195301,0.0014158175,0.0003,0.267005980014801,,
217,733,606,-17.063000000000006,444416,71.63,2160,2.225585290638321e-06,0.2,-0.0007378938229521736,0.028515625,-0.0012419340200722218,-0.09860070606810041,0.0031548485,0.0003,0.6407126784324646,,
218,732,609,-15.667000000000007,446464,57.67,2170,7.744428302203232e-07,0.2,0.001161622506333515,0.0376953125,0.0005974745727144182,-0.10808487009489909,0.004565115,0.0003,0.8710135221481323,,
219,732,611,-15.108000000000006,448512,52.08,2180,2.9943975818902404e-07,0.2,0.0003346168959978968,0.005810546875,-0.008893434889614582,-0.005398142208717616,0.0016429496,0.0003,0.7651591897010803,,
,,,,450000,,2190,2.2024302323453426e-05,0.2,0.0019779907655902208,0.023974609375,-0.011857996694743633,-0.04770802564889891,0.00069847424,0.0003,0.6812900900840759,45.0,-14.4
220,732,614,-14.966000000000008,450560,50.66,,,,,,,,,,,,
221,732,617,-14.825000000000006,452608,49.25,2200,3.177236715501408e-07,0.2,0.0027168058964889496,0.016552734375,-0.02362963743507862,-0.05074920374026988,0.00268996,0.0003,0.5141940116882324,,
222,732,620,-15.529000000000005,454656,56.29,2210,3.276300373666885e-07,0.2,-0.004742198548046872,0.024560546875,0.0072715673595666885,-0.04852367382554803,0.005548763,0.0003,0.4851456880569458,,
223,732,623,-15.814000000000005,456704,59.14,2220,2.069237054769246e-06,0.2,0.006752795531065203,0.03115234375,-0.015555568970739841,-0.09728998189093545,0.0014317965,0.0003,0.39188337326049805,,
224,733,625,-15.954000000000006,458752,60.54,2230,2.5334824491762832e-05,0.2,0.005203284732124303,0.020361328125,0.04726157709956169,-0.06840089499601162,0.0017866598,0.0003,0.18300193548202515,,
,,,,460000,,2240,3.2035484569092885e-06,0.2,0.001511132315499708,0.021484375,-0.01259858999401331,-0.053089883670327256,0.0038575907,0.0003,-0.3420068025588989,45.0,-14.4
225,732,628,-15.676000000000005,460800,57.76,,,,,,,,,,,,
226,732,631,-15.534000000000006,462848,56.34,2250,6.630387074979538e-06,0.2,0.004810098338930402,0.012353515625,-0.006356518715620041,-0.03885498559684493,0.0029173451,0.0003,0.5459295511245728,,
227,733,634,-16.246000000000006,464896,63.46,2260,3.4385828554306385e-06,0.2,0.0032747143355663865,0.015087890625,0.016491301357746124,-0.06090832777554169,0.0010600251,0.0003,0.35185664892196655,,
228,733,636,-16.672000000000004,466944,67.72,2270,1.8752831589807784e-07,0.2,0.0023346953603322618,0.021630859375,0.0031283556018024683,-0.14755203721579163,0.00097049144,0.0003,0.24320894479751587,,
229,733,639,-16.671000000000003,468992,67.71,2280,7.74734268556454e-05,0.2,0.0020159600433544258,0.018994140625,0.0026577378157526255,-0.06505730407079682,0.0026842146,0.0003,-0.18007659912109375,,
,,,,470000,,2290,4.130971766524994e-06,0.2,0.0038480336603242903,0.01845703125,0.002839689841493964,-0.07213054622407071,0.0011557152,0.0003,0.10625499486923218,101.8,-20.080000000000002
230,732,642,-16.245000000000005,471040,63.45,,,,,,,,,,,,
231,732,645,-16.671000000000006,473088,67.71,2300,2.7829393666856106e-05,0.2,0.002163839273271151,0.041259765625,-0.007992864586412907,-0.10208796181250364,0.006023572,0.0003,-0.6991946697235107,,
232,732,648,-16.672000000000004,475136,67.72,2310,1.5639276256251834e-07,0.2,0.002240594266913831,0.03388671875,-0.006364593282341957,-0.11434897566214204,0.008143437,0.0003,-0.3071519136428833,,
233,732,651,-16.956000000000003,477184,70.56,2320,1.0874546374495253e-07,0.2,0.003202488290844485,0.016064453125,0.0005169559153728187,-0.07466266823466867,0.0033762606,0.0003,-0.9722411632537842,,
234,733,653,-16.672000000000004,479232,67.72,2330,3.569963429761458e-07,0.2,0.0005779319966677576,0.0255859375,0.008188587613403797,-0.10957656758837402,0.0024248534,0.0003,-0.6805616617202759,,
,,,,480000,,2340,2.693178576773647e-06,0.2,0.002825239807134494,0.037353515625,-0.0023880284279584885,-0.08769223495619372,0.0040408242,0.0003,-0.5681078433990479,45.0,-14.4
235,732,656,-17.380000000000003,481280,74.8,,,,,,,,,,,,
236,732,659,-17.095000000000006,483328,71.95,2350,4.565611953957216e-05,0.2,-0.0039189154209452685,0.023583984375,-0.003663412993773818,-0.11275874439161271,0.0016266936,0.0003,-0.5167900323867798,,
237,732,662,-17.237000000000002,485376,73.37,2360,2.8933084550430976e-07,0.2,-0.0024758342071436344,0.01884765625,-0.014502134174108505,-0.08355618925997987,0.0020940928,0.0003,-0.6002069711685181,,
238,732,665,-17.379000000000005,487424,74.79,2370,1.8540591477655965e-06,0.2,0.0004367598157841712,0.025,-0.013172582723200321,-0.08548873529070988,0.003867799,0.0003,-0.9599134922027588,,
239,732,668,-16.814000000000007,489472,69.14,2380,2.883880593218535e-06,0.2,0.002873166455538012,0.021484375,0.013795502483844757,-0.11006536887725815,0.001542829,0.0003,-0.49918973445892334,,
,,,,490000,,2390,6.529636082008849e-06,0.2,-0.00045422198454616594,0.01640625,-0.019237365573644638,-0.08476761222118512,0.0014167328,0.0003,-0.3314019441604614,73.4,-17.240000000000002
240,732,670,-17.094,491520,71.94,,,,,,,,,,,,
241,732,673,-17.094000000000005,493568,71.94,2400,1.664548108220032e-05,0.2,0.0028643939571338707,0.0361328125,-0.01836489327251911,-0.13783290905412288,0.007309323,0.0003,0.27451586723327637,,
242,732,676,-17.236000000000004,495616,73.36,2410,1.6460809034235525e-05,0.2,0.001893737370846793,0.017919921875,0.011831196025013924,-0.09195633344352246,0.0028378272,0.0003,0.6334197521209717,,
243,732,679,-17.662000000000003,497664,77.62,2420,1.4353254451648922e-06,0.2,0.0003146683782688342,0.01533203125,0.0028963161166757345,-0.08537789764814079,0.0009882015,0.0003,0.6156725883483887,,
244,732,682,-18.092,499712,81.92,2430,1.716022208650969e-05,0.2,0.0028706495388178153,0.02294921875,0.050975993275642395,-0.11960658421739936,0.003984171,0.0003,0.5724400281906128,,
,,,,500000,,2440,8.648149234415924e-05,0.2,-0.002810781719745137,0.043359375,-0.012453028000891209,-0.133654595608823,0.004925334,0.0003,0.4860988259315491,73.4,-17.240000000000002
245,732,685,-17.808000000000007,501760,79.08,,,,,,,,,,,,
246,732,688,-18.416000000000004,503808,85.16,2450,1.3158825284520504e-06,0.2,0.003127975930692628,0.029150390625,0.004386238753795624,-0.10077414425322787,0.0019351892,0.0003,0.6307291984558105,,
247,732,690,-18.558000000000003,505856,86.58,2460,5.306442071972839e-07,0.2,0.0026589393586618827,0.022998046875,0.005306674633175135,-0.1422489168588072,0.0020151024,0.0003,0.7815004587173462,,
248,732,693,-17.990000000000006,507904,80.9,2470,5.62723928299036e-07,0.2,0.0010298274253727868,0.019775390625,-0.008059319108724594,-0.12417973314877599,0.0019797096,0.0003,0.7511179447174072,,
249,732,696,-18.558000000000003,509952,86.58,2480,5.350085217958878e-07,0.2,0.0002804160496452823,0.018408203125,0.0003390640194993466,-0.08932985796127468,0.0026675444,0.0003,0.6989906430244446,,
,,,,510000,,2490,8.718963175891048e-06,0.2,-0.0011130569444503635,0.032373046875,-0.00211788946762681,-0.11353674146812409,0.0018595207,0.0003,0.4628334641456604,73.4,-17.240000000000002
250,732,699,-18.376000000000005,512000,84.76,,,,,,,,,,,,
251,732,702,-16.956000000000003,514048,70.56,2500,1.547462706419367e-06,0.2,-0.0005945500510279089,0.028466796875,-0.0047065867111086845,-0.09653723414521664,0.0017635787,0.0003,0.6074469089508057,,
252,732,704,-17.240000000000006,516096,73.4,2510,9.19256234865884e-06,0.2,0.0027956316276686265,0.019189453125,0.0017514423234388232,-0.09102596390293911,0.0013357869,0.0003,0.7876797914505005,,
253,732,707,-17.238000000000003,518144,73.38,2520,6.840941614072449e-07,0.2,0.0006462094926973805,0.022607421875,-0.006094611249864101,-0.09628753382712603,0.0022140215,0.0003,0.8095777034759521,,
,,,,520000,,2530,1.0689196003443869e-06,0.2,-0.002824212604900822,0.034326171875,-0.004088252317160368,-0.10738089689984917,0.0038524834,0.0003,0.6931669116020203,73.4,-17.240000000000002
254,731,710,-17.238000000000003,520192,73.38,,,,,,,,,,,,
255,731,713,-17.802000000000003,522240,79.02,2540,3.223021737555065e-05,0.2,-0.001708896693889983,0.03662109375,0.0010845778742805123,-0.07686178339645267,0.0065110456,0.0003,0.3764415383338928,,
256,731,716,-17.234,524288,73.34,2550,4.57700684930451e-06,0.2,-0.00043358090770198034,0.024755859375,-0.01110695581883192,-0.09855335510219447,0.0014929582,0.0003,0.4202113747596741,,
257,732,719,-17.662000000000003,526336,77.62,2560,5.9517975520506635e-06,0.2,0.0020259482553228736,0.017236328125,-0.003818738739937544,-0.07195787517703138,0.0054026325,0.0003,0.35091471672058105,,
258,731,721,-17.804000000000002,528384,79.04,2570,4.824973210704186e-06,0.2,-0.0005426028481451794,0.01337890625,0.008658947423100471,-0.12565005235373974,0.0012237107,0.0003,0.7059428095817566,,
,,,,530000,,2580,2.2830698623632627e-06,0.2,-0.000298994779586792,0.071435546875,-0.0010038381442427635,-0.16038107408676297,0.012377674,0.0003,0.8185930848121643,45.0,-14.4
259,731,724,-17.808000000000003,530432,79.08,,,,,,,,,,,,
260,731,727,-18.376000000000005,532480,84.76,2590,5.151580028650571e-06,0.2,-0.0013132660766132175,0.036572265625,-0.0017875301418825984,-0.11254471651045606,0.0052829604,0.0003,0.7169896364212036,,
261,731,730,-18.376000000000005,534528,84.76,2600,3.6314035615703236e-05,0.2,0.0010882970411330462,0.03984375,-0.00029926103889010847,-0.11836853647837416,0.0058471337,0.0003,0.7912999391555786,,
262,731,733,-17.382000000000005,536576,74.82,2610,3.5302340277709733e-07,0.2,-0.0004573302940116264,0.021484375,-0.005452384706586599,-0.11456771079683677,0.0012935449,0.0003,0.8361567258834839,,
263,731,736,-17.382,538624,74.82,2620,3.4806251099084306e-07,0.2,-0.0011791901299147867,0.016552734375,-0.012433195486664772,-0.07728228431660682,0.0008580051,0.0003,0.7723339796066284,,
,,,,540000,,2630,4.020092621459526e-06,0.2,-0.001536048940033652,0.0361328125,-0.013991959393024445,-0.10204928090097383,0.0033409148,0.0003,0.6297308206558228,73.4,-17.240000000000002
264,731,739,-17.669000000000004,540672,77.69,,,,,,,,,,,,
265,731,742,-17.953000000000003,542720,80.53,2640,7.43617615439618e-07,0.2,0.00118955941288732,0.036328125,0.004109442699700594,-0.08492485465831123,0.0067391554,0.0003,-0.2623283863067627,,
266,731,744,-18.095000000000006,544768,81.95,2650,1.234671580752078e-06,0.2,-0.00030094293178990484,0.0302734375,0.008553898893296719,-0.09865901513257995,0.0039362996,0.0003,-0.6480419635772705,,
267,731,747,-17.243000000000006,546816,73.43,2660,0.00021514761215928323,0.2,0.000671922616311349,0.028955078125,0.0003215727920178324,-0.09034516501706094,0.0032852932,0.0003,-0.15919053554534912,,
268,731,750,-16.246000000000006,548864,63.46,2670,6.919352490974973e-08,0.2,0.0004484787757974118,0.013671875,0.00025995104806497693,-0.053199264738941564,0.0018151973,0.0003,-0.4278757572174072,,
,,,,550000,,2680,4.670044941867957e-08,0.2,0.0015240664521115831,0.01650390625,-0.002450704574584961,-0.06054715173086152,0.0011717394,0.0003,-0.45468735694885254,45.0,-14.4
269,730,753,-15.820000000000004,550912,59.2,,,,,,,,,,,,
270,730,756,-16.286000000000005,552960,63.86,2690,5.470666613049957e-08,0.2,-0.0020527688087895513,0.0150390625,-0.0175111535936594,-0.06655627911095507,0.0010096871,0.0003,-0.45896077156066895,,
271,730,759,-16.288000000000007,555008,63.88,2700,7.713139922316259e-08,0.2,-0.003097696552868001,0.025341796875,0.011134878732264042,-0.10814677380258217,0.0027728744,0.0003,-0.236089825630188,,
272,730,762,-16.430000000000007,557056,65.3,2710,5.240508347270634e-08,0.2,-0.0014232216286472975,0.013330078125,0.0074254414066672325,-0.04521721546188928,0.0019538682,0.0003,-0.986366868019104,,
273,730,765,-15.394000000000005,559104,54.94,2720,1.6878353799043565e-07,0.2,-0.0008598684013122693,0.01357421875,0.0016528720734640956,-0.0458125773788197,0.0006804431,0.0003,-0.47428321838378906,,
,,,,560000,,2730,1.8101005871962172e-07,0.2,0.0008565316820750013,0.008154296875,-0.0007667459431104362,-0.035108015513105786,0.0005178666,0.0003,-0.28903257846832275,45.0,-14.4
274,730,768,-15.394000000000007,561152,54.94,,,,,,,,,,,,
275,730,770,-15.536000000000007,563200,56.36,2740,9.091772934244347e-06,0.2,0.002853086992399767,0.0134765625,-0.00886949896812439,-0.055233751601190303,0.0012170675,0.0003,-0.7455509901046753,,
276,730,773,-15.394000000000005,565248,54.94,2750,1.376209105359294e-05,0.2,0.004142024347675033,0.022607421875,0.02473735809326172,-0.0649987534925458,0.0076976293,0.0003,-0.021772265434265137,,
277,730,776,-15.975000000000001,567296,60.75,2760,1.4137863759700053e-05,0.2,0.000983810846810229,0.04697265625,0.03610064089298248,-0.06375502338050865,0.0096224025,0.0003,0.5871931314468384,,
278,730,779,-16.686000000000007,569344,67.86,2770,6.4253954191073605e-06,0.2,-0.00047512770688626913,0.025830078125,0.01992645487189293,-0.09004240569192916,0.0013147558,0.0003,0.7043470740318298,,
,,,,570000,,2780,1.0971355192346267e-06,0.2,0.0006855181040009483,0.01435546875,-0.002313871867954731,-0.10685263663763181,0.00024933487,0.0003,0.8381575345993042,73.4,-17.240000000000002
279,730,782,-17.121000000000006,571392,72.21,,,,,,,,,,,,
280,730,785,-17.974000000000004,573440,80.74,2790,1.158383165744681e-06,0.2,-0.0009197335697535891,0.01767578125,-0.0133022116497159,-0.07421257396345027,0.0016933831,0.0003,0.8041019439697266,,
281,730,788,-18.108000000000008,575488,82.08,2800,5.904778855647663e-07,0.2,-0.0014032371414941735,0.0251953125,-0.010971194133162498,-0.11300225057639182,0.0026274414,0.0003,0.849333643913269,,
282,730,790,-18.250000000000004,577536,83.5,2810,2.6096395967734055e-06,0.2,-0.0007475917984265835,0.03203125,-0.006689693313091993,-0.10734462405089289,0.0020187576,0.0003,0.7784757018089294,,
283,730,793,-18.098000000000006,579584,81.98,2820,1.9762823513236327e-05,0.2,-0.0009790842334041372,0.03193359375,0.0016193932387977839,-0.10443368414416909,0.003072567,0.0003,-1.1992857456207275,,
,,,,580000,,2830,2.1984981240397163e-06,0.2,0.0029977303522173314,0.02177734375,-0.007403451018035412,-0.07510137234348804,0.0018665467,0.0003,0.7840689420700073,45.0,-14.4
284,730,796,-17.098000000000003,581632,71.98,,,,,,,,,,,,
285,730,799,-18.107,583680,82.07,2840,2.5572634165804686e-07,0.2,-0.002259339255397208,0.040771484375,-0.010122759267687798,-0.10320624673040583,0.0053163012,0.0003,0.8300031423568726,,
286,729,802,-18.037000000000006,585728,81.37,2850,2.906624515386369e-06,0.2,-0.00028303414874244483,0.028173828125,0.01524859108030796,-0.14834826381411403,0.0030881765,0.0003,0.7585418224334717,,
287,730,805,-18.806000000000004,587776,89.06,2860,6.783415257216596e-05,0.2,-6.654578464804217e-05,0.018212890625,0.015403146855533123,-0.11148769330466166,0.004235088,0.0003,-0.9444031715393066,,
288,730,807,-19.246000000000002,589824,93.46,2870,4.6640078079640544e-07,0.2,0.000418292373069562,0.054345703125,-0.004249142948538065,-0.12259162425762042,0.005317893,0.0003,-1.1843254566192627,,
,,,,590000,,2880,3.073766506211939e-07,0.2,0.000364282846567221,0.0376953125,-0.021920867264270782,-0.11233398342737928,0.0046261647,0.0003,-1.4795804023742676,105.0,-20.4
289,729,810,-18.703000000000003,591872,88.03,,,,,,,,,,,,
290,730,813,-18.656000000000002,593920,87.56,2890,1.946329053481577e-07,0.2,-0.0027038847940275444,0.0263671875,0.004396482370793819,-0.08284915511030704,0.0027546696,0.0003,-1.2620460987091064,,
291,730,816,-17.81200000000001,595968,79.12,2900,4.017871879202772e-07,0.2,-0.0022901893185917287,0.03193359375,-0.005103308241814375,-0.1107131820754148,0.0026227222,0.0003,-0.548879861831665,,
292,730,818,-17.375000000000007,598016,74.75,2910,1.2558975019949515e-07,0.2,-0.0018090792334987782,0.023388671875,0.0013396642170846462,-0.07948650454636663,0.0017480745,0.0003,-0.3617206811904907,,
,,,,600000,,2920,2.4628687190553222e-05,0.2,-0.0001375530584482476,0.020751953125,0.00427413173019886,-0.086599904805189,0.0021623329,0.0003,-0.0028325319290161133,101.8,-20.080000000000002
293,730,821,-17.710000000000004,600064,78.1,,,,,,,,,,,,
294,730,824,-16.763000000000005,602112,68.63,2930,1.9089324610366278e-06,0.2,-0.004002284184389282,0.031396484375,-0.020142868161201477,-0.10039848090382293,0.0031607146,0.0003,0.12134736776351929,,
295,730,827,-16.248000000000005,604160,63.48,2940,6.116551927171088e-08,0.2,0.003342986297502648,0.021728515625,-0.009464431554079056,-0.050219832290895286,0.004675848,0.0003,0.27018094062805176,,
296,730,829,-16.828000000000003,606208,69.28,2950,7.725440003270023e-08,0.2,0.004700583359226585,0.03916015625,-0.022099317982792854,-0.07266225707426202,0.05610686,0.0003,-0.07105553150177002,,
297,730,832,-16.732000000000006,608256,68.32,2960,2.376029511363953e-07,0.2,0.011522425615112297,0.040380859375,-0.02252272330224514,-0.13202444480266423,0.012945518,0.0003,0.0832071304321289,,
,,,,610000,,2970,2.817245892572373e-07,0.2,-0.0040727535990299655,0.03046875,-0.010972712188959122,-0.08763226802111604,0.023687404,0.0003,-0.4090454578399658,84.0,-18.3
298,730,835,-17.554000000000002,610304,76.54,,,,,,,,,,,,
299,730,838,-18.439,612352,85.39,2980,4.578192317588048e-05,0.2,5.39218177436851e-05,0.02177734375,-0.003090416081249714,-0.10598649254534394,0.0018366581,0.0003,0.5805456638336182,,
300,730,840,-18.853,614400,89.53,2990,6.269479235809783e-06,0.2,-0.0035758931073360143,0.080322265625,-0.0003924047341570258,-0.16326162295881658,0.029735124,0.0003,-0.24143898487091064,,
301,730,843,-19.319000000000003,616448,94.19,3000,3.266697540027508e-07,0.2,-0.00012569750106194988,0.01416015625,0.0011912573827430606,-0.1007066321442835,0.0016244702,0.0003,0.5847705602645874,,
302,731,845,-20.083000000000006,618496,101.83,3010,2.3688201680194255e-07,0.2,-0.0017078657692763954,0.017236328125,-0.008927591145038605,-0.08227622023550793,0.008356821,0.0003,0.7274907827377319,,
,,,,620000,,3020,2.3538406286327528e-07,0.2,-0.0018009241466643289,0.029345703125,0.0077703422866761684,-0.11892203137977049,0.005361916,0.0003,0.7607457041740417,54.2,-15.319999999999999
303,731,848,-20.056000000000004,620544,101.56,,,,,,,,,,,,
304,731,851,-19.338,622592,94.38,3030,2.0784612231317112e-07,0.2,0.00016044821677496657,0.017333984375,0.009710218757390976,-0.1255915377405472,0.0013182563,0.0003,0.7525931596755981,,
305,731,853,-18.811,624640,89.11,3040,1.1382586486696767e-07,0.2,-0.0027173823938937856,0.01640625,-0.020776061341166496,-0.07244904344552197,0.0014549278,0.0003,0.7303352952003479,,
306,731,856,-18.700000000000003,626688,88.0,3050,1.804229456059403e-07,0.2,-0.0023949533846462146,0.02158203125,-0.015694862231612206,-0.12044660614337772,0.0014186045,0.0003,0.6189625263214111,,
307,731,859,-18.339000000000002,628736,84.39,3060,8.291833832885232e-08,0.2,-0.012764292024075984,0.061376953125,-0.01455184631049633,-0.1317679966101423,0.06808533,0.0003,0.41086065769195557,,
,,,,630000,,3070,9.254025385985188e-08,0.2,-0.0018547885585576296,0.054443359375,-0.003717907005921006,-0.1597885980969295,0.0029619318,0.0003,0.28726011514663696,51.6,-15.059999999999999
308,731,862,-18.737000000000005,630784,88.37,,,,,,,,,,,,
309,731,864,-18.851000000000003,632832,89.51,3080,1.301209978432638e-07,0.2,-0.0031543685327051207,0.032861328125,-0.01585102453827858,-0.15415666257031263,0.0029992685,0.0003,0.05436360836029053,,
310,731,867,-18.091000000000005,634880,81.91,3090,3.0626337307548824e-06,0.2,-0.0006038143503246829,0.044384765625,0.0021792708430439234,-0.16072887142654507,0.003928576,0.0003,0.1392844319343567,,
311,731,870,-17.407000000000004,636928,75.07,3100,8.36003145820996e-08,0.2,0.0007447514130035415,0.04013671875,-0.011044151149690151,-0.11399342415388673,0.00623377,0.0003,0.18210047483444214,,
312,732,872,-17.104000000000006,638976,72.04,3110,2.3056423412715077e-06,0.2,-0.0025352328913868403,0.025390625,-0.00847555696964264,-0.13407684781122953,0.0017164007,0.0003,0.6874656677246094,,
,,,,640000,,3120,1.6905603659189694e-07,0.2,-0.0014858561422443016,0.02763671875,0.004856662824749947,-0.19102417326066642,0.002868717,0.0003,0.4353342056274414,45.0,-14.4
313,732,875,-17.063000000000006,641024,71.63,,,,,,,,,,,,
314,732,878,-16.876000000000005,643072,69.76,3130,3.5397639090994916e-07,0.2,4.4034537859261035e-05,0.016552734375,-0.010737304575741291,-0.14970648232847453,0.0017389834,0.0003,0.3599815368652344,,
315,732,880,-16.411000000000005,645120,65.11,3140,8.655245733013573e-07,0.2,-0.0003498635982396081,0.0259765625,0.01356282364577055,-0.14947497276589275,0.0026820083,0.0003,-0.5200320482254028,,
316,732,883,-17.070000000000004,647168,72.71,3150,3.78895121766476e-07,0.2,-0.0021084007719764488,0.0232421875,0.026057152077555656,-0.08185123141738586,0.0037563113,0.0003,0.04427212476730347,,
317,732,886,-16.115000000000006,649216,63.16,3160,0.2562445244424453,0.2,-0.0016756216995418073,0.04013671875,0.00720584113150835,-0.2081941185053438,0.004649644,0.0003,-0.0002620220184326172,,
,,,,650000,,3170,0.0014868949288938892,0.2,-0.0008101208775769919,0.006396484375,0.002836518455296755,-0.047446258895797656,0.00068140554,0.0003,0.4621644616127014,45.0,-14.4
318,732,888,-15.528000000000006,651264,56.28,,,,,,,,,,,,
319,732,891,-14.884000000000006,653312,49.84,3180,0.00016087340532067174,0.2,0.0003021133961738087,0.00322265625,-0.002046725247055292,-0.02380505202891072,0.00048982154,0.0003,0.007082760334014893,,
320,732,894,-14.889000000000005,655360,49.89,3190,0.0002454526557698955,0.2,-0.0003598181327106431,0.00966796875,-0.014033742249011993,-0.04851738588040462,0.0008817753,0.0003,0.7185277938842773,,
321,732,897,-14.791000000000006,657408,48.91,3200,0.002508146722766469,0.2,-0.0006559983041370288,0.00673828125,-0.0017615772085264325,-0.027200873590481935,0.0006375627,0.0003,-0.7218480110168457,,
322,732,899,-14.400000000000007,659456,45.0,3210,1.769926051622406e-05,0.2,-7.397691952064634e-05,0.0,-0.0002020984684349969,-0.0011187384929144174,7.433118e-08,0.0003,-0.2856628894805908,,
,,,,660000,,3220,1.7568777141718784e-05,0.2,-4.2002348345704375e-05,0.0,-8.548482583137229e-05,-0.0008517815304003307,1.3737008e-08,0.0003,-0.14495611190795898,45.0,-14.4
323,732,902,-14.400000000000007,661504,45.0,,,,,,,,,,,,
324,733,905,-14.400000000000007,663552,45.0,3230,1.5745935338884465e-05,0.2,-1.7483733245171607e-05,0.0,-3.197813930455595e-05,-0.0004622340230980626,2.2118911e-09,0.0003,-0.31475555896759033,,
325,733,907,-14.400000000000007,665600,45.0,3240,1.392335259851052e-05,0.2,-1.554684859002009e-05,0.0,-3.4035292628686875e-05,-0.0004146637595113134,1.2223609e-09,0.0003,-0.1664217710494995,,
326,733,910,-14.400000000000007,667648,45.0,3250,1.1827216512472205e-05,0.2,-2.0403327653184534e-06,0.0,4.197957878204761e-06,-0.00016121007321316937,0.0,0.0003,-0.3301966190338135,,
327,733,913,-14.400000000000007,669696,45.0,3260,1.0586076827223679e-05,0.2,-2.297952596563846e-06,0.0,-3.674590516311582e-07,-0.0001568633536521702,0.0,0.0003,-0.37931644916534424,,
,,,,670000,,3270,9.75119100345978e-06,0.2,-1.7198966816067695e-06,0.0,7.555718184448779e-08,-0.00011686484244251005,0.0,0.0003,-0.5275408029556274,45.0,-14.4
328,733,915,-14.400000000000007,671744,45.0,,,,,,,,,,,,
329,733,918,-14.400000000000007,673792,45.0,3280,8.57539734937518e-06,0.2,-1.4840072253718972e-06,0.0,3.9065730561560486e-07,-0.00010673314217228836,0.0,0.0003,-0.09796667098999023,,
330,733,921,-14.400000000000007,675840,45.0,3290,8.38296552174711e-06,0.2,-1.1131705832667649e-06,0.0,5.07347749589826e-07,-8.889368547215781e-05,0.0,0.0003,-0.24162817001342773,,
331,733,923,-14.434000000000005,677888,45.34,3300,6.225666919590367e-06,0.2,-1.5551544493064283e-06,0.0,-2.5089093469432555e-06,-9.469899781606727e-05,0.0,0.0003,-0.28227198123931885,,
332,733,926,-14.434000000000005,679936,45.34,3310,8.997529758403288e-06,0.2,-9.046947525348514e-05,0.000390625,2.1666392058250494e-05,-0.00017942156455035273,6.931854e-05,0.0003,-0.900455117225647,,
,,,,680000,,3320,4.095850563246018e-06,0.2,7.197319064289331e-07,0.0,-1.0790790838655084e-06,-0.00011207805717958764,0.0,0.0003,-0.4603472948074341,45.0,-14.4
333,733,929,-14.400000000000007,681984,45.0,,,,,,,,,,,,
334,733,932,-14.400000000000007,684032,45.0,3330,4.452335927851436e-06,0.2,-7.99202243797481e-06,0.0,-1.0872508937609382e-05,-0.0001328527376472266,5.820766e-10,0.0003,-0.4538114070892334,,
335,733,934,-14.400000000000007,686080,45.0,3340,3.3202341548133062e-06,0.2,-2.68899166258052e-06,0.0,-3.1175181902654003e-06,-9.302356610305652e-05,0.0,0.0003,-0.4980846643447876,,
336,734,937,-14.400000000000007,688128,45.0,3350,3.6795756120255875e-06,0.2,-8.934439392760396e-07,0.0,1.6790700101410039e-06,-5.9851983371572716e-05,0.0,0.0003,-0.6424770355224609,,
,,,,690000,,3360,2.6487422051246767e-06,0.2,-1.2234930181875825e-06,0.0,-3.383661351108458e-07,-5.1225360817852564e-05,0.0,0.0003,-0.3137720823287964,45.0,-14.4
337,734,939,-14.400000000000007,690176,45.0,,,,,,,,,,,,
338,734,942,-14.400000000000007,692224,45.0,3370,2.280572240742629e-06,0.2,-1.2573145795613528e-07,0.0,-3.400147647880658e-07,-2.9218630504601607e-05,0.0,0.0003,-0.707738995552063,,
339,734,945,-14.400000000000007,694272,45.0,3380,2.2126182829040885e-06,0.2,-8.715796866454184e-08,0.0,5.868892003491055e-07,-2.4568948404635194e-05,0.0,0.0003,-0.6989924907684326,,
340,734,947,-14.400000000000007,696320,45.0,3390,1.766726337670832e-06,0.2,-5.304827936924994e-07,0.0,-2.062568682958954e-06,-3.1531384013305794e-05,0.0,0.0003,-0.3258693218231201,,
341,734,950,-14.400000000000007,698368,45.0,3400,1.3686947955449113e-06,0.2,-8.102651918306947e-08,0.0,2.018612121901242e-07,-1.3489012982859094e-05,0.0,0.0003,-0.7335456609725952,,
,,,,700000,,3410,1.431154558417802e-06,0.2,-6.974732968956232e-08,0.0,1.639866979985527e-07,-1.4512539266320346e-05,0.0,0.0003,-0.5481929779052734,45.0,-14.4
342,734,953,-14.400000000000007,700416,45.0,,,,,,,,,,,,
343,734,955,-14.400000000000007,702464,45.0,3420,1.16057051551266e-06,0.2,-6.964983185753227e-08,0.0,3.372980472704512e-07,-1.432650875727859e-05,0.0,0.0003,-0.7086963653564453,,
344,734,958,-14.400000000000007,704512,45.0,3430,7.457451773440483e-07,0.2,-1.8220162019133567e-07,0.0,-5.399899691838073e-07,-1.242238636791626e-05,0.0,0.0003,-0.3918951749801636,,
345,735,961,-14.400000000000007,706560,45.0,3440,6.607169715788785e-07,0.2,-6.93617039360106e-08,0.0,-2.045973701569892e-07,-1.0171598222541434e-05,0.0,0.0003,-0.506420373916626,,
346,735,963,-14.400000000000007,708608,45.0,3450,6.354751647563716e-07,0.2,-1.1158408597111701e-08,0.0,2.1389702453689097e-08,-6.989934005474652e-06,0.0,0.0003,-0.8436013460159302,,
,,,,710000,,3460,5.92250463071764e-07,0.2,-6.963382475078106e-08,0.0,-1.2459375398066186e-07,-8.576313495467503e-06,0.0,0.0003,-0.5322760343551636,45.0,-14.4
347,735,966,-14.400000000000007,710656,45.0,,,,,,,,,,,,
348,735,969,-14.400000000000007,712704,45.0,3470,5.451954030455397e-07,0.2,-3.014574758708477e-08,0.0,3.79049822640809e-07,-6.8012876518253055e-06,0.0,0.0003,-0.7508996725082397,,
349,735,972,-14.400000000000007,714752,45.0,3480,3.3928674656458215e-07,0.2,-6.628833943977952e-08,0.0,1.359605050765822e-08,-8.942523441390904e-06,0.0,0.0003,-0.8308025598526001,,
350,735,974,-14.400000000000007,716800,45.0,3490,3.930408292607268e-07,0.2,-5.640322342514992e-09,0.0,7.870526985698234e-08,-4.774274113827914e-06,0.0,0.0003,-0.8932485580444336,,
351,735,977,-14.400000000000007,718848,45.0,3500,3.5626012531153604e-07,0.2,-7.389608072116972e-08,0.0,-1.73318909446607e-07,-7.176814339260318e-06,0.0,0.0003,-1.4275832176208496,,
,,,,720000,,3510,3.3443157416712664e-07,0.2,-2.4156179279088974e-09,0.0,4.0397313938456136e-08,-3.4208452124318e-06,0.0,0.0003,-1.4596667289733887,45.0,-14.4
352,735,980,-14.400000000000007,720896,45.0,,,,,,,,,,,,
353,735,982,-14.400000000000007,722944,45.0,3520,3.2139998893399026e-07,0.2,-3.472960088402033e-08,0.0,6.540014396705374e-08,-5.845078801769432e-06,0.0,0.0003,-1.1702535152435303,,
354,735,985,-14.400000000000007,724992,45.0,3530,4.0843586610606055e-07,0.2,-6.024492904543877e-09,0.0,-4.263614528099424e-08,-4.025835777099473e-06,0.0,0.0003,-3.381923198699951,,
355,735,988,-14.400000000000007,727040,45.0,3540,2.485220153669587e-07,0.2,-6.332993507385254e-09,0.0,-1.1531582799761964e-08,-3.4334546811010113e-06,0.0,0.0003,-2.15930438041687,,
356,735,991,-14.400000000000007,729088,45.0,3550,3.0275073701346857e-07,0.2,-1.856096787378192e-08,0.0,7.778626809340494e-08,-3.935129871024401e-06,0.0,0.0003,-1.8970246315002441,,
,,,,730000,,3560,3.5087586027771065e-07,0.2,-2.093147486448288e-08,0.0,-1.402552669560464e-07,-4.686863510272588e-06,0.0,0.0003,-0.39650774002075195,45.0,-14.4
357,735,993,-14.400000000000007,731136,45.0,,,,,,,,,,,,
358,735,996,-14.400000000000007,733184,45.0,3570,2.47201753023063e-07,0.2,-9.761424735188484e-09,0.0,3.446167795573274e-10,-3.058350405282795e-06,0.0,0.0003,0.20088517665863037,,
359,735,999,-14.400000000000007,735232,45.0,3580,3.29441591873092e-07,0.2,-1.0950316209346056e-09,0.0,-1.680353278743496e-08,-3.310716159887761e-06,0.0,0.0003,-0.9108014106750488,,
360,735,1001,-14.400000000000007,737280,45.0,3590,3.3011529612103627e-07,0.2,-7.58591340854764e-09,0.0,1.3830381817570014e-07,-2.9228394396341175e-06,0.0,0.0003,-4.875087261199951,,
361,736,1004,-14.400000000000007,739328,45.0,3600,2.994635840636306e-07,0.2,-1.631269697099924e-08,0.0,-4.974769041155014e-09,-3.0826408174533524e-06,0.0,0.0003,-1.8587982654571533,,
,,,,740000,,3610,3.0305384339790465e-07,0.2,-1.1979136615991593e-08,0.0,4.385035765608336e-07,-3.7722838918341496e-06,0.0,0.0003,-0.2153942584991455,45.0,-14.4
362,736,1007,-14.400000000000007,741376,45.0,,,,,,,,,,,,
363,736,1009,-14.400000000000007,743424,45.0,3620,2.609166183109579e-07,0.2,-2.5898043531924487e-08,0.0,3.411576585676812e-07,-3.559472958158949e-06,-2.910383e-11,0.0003,0.29247647523880005,,
364,736,1012,-14.400000000000007,745472,45.0,3630,3.2199305115554467e-07,0.2,-6.688060238957405e-08,0.0,2.2122250697975687e-08,-6.374676546982982e-06,-7.858034e-10,0.0003,0.8094360828399658,,
365,736,1015,-14.400000000000007,747520,45.0,3640,2.77839572060401e-07,0.2,-2.299057086929679e-07,0.0,-3.813509295014228e-07,-5.3513421612194635e-06,0.0,0.0003,0.4818705916404724,,
366,736,1017,-14.400000000000007,749568,45.0,3650,2.785839506191934e-07,0.2,-5.906331352889538e-08,0.0,-4.434788820617541e-07,-5.037958361242545e-06,-5.820766e-10,0.0003,0.7326411008834839,,
,,,,750000,,3660,3.09983404145342e-07,0.2,-1.0588846635073424e-07,0.0,-2.662594056346279e-07,-5.623179901448338e-06,0.0,0.0003,0.3749063014984131,45.0,-14.4
367,736,1020,-14.400000000000007,751616,45.0,,,,,,,,,,,,
368,736,1022,-14.400000000000007,753664,45.0,3670,2.46081041277435e-07,0.2,-1.536827767267823e-08,0.0,7.512377919738356e-08,-4.377179075731874e-06,0.0,0.0003,0.48162639141082764,,
369,736,1025,-14.400000000000007,755712,45.0,3680,3.2806066703194857e-07,0.2,-6.561458576470613e-09,0.0,-7.878291086171885e-08,-4.180303352541159e-06,0.0,0.0003,0.14290881156921387,,
370,736,1028,-14.400000000000007,757760,45.0,3690,2.6888883737363755e-07,0.2,-2.601445885375142e-08,0.0,6.38311973943928e-07,-4.677802225216965e-06,0.0,0.0003,-3.035545825958252,,
371,737,1030,-14.400000000000007,759808,45.0,3700,2.9245206674133327e-07,0.2,-7.480266503989696e-08,0.0,-6.470575186767746e-08,-2.872511262808075e-06,0.0,0.0003,-0.39429008960723877,,
,,,,760000,,3710,3.67228163566935e-07,0.2,-6.900924199726433e-05,0.0,-0.007371983490884304,-0.0013953863012808655,5.8496546e-05,0.0003,-7.296677589416504,45.0,-14.4
372,737,1033,-15.464000000000004,761856,55.64,,,,,,,,,,,,
373,737,1036,-16.724000000000004,763904,68.24,3720,2.1313569129333133e-05,0.2,0.0008804769859125372,0.066357421875,-0.01566910184919834,-0.36224771989509463,0.0032293075,0.0003,0.3353062868118286,,
374,737,1039,-17.767000000000003,765952,78.67,3730,1.3712487923811523e-05,0.2,0.000133483404351864,0.050732421875,-0.012976745143532753,-0.3183492274954915,0.008089658,0.0003,0.49952900409698486,,
375,737,1041,-18.171000000000006,768000,82.71,3740,0.00012444224190062415,0.2,0.0021106446482008325,0.052490234375,0.08546925336122513,-0.24311810228973627,0.015754309,0.0003,0.4347969889640808,,
,,,,770000,,3750,1.5843673826054782e-05,0.2,-0.029988977024913765,0.16103515625,-0.057460345327854156,-0.21740564572392032,0.19524255,0.0003,-2.2673752307891846,118.8,-21.78
376,737,1044,-18.499000000000002,770048,85.99,,,,,,,,,,,,
377,737,1047,-18.586,772096,86.86,3760,3.777532900883784e-06,0.2,-0.00047696608235128226,0.026123046875,-0.006038743071258068,-0.4358356363140047,0.004684678,0.0003,0.3418365716934204,,
378,737,1049,-18.826,774144,89.26,3770,3.9815998395198445e-06,0.2,-0.0020592022512573747,0.068115234375,0.006556995213031769,-0.43414354948326944,0.006069461,0.0003,-0.02603745460510254,,
379,737,1052,-19.506999999999998,776192,96.07,3780,2.287591323124616e-06,0.2,-0.0015776943415403365,0.03515625,0.01770985685288906,-0.4219797327183187,0.0021031585,0.0003,-0.19820332527160645,,
380,737,1055,-20.462000000000003,778240,105.62,3790,2.111547780181411e-06,0.2,0.0008419550824328326,0.023876953125,0.015409781597554684,-0.42569895684719083,0.0033879806,0.0003,0.06586116552352905,,
,,,,780000,,3800,2.3665699274033615e-06,0.2,-0.0020398401364218445,0.087451171875,-0.007903805933892727,-0.4732838418334723,0.005396279,0.0003,0.16550028324127197,103.2,-20.22
381,737,1058,-20.839000000000002,780288,109.39,,,,,,,,,,,,
382,737,1060,-20.873,782336,109.73,3810,1.385344664672772e-06,0.2,0.00019519876514095813,0.0212890625,-0.004144754260778427,-0.4542526362463832,0.0033457894,0.0003,0.22642946243286133,,
383,737,1063,-20.906,784384,110.06,3820,5.202709322560395e-06,0.2,-0.00445857030863408,0.0984375,-0.010211949236690998,-0.4632144434377551,0.0057231686,0.0003,-0.5030276775360107,,
384,737,1066,-20.886,786432,109.86,3830,1.5379252987557378e-06,0.2,8.718633616808802e-05,0.0134765625,-0.015022074803709984,-0.440314504224807,0.0012736355,0.0003,-1.8989911079406738,,
385,737,1068,-20.971999999999998,788480,110.72,3840,1.705735260681962e-06,0.2,-0.00498319353791885,0.080810546875,-0.01296956930309534,-0.4394536104053259,0.00696285,0.0003,0.11893892288208008,,
,,,,790000,,3850,5.822204021121991e-07,0.2,-0.0011207222240045666,0.075244140625,0.0157573614269495,-0.4586021048948169,0.0059504746,0.0003,0.6061606407165527,123.6,-22.259999999999998
386,737,1071,-20.882,790528,109.82,,,,,,,,,,,,
387,737,1074,-20.828000000000003,792576,109.28,3860,1.031102696824604e-05,0.2,-0.0038587884366279466,0.04951171875,-0.027177024632692337,-0.44244269682094456,0.00264557,0.0003,0.639971137046814,,
388,737,1077,-20.831999999999997,794624,109.32,3870,1.3695948912317846e-06,0.2,-0.002466660432401113,0.032470703125,-0.009113810025155544,-0.42247005496174095,0.004469691,0.0003,0.7827197909355164,,
389,737,1079,-20.901999999999997,796672,110.02,3880,8.718358542658678e-07,0.2,-0.0010923990746960043,0.04736328125,-0.020306162536144257,-0.4191882605664432,0.0036793528,0.0003,0.5406239628791809,,
390,737,1082,-20.987,798720,110.87,3890,1.3495923383288755e-06,0.2,-0.0029713357682339845,0.076318359375,0.0156168844550848,-0.45346936536952853,0.008000843,0.0003,0.2534170150756836,,
,,,,800000,,3900,1.7278652145513717e-06,0.2,-0.00035152307827956975,0.01982421875,-0.03499620035290718,-0.4517881731502712,0.004738922,0.0003,-0.7123235464096069,192.6,-29.159999999999997
391,737,1085,-21.186999999999998,800768,112.87,,,,,,,,,,,,
392,737,1088,-21.336,802816,114.36,3910,8.119169634657197e-06,0.2,-0.0007054021582007409,0.017919921875,-0.013088865205645561,-0.4239809986203909,0.002686427,0.0003,-0.3712829351425171,,
393,737,1091,-21.533999999999992,804864,116.34,3920,4.490842845150667e-07,0.2,5.5019166029524055e-05,0.03291015625,-0.011985336430370808,-0.4156511393375695,0.003508924,0.0003,0.07691305875778198,,
394,737,1093,-21.398000000000003,806912,114.98,3930,4.11863231111198e-06,0.2,-0.0013918364827986806,0.046923828125,0.0035930618178099394,-0.44576373482123016,0.0041347784,0.0003,0.0819697380065918,,
395,737,1096,-21.158,808960,112.58,3940,3.582213113606514e-06,0.2,-0.0011113244188891258,0.043017578125,-0.012602106668055058,-0.41410240130499004,0.004580174,0.0003,-0.15151524543762207,,
,,,,810000,,3950,1.4503698646528562e-06,0.2,-0.0031983607477741316,0.036572265625,-0.007123860996216536,-0.39505320554599166,0.004411541,0.0003,0.6485625505447388,129.6,-22.860000000000003
396,737,1099,-21.084,811008,111.84,,,,,,,,,,,,
397,737,1102,-21.014,813056,111.14,3960,1.0127564157080825e-06,0.2,-0.0019215633219573647,0.04638671875,-0.00639717560261488,-0.41803162638098,0.005110601,0.0003,0.7035635709762573,,
398,737,1104,-20.742000000000004,815104,108.42,3970,1.9279144654182902e-05,0.2,0.0007320069387787953,0.042578125,-0.02377423085272312,-0.4322614472359419,0.005295845,0.0003,0.8373507857322693,,
399,737,1107,-20.846,817152,109.46,3980,7.216219921168943e-07,0.2,-0.00340013367094798,0.0369140625,-0.00039894849760457873,-0.4018694921396673,0.005797904,0.0003,0.7080287933349609,,
400,737,1110,-20.779,819200,108.79,3990,5.597322981998331e-07,0.2,-0.004320275943609886,0.06474609375,-0.02371131256222725,-0.4267543050460517,0.0053048553,0.0003,0.47464340925216675,,
,,,,820000,,4000,8.07799946933585e-07,0.2,-0.001826381011051126,0.056005859375,-0.02072223834693432,-0.4164382750168443,0.0057988013,0.0003,0.041809916496276855,187.0,-28.6
401,737,1113,-21.103,821248,112.03,,,,,,,,,,,,
402,737,1116,-20.901,823296,110.01,4010,1.2168275019597274e-06,0.2,-0.0018006842903560028,0.034814453125,-0.005894773174077272,-0.4184097541496158,0.004326663,0.0003,-0.10237109661102295,,
403,737,1118,-21.029,825344,111.29,4020,1.1975627254745546e-06,0.2,5.125578900333494e-05,0.03076171875,-0.016599275171756744,-0.4013265673071146,0.0032063276,0.0003,-1.3491809368133545,,
404,737,1121,-21.159000000000002,827392,112.59,4030,1.3450350276311696e-05,0.2,-0.0020150844473391773,0.042138671875,-0.018228499218821526,-0.3874416439794004,0.0038559614,0.0003,0.1023222804069519,,
405,737,1124,-21.202,829440,113.02,4040,1.5193445589645194e-06,0.2,-0.0008363974397070706,0.0498046875,0.0031406679190695286,-0.3609737906605005,0.0038527432,0.0003,-0.718197226524353,,
,,,,830000,,4050,9.185826800095498e-07,0.2,0.00013005163636989892,0.047607421875,-0.007588108070194721,-0.38507146034389733,0.017835878,0.0003,-1.35927152633667,187.0,-28.6
406,737,1127,-21.492000000000004,831488,115.92,,,,,,,,,,,,
407,737,1129,-21.495,833536,115.95,4060,2.3764229741374264e-06,0.2,-0.003619569551301538,0.037939453125,-0.023464344441890717,-0.31233557243831456,0.002184105,0.0003,-0.11379587650299072,,
408,737,1132,-21.822000000000003,835584,119.22,4070,1.6713102819920777e-06,0.2,-0.0013205544790253043,0.04619140625,0.005171420518308878,-0.3258345327805728,0.0045817634,0.0003,0.7006649971008301,,
409,737,1135,-22.178,837632,122.78,4080,1.5814692368820715e-05,0.2,-0.0011373613320756703,0.031005859375,-0.003935646265745163,-0.3207871296443045,0.0022108876,0.0003,-1.0442512035369873,,
410,737,1138,-22.671,839680,127.71,4090,4.973060881496849e-06,0.2,-0.0008424049825407565,0.027099609375,-0.0056344675831496716,-0.2764770670328289,0.0023711666,0.0003,-0.6213287115097046,,
,,,,840000,,4100,8.340244446358725e-06,0.2,-0.0007240093837026507,0.014892578125,-0.0021193765569478273,-0.25173082831315696,0.0020622998,0.0003,-1.0114247798919678,187.0,-28.6
411,737,1141,-22.988000000000003,841728,130.88,,,,,,,,,,,,
412,737,1143,-23.289,843776,133.89,4110,5.090013787789616e-06,0.2,0.0001503556763054803,0.0486328125,0.012105134315788746,-0.32337820758111774,0.0058506904,0.0003,-0.6118171215057373,,
413,737,1146,-23.234,845824,133.34,4120,1.4180427064580669e-06,0.2,-0.0026321211029426196,0.034326171875,-0.014368402771651745,-0.2516809361986816,0.0035327938,0.0003,-0.9447658061981201,,
414,737,1149,-23.323,847872,134.23,4130,2.4341803144700693e-06,0.2,0.00043589918641373515,0.0310546875,0.005703256465494633,-0.31839659372344614,0.0020799986,0.0003,0.09819406270980835,,
415,737,1151,-22.875999999999998,849920,129.76,4140,2.952912603149116e-06,0.2,0.0010371030628448352,0.0376953125,-0.0186737310141325,-0.30118250073865055,0.0048157587,0.0003,-0.43206799030303955,,
,,,,850000,,4150,2.5998854875197706e-06,0.2,-0.004453748810919933,0.061865234375,-0.017175227403640747,-0.3535058772191405,0.00780268,0.0003,0.17122536897659302,78.2,-17.72
416,737,1154,-22.189999999999994,851968,122.9,,,,,,,,,,,,
417,737,1157,-21.498,854016,115.98,4160,1.0217039315030263e-05,0.2,7.439145992975682e-05,0.0306640625,0.010140973143279552,-0.31980549371801315,0.0040937345,0.0003,0.4939134120941162,,
418,737,1160,-21.343999999999998,856064,114.44,4170,1.6107318003832916e-06,0.2,-0.0013577210178482347,0.036669921875,-0.007139442954212427,-0.3493855119682848,0.003021161,0.0003,0.07103830575942993,,
419,737,1162,-21.305,858112,114.05,4180,8.340637939419082e-07,0.2,-0.0006115329117164948,0.02734375,0.00237854546867311,-0.3334101897664368,0.0034627048,0.0003,0.539526641368866,,
,,,,860000,,4190,7.261265312585863e-07,0.2,-0.00245243869285332,0.04443359375,-0.011717897839844227,-0.3344558478798717,0.0029663933,0.0003,0.37785762548446655,124.6,-22.360000000000003
420,737,1165,-21.31,860160,114.1,,,,,,,,,,,,
421,737,1168,-21.540999999999993,862208,116.41,4200,2.5491254288301234e-06,0.2,-0.0011910571280168369,0.03291015625,-0.011082707904279232,-0.34157012216746807,0.0034945116,0.0003,0.06544429063796997,,
422,737,1171,-21.546000000000003,864256,116.46,4210,1.3051921462725603e-06,0.2,-0.0009751830948516726,0.026611328125,-0.006245443597435951,-0.306760298833251,0.0017881398,0.0003,0.44581031799316406,,
423,738,1173,-22.058999999999997,866304,122.6,4220,3.818075904593599e-06,0.2,-0.0024571728688897567,0.035791015625,-0.002008591080084443,-0.2921565376222134,0.0023836037,0.0003,-0.17285847663879395,,
424,738,1176,-22.281999999999993,868352,124.83,4230,0.3092620756193355,0.2,-0.00015465562464669346,0.04189453125,0.14559176564216614,-0.2966344556771219,0.004473606,0.0003,0.004885971546173096,,
,,,,870000,,4240,0.019768213653878774,0.2,-0.0003970770616433583,0.019189453125,0.002524041337892413,-0.2784980506170541,0.0031379955,0.0003,-0.7657489776611328,135.8,-23.48
425,737,1179,-22.019999999999996,870400,122.21,,,,,,,,,,,,
426,737,1182,-22.2,872448,124.01,4250,0.003562669532766449,0.2,1.972671743715182e-05,0.014892578125,-0.0021037852857261896,-0.319517486076802,0.0015207785,0.0003,-0.16586077213287354,,
427,738,1184,-22.113999999999997,874496,123.15,4260,0.0016275048802071978,0.2,-0.0013115148001816123,0.0216796875,-0.002180535579100251,-0.24638257659971713,0.0010926507,0.0003,-0.3276960849761963,,
428,738,1187,-22.691999999999997,876544,128.93,4270,0.0006929285369324135,0.2,0.004950297612231225,0.03037109375,-0.015472415834665298,-0.2650363126769662,0.008604111,0.0003,-1.2315871715545654,,
429,738,1190,-23.173999999999996,878592,133.75,4280,0.00010237883687409521,0.2,-0.00408553950546775,0.101953125,0.02397393435239792,-0.27705052504315975,0.04841557,0.0003,-2.432766914367676,,
,,,,880000,,4290,1.4220425357081012e-05,0.2,0.0005517777419299819,0.02177734375,0.009154277853667736,-0.23181244828738273,0.0010460599,0.0003,-0.1798022985458374,172.4,-27.139999999999997
430,737,1193,-23.072,880640,131.72,,,,,,,,,,,,
431,738,1195,-23.277,882688,133.77,4300,9.783493382542474e-06,0.2,0.0008284704585094005,0.052978515625,-0.009066669270396233,-0.3273740492761135,0.003365973,0.0003,0.49085384607315063,,
432,738,1198,-23.132999999999996,884736,132.33,4310,5.308373260959343e-06,0.2,-0.003740005355211906,0.04794921875,-0.006235677283257246,-0.3009902133606374,0.0035997618,0.0003,0.6456536650657654,,
433,738,1201,-23.448999999999998,886784,135.49,4320,5.123501695791788e-06,0.2,-0.00021120415185578169,0.02548828125,-0.002363627776503563,-0.338937693182379,0.0015528604,0.0003,0.5047783851623535,,
434,738,1203,-23.444000000000003,888832,135.44,4330,6.881437892403142e-06,0.2,-0.00015107315412024036,0.03720703125,-0.0034846847411245108,-0.3065097775310278,0.003014234,0.0003,0.1032404899597168,,
,,,,890000,,4340,3.997303437870414e-05,0.2,-0.0012767002815962769,0.028173828125,-0.001188342459499836,-0.28707302887924013,0.0024829237,0.0003,-1.4409730434417725,184.0,-26.28
435,738,1206,-23.329,890880,134.29,,,,,,,,,,,,
436,738,1209,-23.338999999999995,892928,134.39,4350,1.0241628524809698e-05,0.2,-0.0030041468766285107,0.04609375,0.01624476909637451,-0.26794979269616304,0.0028418072,0.0003,-0.1171426773071289,,
437,738,1212,-23.575,894976,136.75,4360,1.8921582358188972e-05,0.2,0.003052463066705968,0.025341796875,0.006981724873185158,-0.2640494857914746,0.0020348863,0.0003,-0.5946544408798218,,
438,738,1214,-23.916999999999998,897024,140.17,4370,1.0757093443203303e-05,0.2,2.2867599909659475e-05,0.01337890625,0.0016362128080800176,-0.26622996255755427,0.0012899595,0.0003,-0.5504300594329834,,
439,738,1217,-24.081999999999994,899072,141.82,4380,4.11880069393078e-06,0.2,-0.0003649718768429011,0.034912109375,-0.00901022832840681,-0.26057805921882393,0.002292003,0.0003,0.35185497999191284,,
,,,,900000,,4390,2.1022576904172753e-06,0.2,-0.0002843524474883452,0.036083984375,-0.022656338289380074,-0.28960733986459675,0.0013427401,0.0003,0.49519383907318115,175.4,-25.419999999999998
440,738,1220,-24.409999999999997,901120,145.1,,,,,,,,,,,,
441,738,1223,-24.252999999999993,903168,143.53,4400,2.42738854794311e-06,0.2,-0.0036068209708901124,0.067236328125,-0.0006229528808034956,-0.28442983762361107,0.006629435,0.0003,0.36555635929107666,,
442,738,1225,-24.575,905216,146.75,4410,2.569095806848054e-06,0.2,0.0006823381161666475,0.032861328125,-0.004420916084200144,-0.29203229690901933,0.0028850194,0.0003,-0.0666276216506958,,
443,738,1228,-24.756,907264,148.56,4420,2.9573883848144077e-05,0.2,0.00965845357713988,0.036181640625,0.15307068824768066,-0.27413861439563336,0.0031452146,0.0003,-1.0824363231658936,,
444,738,1231,-24.850999999999996,909312,149.51,4430,1.8168642380800294e-06,0.2,0.0002441469638142735,0.029150390625,-0.001317571266554296,-0.2598815944045782,0.0030762674,0.0003,-0.282340407371521,,
,,,,910000,,4440,8.295521852197396e-06,0.2,-0.0013069456166704186,0.035302734375,-0.013542412780225277,-0.25582870324142276,0.0029916486,0.0003,-1.484212875366211,223.8,-28.240000000000002
445,738,1234,-24.875,911360,149.75,,,,,,,,,,,,
446,738,1237,-25.159999999999997,913408,152.6,4450,2.6627623956443356e-06,0.2,-8.399998478125781e-05,0.025244140625,-0.0025541381910443306,-0.27223602114245293,0.0031648239,0.0003,-0.3137408494949341,,
447,738,1239,-25.298999999999996,915456,153.99,4460,6.967449468220366e-06,0.2,0.0030271164374426006,0.0234375,0.00163454026915133,-0.2438330532517284,0.004199299,0.0003,-2.9012985229492188,,
448,738,1242,-25.63,917504,157.3,4470,2.612128261425539e-06,0.2,-0.004650527439662255,0.06767578125,-0.009790964424610138,-0.274970073858276,0.0052915257,0.0003,-0.2918553352355957,,
449,738,1245,-25.79799999999999,919552,158.98,4480,1.626697009360356e-06,0.2,-0.0007189840100181755,0.023095703125,-0.0038479072973132133,-0.2576714689843357,0.0024189726,0.0003,-0.9374380111694336,,
,,,,920000,,4490,2.131727393983596e-06,0.2,0.00022500745544675737,0.022802734375,0.001659404719248414,-0.2702820402104408,0.001777038,0.0003,-0.6768379211425781,211.2,-29.0
450,738,1248,-25.624999999999996,921600,157.25,,,,,,,,,,,,
451,738,1251,-25.672000000000004,923648,157.72,4500,1.7101793495122308e-06,0.2,-0.00019691924680955707,0.02431640625,-0.0030050035566091537,-0.2671860416419804,0.0018732978,0.0003,-1.9016830921173096,,
452,738,1253,-25.693999999999996,925696,157.94,4510,2.229568322409392e-06,0.2,-0.0004828657256439328,0.018408203125,-0.003861362114548683,-0.24780884957872332,0.0013477965,0.0003,-0.7883713245391846,,
453,738,1256,-25.807999999999996,927744,159.08,4520,3.0649944464222754e-06,0.2,0.0006321682041743771,0.019775390625,-0.004716093186289072,-0.2686430489644408,0.0021907852,0.0003,-0.35345733165740967,,
454,738,1258,-25.686,929792,157.86,4530,1.211839924941671e-06,0.2,-0.001769476436311379,0.0501953125,-0.010005139745771885,-0.28489753413014113,0.0036275908,0.0003,-0.02216029167175293,,
,,,,930000,,4540,2.644586626221468e-06,0.2,-0.0007866380619816482,0.039208984375,0.01079336553812027,-0.28224244131706655,0.0038266645,0.0003,-1.8403198719024658,272.0,-29.02
455,738,1262,-25.619,931840,157.19,,,,,,,,,,,,
456,738,1265,-25.799,933888,158.99,4550,1.276691328744306e-06,0.2,0.00040389983769273385,0.0177734375,0.000493352476041764,-0.27905088202096523,0.0029578856,0.0003,-0.7902321815490723,,
457,738,1267,-25.651999999999997,935936,157.52,4560,2.1541652793111156e-06,0.2,-0.0011952243687119335,0.05078125,-0.00290918187238276,-0.30012030731886624,0.0039475523,0.0003,-0.9172489643096924,,
458,738,1270,-25.261,937984,153.61,4570,3.5189665526402793e-06,0.2,-0.0006192904518684372,0.027978515625,-0.025538813322782516,-0.3107769388705492,0.0032024344,0.0003,-1.0644006729125977,,
,,,,940000,,4580,6.798845294753164e-07,0.2,-0.0003089941485086456,0.0216796875,-0.006875867955386639,-0.3175100185908377,0.0015637247,0.0003,-1.365321397781372,216.2,-27.48
459,738,1273,-25.249999999999996,940032,153.5,,,,,,,,,,,,
460,738,1276,-24.900000000000006,942080,150.0,4590,9.251434730739305e-07,0.2,-0.000983496173284948,0.02236328125,-0.004820663947612047,-0.267983229085803,0.0008220024,0.0003,-0.6911896467208862,,
461,738,1279,-24.89,944128,149.9,4600,9.602397317731714e-07,0.2,-0.0028485562186688186,0.022412109375,0.07822244614362717,-0.2838841836899519,0.0023244778,0.0003,-1.0614614486694336,,
462,738,1281,-24.851,946176,149.51,4610,9.245416631831205e-07,0.2,0.00015220646746456624,0.016357421875,-0.0033091933000832796,-0.2574081413447857,0.00137856,0.0003,-1.3634696006774902,,
463,738,1284,-24.761,948224,148.61,4620,6.392538467903108e-07,0.2,-0.0010975446406519041,0.031787109375,-0.0073449211195111275,-0.28866681274957956,0.0017867535,0.0003,-0.921683669090271,,
,,,,950000,,4630,1.056367906526745e-06,0.2,0.0007010100205661729,0.0279296875,-0.0037005345802754164,-0.34238806609064343,0.0017475872,0.0003,-1.3567898273468018,220.2,-29.9
464,738,1287,-24.854000000000006,950272,149.54,,,,,,,,,,,,
465,738,1290,-24.632999999999996,952320,147.33,4640,1.568125445849944e-06,0.2,-0.0015218236134387554,0.05087890625,-0.012741835787892342,-0.31253906451165675,0.011826251,0.0003,-0.788089394569397,,
466,738,1292,-24.546999999999997,954368,146.47,4650,2.422903921051045e-07,0.2,-0.0010213390472927132,0.035107421875,-0.0017385485116392374,-0.3463134109042585,0.004200535,0.0003,0.07288110256195068,,
467,738,1295,-24.268999999999995,956416,143.69,4660,1.0452044508113544e-06,0.2,5.364790704334155e-05,0.043115234375,-0.013848898932337761,-0.34949727449566126,0.012019919,0.0003,-0.15297985076904297,,
468,738,1297,-24.058000000000003,958464,141.58,4670,4.895698197504573e-07,0.2,-0.00047014311276143416,0.01591796875,-0.0011042810510843992,-0.37027932703495026,0.0029699833,0.0003,0.1730218529701233,,
,,,,960000,,4680,5.600467359201388e-07,0.2,-0.000206081205396913,0.031884765625,-0.0036039913538843393,-0.35916119078174236,0.0029836353,0.0003,-0.14432024955749512,188.6,-28.759999999999998
469,738,1301,-23.61,960512,137.1,,,,,,,,,,,,
470,738,1303,-23.312,962560,134.12,4690,9.228420368323497e-07,0.2,-0.0030688149243360387,0.0765625,0.0041561671532690525,-0.3395988766569644,0.007476137,0.0003,0.3029758930206299,,
471,738,1306,-23.487999999999996,964608,135.88,4700,2.5346192664699176e-07,0.2,-0.0028030979839968493,0.033837890625,-0.007083133794367313,-0.3386818218976259,0.0031880527,0.0003,0.777076244354248,,
472,738,1309,-23.502,966656,136.02,4710,7.304975729205409e-07,0.2,0.0001436840568203479,0.070849609375,0.006423681043088436,-0.3566578573547304,0.0064002792,0.0003,0.4366323947906494,,
473,738,1311,-23.322,968704,134.22,4720,3.0621910083183936e-07,0.2,-0.0005479483472299763,0.048095703125,-0.0011032172478735447,-0.34503995403647425,0.0061693867,0.0003,0.6675118803977966,,
,,,,970000,,4730,5.452647937609356e-07,0.2,-0.0010344184411223978,0.029248046875,-0.002424078295007348,-0.3543532446026802,0.0040208152,0.0003,0.12130510807037354,143.0,-24.2
474,738,1314,-23.421999999999997,970752,135.22,,,,,,,,,,,,
475,738,1317,-23.459,972800,135.59,4740,8.285925232165426e-07,0.2,-0.0004081996696186252,0.035107421875,-0.00966751016676426,-0.3379945931024849,0.0016252203,0.0003,-1.780259370803833,,
476,738,1320,-23.427,974848,135.27,4750,1.7800837639025957e-06,0.2,-0.0002640758786583319,0.030615234375,-0.004330339841544628,-0.3484334107488394,0.005164796,0.0003,-0.9745248556137085,,
477,738,1322,-23.340999999999998,976896,134.41,4760,1.2780075051566086e-07,0.2,-0.0001407463030773215,0.018701171875,-0.005352707114070654,-0.3397376797161996,0.002628673,0.0003,-2.434875011444092,,
478,738,1325,-22.773999999999997,978944,128.74,4770,6.620088566222648e-07,0.2,-0.0021228660334600136,0.07021484375,-0.006231140345335007,-0.3865457917563617,0.0074735302,0.0003,-0.14215517044067383,,
,,,,980000,,4780,1.4124904890167045e-07,0.2,-0.0008694174335687421,0.028515625,-0.010705512948334217,-0.36475300379097464,0.0032820643,0.0003,0.6521870493888855,187.0,-28.6
479,738,1328,-22.583000000000002,980992,126.83,,,,,,,,,,,,
480,738,1331,-22.178999999999995,983040,122.79,4790,7.136349955416676e-07,0.2,0.0001409213786246255,0.023583984375,-0.00582850119099021,-0.42738808756694197,0.0011503496,0.0003,0.012511968612670898,,
481,738,1333,-21.579000000000004,985088,116.79,4800,9.893320090714751e-07,0.2,-0.001172344561200589,0.063232421875,-0.010717268101871014,-0.44375238139182327,0.0038552713,0.0003,0.7319183349609375,,
482,738,1336,-21.381999999999998,987136,114.82,4810,2.155718132890172e-08,0.2,0.0005298334523104131,0.022705078125,-0.010772555135190487,-0.432945903390646,0.0014482207,0.0003,0.7434711456298828,,
483,738,1339,-21.054000000000002,989184,111.54,4820,2.1514869882555133e-06,0.2,-0.002090859737654682,0.073876953125,-0.01706271804869175,-0.4454561103135347,0.013227266,0.0003,0.6139593720436096,,
,,,,990000,,4830,7.046704095792222e-08,0.2,-0.00013978271163068713,0.085205078125,-0.0009202216169796884,-0.4785214646719396,0.01282387,0.0003,-0.44975829124450684,155.6,-25.46
484,738,1342,-20.796999999999997,991232,108.97,,,,,,,,,,,,
485,738,1345,-20.515,993280,106.15,4840,5.573589172414017e-08,0.2,-0.0011661383439786732,0.027490234375,-0.005130453035235405,-0.461215294059366,0.0031037233,0.0003,0.46841734647750854,,
486,738,1347,-20.187,995328,102.87,4850,6.551115947495134e-08,0.2,0.0009793345743673854,0.0470703125,0.040833570063114166,-0.4870175126940012,0.0060052937,0.0003,-0.48632049560546875,,
487,738,1350,-19.62,997376,97.2,4860,1.5871710131065697e-06,0.2,-0.005126464448403567,0.134521484375,-0.014603616669774055,-0.5152147255837918,0.016272835,0.0003,-2.6412129402160645,,
488,738,1353,-19.04,999424,91.4,4870,3.741373850729701e-07,0.2,-0.000524640126968734,0.073779296875,0.00771695002913475,-0.49927154649049044,0.008508179,0.0003,-1.5707318782806396,,
,,,,1000000,,4880,9.411952660842714e-06,0.2,0.00011091343185398728,0.0484375,0.002274653874337673,-0.514987166132778,0.0067732097,0.0003,-2.7465555667877197,151.8,-25.080000000000002
489,738,1356,-18.686000000000003,1001472,87.86,,,,,,,,,,,,
