time/iterations,rollout/ep_rew_mean,time/fps,time/time_elapsed,time/total_timesteps,rollout/ep_len_mean,train/value_loss,train/clip_range,train/learning_rate,train/clip_fraction,train/entropy_loss,train/approx_kl,train/n_updates,train/loss,train/policy_gradient_loss,train/explained_variance,eval/mean_ep_length,eval/mean_reward
1,-10.0,974,2,2048,53.63157894736842,,,,,,,,,,,,
2,-10.0,768,5,4096,53.73684210526316,5.745067260414362,0.2,0.0003,0.0,-0.6920991292223334,0.0033684846,10,1.2612965106964111,-0.00012010676437057555,0.004747509956359863,,
3,-10.0,725,8,6144,54.47,0.6238025114405901,0.2,0.0003,0.0,-0.6862280786037445,0.0022745337,20,0.13736796379089355,-0.0002047375834081322,0.8386831879615784,,
4,-10.0,713,11,8192,56.13,0.09844043769408017,0.2,0.0003,0.088916015625,-0.6443245815113187,0.015099083,30,0.004636670462787151,-0.012763742750394158,0.9844944477081299,,
,,,,10000,,0.05470818988978863,0.2,0.0003,0.05517578125,-0.5911919739097357,0.010170618,40,0.04424971714615822,-0.011729580242536031,0.9652126431465149,45.0,-10.0
5,-10.0,689,14,10240,58.53,,,,,,,,,,,,
6,-10.0,686,17,12288,61.89,0.04380520244012587,0.2,0.0003,0.1376953125,-0.5264274386689067,0.010295851,50,-0.014733806252479553,-0.013001077974331565,0.9723953008651733,,
7,-10.0,682,20,14336,67.68,0.04605610881699249,0.2,0.0003,0.180712890625,-0.43638397939503193,0.029929593,60,-0.02776026725769043,-0.021245598085806706,0.9735562205314636,,
8,-10.0,682,24,16384,76.89,0.1480223644990474,0.2,0.0003,0.112109375,-0.29695606459863483,0.020419713,70,0.0338156558573246,-0.017397214935044758,0.9002548456192017,,
9,-10.0,682,27,18432,87.03,0.3646564933937043,0.2,0.0003,0.073974609375,-0.2313686042558402,0.0036087737,80,0.1508304327726364,-0.009894162059936207,0.7867108583450317,,
,,,,20000,,0.23840472951997072,0.2,0.0003,0.066796875,-0.16073246686719359,0.018645529,90,0.1050473004579544,-0.010196677106432617,0.877349853515625,45.0,-10.0
10,-10.0,678,30,20480,98.95,,,,,,,,,,,,
11,-10.0,678,33,22528,111.75,0.3168729512952268,0.2,0.0003,0.054541015625,-0.17054841979406773,0.0074924906,100,0.17144319415092468,-0.010338769148802385,0.8545591831207275,,
12,-10.0,672,36,24576,125.02,0.5496224434347823,0.2,0.0003,0.032861328125,-0.17859192602336407,0.008964083,110,0.44212600588798523,-0.00568207792530302,0.7794289588928223,,
13,-10.0,672,39,26624,135.31,0.13435470463009552,0.2,0.0003,0.0404296875,-0.17108752517960965,0.014171004,120,0.016323259100317955,-0.0025056164711713793,0.9261529445648193,,
14,-10.0,672,42,28672,147.51,0.8005502593470737,0.2,0.0003,0.0767578125,-0.28041910389438274,0.021946765,130,0.6991773843765259,-0.012884530908195302,0.8068869113922119,,
,,,,30000,,0.020168940637086054,0.2,0.0003,0.026318359375,-0.16924332198686898,0.0038648224,140,0.004383526276797056,-0.00036306157999206335,0.9831337928771973,45.0,-10.0
15,-10.0,669,45,30720,154.47,,,,,,,,,,,,
16,-10.0,669,48,32768,162.86,0.22363107034761925,0.2,0.0003,0.013134765625,-0.19648120859637858,0.0006173958,150,0.048315949738025665,-0.0020089352852664887,0.9501405358314514,,
17,-10.0,670,51,34816,170.23,0.004920456810941687,0.2,0.0003,0.010009765625,-0.1855375101324171,0.00065073103,160,0.00481137540191412,0.00045620060991495847,0.9949045181274414,,
18,-10.0,667,55,36864,174.62,0.005002007852453971,0.2,0.0003,0.009912109375,-0.1848256719764322,0.0009675429,170,-0.002300383523106575,-0.000637069609365426,0.9972758889198303,,
19,-10.0,665,58,38912,174.4,0.23629598747065755,0.2,0.0003,0.02216796875,-0.20467920433729886,0.002004617,180,0.05312333628535271,-0.001099126621556934,0.9585440754890442,,
,,,,40000,,0.23151469883450773,0.2,0.0003,0.036083984375,-0.22279985966160892,0.0021595154,190,0.021465985104441643,-0.002056461400934495,0.9589323997497559,187.0,-10.0
20,-10.0,658,62,40960,177.01,,,,,,,,,,,,
21,-10.0,659,65,43008,179.83,0.0040154514623282015,0.2,0.0003,0.020556640625,-0.20328208482824267,0.0013212683,200,0.010730590671300888,-0.0017967921157833189,0.9986204504966736,,
22,-10.0,660,68,45056,182.72,0.0032257568405839264,0.2,0.0003,0.006884765625,-0.2202775369863957,0.0007760533,210,-0.0035457361955195665,-3.580018237698823e-05,0.999072253704071,,
23,-10.0,661,71,47104,182.72,0.003168863005703315,0.2,0.0003,0.0125,-0.21483745924197137,0.00079793984,220,0.002724939724430442,0.0002741057804087177,0.9992819428443909,,
24,-10.0,660,74,49152,184.14,0.002362675653785118,0.2,0.0003,0.00771484375,-0.19809513119980693,0.00031467815,230,0.001262320438399911,1.4013543841429055e-05,0.9995036125183105,,
,,,,50000,,0.0018736902639830077,0.2,0.0003,0.011865234375,-0.1894824237562716,0.0012892422,240,-0.004339545965194702,-0.000502678652992472,0.9996103644371033,187.0,-10.0
25,-10.0,657,77,51200,184.14,,,,,,,,,,,,
26,-10.0,657,80,53248,184.14,0.0015938662389089586,0.2,0.0003,0.0130859375,-0.1899954321794212,0.001079144,250,0.00033487752079963684,-0.0007634348759893328,0.9996507167816162,,
27,-10.0,656,84,55296,185.41,0.0011898373081749014,0.2,0.0003,0.021044921875,-0.2197611869778484,0.0011852401,260,-0.008155182003974915,-2.3080706887412818e-05,0.9997531175613403,,
28,-10.0,657,87,57344,186.83,0.007356008616625331,0.2,0.0003,0.017578125,-0.15226465652231128,0.0013756282,270,-0.0029395506717264652,-0.0015341394057031721,0.9985783100128174,,
29,-10.0,657,90,59392,186.83,0.0013657491136655152,0.2,0.0003,0.026220703125,-0.1714002155466005,0.0053561386,280,-0.01521393097937107,-0.001438297115964815,0.9996888637542725,,
,,,,60000,,0.0009141136903508595,0.2,0.0003,0.021142578125,-0.178671987215057,0.0012705547,290,-0.0017600968712940812,-0.0030036660347832365,0.9998210072517395,187.0,-10.0
30,-10.0,654,93,61440,186.85,,,,,,,,,,,,
31,-10.0,655,96,63488,186.85,0.0007866210718930234,0.2,0.0003,0.01044921875,-0.1765388935804367,0.0018711071,300,-0.0029308206867426634,-0.0002684742459678091,0.9998539090156555,,
32,-10.0,654,100,65536,186.85,0.000645147384716438,0.2,0.0003,0.01435546875,-0.1985320146661252,0.0011573241,310,-0.004236847162246704,0.00032411813153885303,0.9998827576637268,,
33,-10.0,654,103,67584,186.85,0.0006195997664462993,0.2,0.0003,0.0115234375,-0.19298480004072188,0.00040280243,320,-0.00048141181468963623,0.0004328816125052981,0.9998916983604431,,
34,-10.0,653,106,69632,186.85,0.0005741441995041896,0.2,0.0003,0.03251953125,-0.1892070585396141,0.0053647347,330,-0.00260849017649889,-0.0011813070654170589,0.9999042749404907,,
,,,,70000,,0.0005559832497965544,0.2,0.0003,0.0134765625,-0.2079283535014838,0.0006712708,340,-0.0008337686304003,0.00029580209957202896,0.9999029636383057,187.0,-10.0
35,-10.0,651,109,71680,186.85,,,,,,,,,,,,
36,-10.0,652,113,73728,187.0,0.0005339596383009849,0.2,0.0003,0.0275390625,-0.18775312812067568,0.0031946271,350,0.0021306376438587904,0.0004515365610131994,0.9999096393585205,,
37,-10.0,652,116,75776,187.0,0.0005407585138527792,0.2,0.0003,0.016162109375,-0.18035572580993176,0.0013518241,360,-0.0008774640737101436,-0.0003664458898128942,0.9999111890792847,,
38,-10.0,652,119,77824,187.0,0.0005329657171614599,0.2,0.0003,0.03330078125,-0.24482884895987808,0.0026025437,370,-0.009093580767512321,0.0003034621011465788,0.999915599822998,,
39,-10.0,652,122,79872,187.0,0.0005136265223427472,0.2,0.0003,0.02421875,-0.18491641643922777,0.0024986262,380,-0.004698713310062885,-0.001155845756875351,0.9999165534973145,,
,,,,80000,,0.0004958901060263087,0.2,0.0003,0.03056640625,-0.22745193666778504,0.0024683732,390,9.782979032024741e-05,0.0004354538512416184,0.9999179244041443,187.0,-10.0
40,-10.0,649,126,81920,187.0,,,,,,,,,,,,
41,-10.0,650,129,83968,187.0,0.0004896156483482628,0.2,0.0003,0.014794921875,-0.18357855901122094,0.001089531,400,0.0012967766961082816,7.601910911034793e-05,0.9999197125434875,,
42,-10.0,650,132,86016,187.0,0.0005071215525504158,0.2,0.0003,0.01826171875,-0.21606252291239797,0.0011625355,410,0.0031072332058101892,0.00023712373804301022,0.9999178051948547,,
43,-10.0,651,135,88064,186.86,0.00048151616060749803,0.2,0.0003,0.01865234375,-0.18764331012498586,0.0031266608,420,-0.004492227453738451,-4.3973594438284634e-05,0.9999216794967651,,
,,,,90000,,0.006399484249868692,0.2,0.0003,0.009619140625,-0.20282454160042107,0.00036852626,430,4.796485882252455e-05,-0.0014945569128030911,0.9986732006072998,187.0,-10.0
44,-10.0,649,138,90112,186.86,,,,,,,,,,,,
45,-10.0,649,141,92160,186.86,0.0007801851214935595,0.2,0.0003,0.02041015625,-0.14041030518710612,0.00094778766,440,-0.002477545291185379,-0.002322947236825712,0.9997196197509766,,
46,-10.0,649,144,94208,186.83,0.000518981724940204,0.2,0.0003,0.0203125,-0.16782304598018527,0.0012980489,450,-0.00016203022096306086,-0.00029853144515072926,0.999889075756073,,
47,-10.0,649,148,96256,186.83,0.000801087665331579,0.2,0.0003,0.018505859375,-0.1779855219181627,0.0022916067,460,-0.004100423771888018,-0.0012833388667786495,0.9998517036437988,,
48,-10.0,649,151,98304,186.83,0.0004953713016902839,0.2,0.0003,0.029736328125,-0.18415260154288263,0.0023177676,470,-0.004013582598417997,-0.0009996036475058644,0.9999086260795593,,
,,,,100000,,0.0004953432978254569,0.2,0.0003,0.0369140625,-0.2020506390137598,0.0010192492,480,-0.006154398899525404,-0.00015497413696721196,0.999912440776825,187.0,-10.0
49,-10.0,647,155,100352,186.83,,,,,,,,,,,,
50,-10.0,647,158,102400,186.81,0.00045866021259826083,0.2,0.0003,0.00986328125,-0.16681914033833892,0.0006464892,490,-0.0029330349061638117,0.0004085890788701363,0.999921977519989,,
51,-10.0,648,161,104448,186.81,0.0005959163723446182,0.2,0.0003,0.009765625,-0.1590848768595606,0.00034039727,500,-0.000764380965847522,-3.165540256304667e-05,0.9998964071273804,,
52,-10.0,648,164,106496,186.95,0.00045980247542729555,0.2,0.0003,0.022705078125,-0.21298543312586843,0.0008324262,510,-0.0015626930398866534,0.0002596966573037207,0.9999242424964905,,
53,-10.0,649,167,108544,186.95,0.000455769805557793,0.2,0.0003,0.017724609375,-0.19638003001455218,0.0028802631,520,0.003507263259962201,0.0007287502099643462,0.9999251365661621,,
,,,,110000,,0.0004551591950985312,0.2,0.0003,0.028955078125,-0.17498167192097752,0.0034558675,530,0.0005080525879748166,-8.003842376638203e-05,0.9999265074729919,187.0,-10.0
54,-10.0,647,170,110592,186.95,,,,,,,,,,,,
55,-10.0,647,173,112640,186.98,0.00046158598966030697,0.2,0.0003,0.031787109375,-0.20978783373720944,0.0024191465,540,-0.011294075287878513,0.0008721530786715448,0.9999216198921204,,
56,-10.0,648,176,114688,186.59,0.000461440151775605,0.2,0.0003,0.020166015625,-0.1797463497146964,0.0011186334,550,-0.0007320452714338899,0.0007164866154198534,0.9999233484268188,,
57,-10.0,648,180,116736,186.51,0.019030032289083464,0.2,0.0003,0.046240234375,-0.16139437465462833,0.0023787098,560,0.0037734494544565678,-0.0024674784450326114,0.9960110187530518,,
58,-10.0,649,183,118784,186.4,0.0017420598286662426,0.2,0.0003,0.01787109375,-0.16217315087560563,0.0013421774,570,-0.0017102843848988414,-0.002482541705830954,0.9996146559715271,,
,,,,120000,,0.00216802681061381,0.2,0.0003,0.02275390625,-0.1582432589493692,0.0011675702,580,-0.0028095419984310865,-0.0018715257727308198,0.9996139407157898,187.0,-10.0
59,-10.0,647,186,120832,186.42,,,,,,,,,,,,
60,-10.0,647,189,122880,186.42,0.0007460926792646205,0.2,0.0003,0.023486328125,-0.15486531765200198,0.0011354311,590,-0.008914779871702194,-0.0022034631867427377,0.9998030066490173,,
61,-10.0,648,192,124928,186.42,0.0005657186036160056,0.2,0.0003,0.021630859375,-0.15401014708913863,0.0007546268,600,-0.003125653602182865,-0.0008468917498248629,0.9998599886894226,,
62,-10.0,650,195,126976,186.42,0.00046661498411140203,0.2,0.0003,0.018212890625,-0.17542484656441956,0.0027610806,610,0.01457419153302908,0.0009530305440421216,0.999904215335846,,
63,-10.0,651,197,129024,186.42,0.0004329864336796163,0.2,0.0003,0.01650390625,-0.17306738023180515,0.0009228523,620,-0.0022787635680288076,-0.00034331471397308633,0.9999229907989502,,
,,,,130000,,0.0004346454045844439,0.2,0.0003,0.038232421875,-0.2178300202358514,0.004680272,630,0.004030091222375631,-0.0009429200945305638,0.999925971031189,187.0,-10.0
64,-10.0,651,201,131072,186.42,,,,,,,,,,,,
65,-10.0,653,203,133120,186.8,0.000427213721127373,0.2,0.0003,0.013134765625,-0.2078504251781851,0.003197122,640,0.0004766231868416071,1.6192090697586536e-06,0.9999271035194397,,
66,-10.0,654,206,135168,186.89,0.0004662886707592406,0.2,0.0003,0.035400390625,-0.2088037757202983,0.0031448414,650,-0.0008347168331965804,-0.0008941801337641664,0.99992436170578,,
67,-10.0,656,209,137216,186.96,0.0004152032144929763,0.2,0.0003,0.0232421875,-0.18441999575588852,0.0025895864,660,-0.0027482514269649982,0.0005226736961049028,0.9999291896820068,,
68,-10.0,657,211,139264,186.96,0.001042716804158772,0.2,0.0003,0.0109375,-0.17462542324792593,0.00095594546,670,0.009356198832392693,0.0007095767388818786,0.9998269081115723,,
,,,,140000,,0.00041338489036206737,0.2,0.0003,0.014599609375,-0.14222563712392003,0.00082933484,680,-0.0030853445641696453,-0.0008801662217592821,0.9999288320541382,187.0,-10.0
69,-10.0,657,214,141312,186.96,,,,,,,,,,,,
70,-10.0,658,217,143360,186.96,0.00037898683940511545,0.2,0.0003,0.019140625,-0.16634234206285328,0.0031549418,690,-0.002064853673800826,0.0001439253886928782,0.999936580657959,,
71,-10.0,659,220,145408,186.96,0.00041530040095949516,0.2,0.0003,0.043603515625,-0.20019849445670843,0.0028987424,700,-0.0030449547339230776,-0.0019449072919087485,0.9999306797981262,,
72,-10.0,661,223,147456,186.96,0.00038509170851739325,0.2,0.0003,0.024853515625,-0.1772760957945138,0.0023818952,710,-8.088584581855685e-05,-0.0006467742641689256,0.9999341368675232,,
73,-10.0,662,225,149504,186.86,0.0003780590071755796,0.2,0.0003,0.016845703125,-0.20435831905342638,0.001607001,720,0.00047859197366051376,0.0005856747186044231,0.9999346137046814,,
,,,,150000,,0.0019614796574387583,0.2,0.0003,0.018994140625,-0.16630170049611478,0.0012374942,730,-0.002038773149251938,0.0006950085051357746,0.9995917677879333,187.0,-10.0
74,-10.0,662,228,151552,186.58,,,,,,,,,,,,
75,-10.0,663,231,153600,186.45,0.008268466985464329,0.2,0.0003,0.018408203125,-0.18147907145321368,0.0006749953,740,-0.001546650193631649,-0.001634488915442489,0.9982344508171082,,
76,-10.0,664,234,155648,186.49,0.0031576624107401583,0.2,0.0003,0.017822265625,-0.18423848603852094,0.001282726,750,-0.004288509488105774,-0.0015315269818529486,0.9993363618850708,,
77,-10.0,665,236,157696,186.49,0.0008322555983340862,0.2,0.0003,0.017333984375,-0.14363506510853769,0.0013456915,760,0.00023319348110817373,-0.0015340853642555885,0.9997151494026184,,
78,-10.0,666,239,159744,186.49,0.0005525836217884717,0.2,0.0003,0.054833984375,-0.17349899148102849,0.0069027487,770,0.0016279710689559579,-0.001716565538663417,0.9998564124107361,,
,,,,160000,,0.0005246134714070649,0.2,0.0003,0.01962890625,-0.18770109878387303,0.0017137678,780,-0.0024289004504680634,0.000684486556565389,0.9998797178268433,187.0,-10.0
79,-10.0,666,242,161792,186.49,,,,,,,,,,,,
80,-10.0,666,245,163840,186.49,0.00038239566160882534,0.2,0.0003,0.044677734375,-0.1862379598431289,0.0032714522,790,-0.01651664823293686,-0.0004054548568092287,0.9999256730079651,,
81,-10.0,667,248,165888,186.49,0.00039140211126778015,0.2,0.0003,0.014990234375,-0.18090055822394788,0.0032201814,800,-0.006508916616439819,0.0002531420104787685,0.9999227523803711,,
82,-10.0,668,251,167936,186.59,0.00035468486498757557,0.2,0.0003,0.01689453125,-0.17544092442840337,0.0015708655,810,-0.000886938301846385,0.0007147784548578784,0.9999374747276306,,
83,-10.0,669,254,169984,186.87,0.00037468166478902274,0.2,0.0003,0.008642578125,-0.16774093224667014,0.00082433317,820,-0.0001789109082892537,-0.0004635852936189622,0.9999387264251709,,
,,,,170000,,0.0003136840094612126,0.2,0.0003,0.01767578125,-0.15646187448874116,0.002334162,830,-0.0016260811826214194,0.000502888933988288,0.9999480247497559,187.0,-10.0
84,-10.0,669,257,172032,186.92,,,,,,,,,,,,
85,-10.0,670,259,174080,187.0,0.0003183534614436212,0.2,0.0003,0.010986328125,-0.15690725452732296,0.0013849856,840,-0.008773893117904663,0.0005018814452341757,0.9999449849128723,,
86,-10.0,671,262,176128,187.0,0.00031485820188663637,0.2,0.0003,0.016845703125,-0.1664170639589429,0.0013164032,850,-0.006485013756901026,0.00020069426682312042,0.9999461770057678,,
87,-10.0,672,265,178176,187.0,0.0003223887282160831,0.2,0.0003,0.02763671875,-0.19941718941554426,0.0053255707,860,-0.002678638556972146,0.00020890667219646274,0.9999486207962036,,
,,,,180000,,0.0003108755409471087,0.2,0.0003,0.022216796875,-0.2027123895008117,0.0022052648,870,-0.0011272956617176533,-0.00025952572032110764,0.9999486804008484,187.0,-10.0
88,-10.0,672,268,180224,187.0,,,,,,,,,,,,
89,-10.0,673,270,182272,186.94,0.00029281977028858817,0.2,0.0003,0.025537109375,-0.18976315748877823,0.0025899755,880,-0.0019173813052475452,0.0002295185622642748,0.999950647354126,,
90,-10.0,674,273,184320,186.94,0.0015775653442688053,0.2,0.0003,0.006884765625,-0.19024987779557706,0.0005990844,890,-0.0013353375252336264,-0.0002848964766599238,0.9997085332870483,,
91,-10.0,675,276,186368,186.94,0.0003496788576171639,0.2,0.0003,0.0142578125,-0.1916228124173358,0.000893611,900,0.014531426131725311,-0.0001735682104481384,0.9999222159385681,,
92,-10.0,675,278,188416,186.94,0.0002983936285204436,0.2,0.0003,0.022802734375,-0.17225564862601458,0.001013334,910,-0.0007856208831071854,0.0007873168826336042,0.9999477863311768,,
,,,,190000,,0.00029065234118661463,0.2,0.0003,0.01982421875,-0.16854736625682562,0.0014290733,920,-0.0023050885647535324,0.0003374707986949943,0.9999510049819946,187.0,-10.0
93,-10.0,675,281,190464,186.94,,,,,,,,,,,,
94,-10.0,676,284,192512,186.94,0.00032003865023852993,0.2,0.0003,0.010302734375,-0.17140618015546352,0.0010925669,930,-0.004088864661753178,6.581428169738501e-05,0.9999528527259827,,
95,-10.0,677,287,194560,186.94,0.000269173050446625,0.2,0.0003,0.014306640625,-0.16305855631362648,0.0005061029,940,-0.0009645796380937099,0.0006283305818215012,0.9999570250511169,,
96,-10.0,677,290,196608,186.92,0.00025944550550320854,0.2,0.0003,0.018603515625,-0.18300672476179897,0.004818526,950,0.010031609795987606,0.0004868323463597335,0.9999561309814453,,
97,-10.0,678,292,198656,186.92,0.0004373580756919182,0.2,0.0003,0.014404296875,-0.18631595990154892,0.0013681431,960,0.0022361846640706062,0.00029992343042977153,0.9999257326126099,,
,,,,200000,,0.00025501297556047576,0.2,0.0003,0.016064453125,-0.18203156371600926,0.0013665326,970,0.00042714568553492427,-0.00044443695369409395,0.9999567270278931,187.0,-10.0
98,-10.0,678,295,200704,186.98,,,,,,,,,,,,
99,-10.0,679,298,202752,186.98,0.0002707448935098,0.2,0.0003,0.0390625,-0.18846461293287575,0.005426119,980,0.014184026047587395,0.0006225288234418258,0.9999577403068542,,
100,-10.0,680,301,204800,186.98,0.0002301978434047669,0.2,0.0003,0.030859375,-0.18556962902657687,0.0017774741,990,0.0020793399307876825,0.00024914637906476856,0.9999611377716064,,
101,-10.0,680,303,206848,186.98,0.00024012173801111203,0.2,0.0003,0.03994140625,-0.1910738700767979,0.0060209185,1000,0.004855418112128973,-5.459479434648529e-05,0.9999616146087646,,
102,-10.0,681,306,208896,186.95,0.0002536005287822718,0.2,0.0003,0.01357421875,-0.16304704621434213,0.0022101225,1010,0.0008102420251816511,0.00019777532725129277,0.9999631643295288,,
,,,,210000,,0.0005696551239907421,0.2,0.0003,0.011328125,-0.16444187711458652,0.0006800371,1020,-0.002436244860291481,0.00031171918963082137,0.9999029040336609,187.0,-10.0
103,-10.0,681,309,210944,186.95,,,,,,,,,,,,
104,-10.0,681,312,212992,186.95,0.00023465366371056007,0.2,0.0003,0.017431640625,-0.14433029568754135,0.001967169,1030,-0.009819168597459793,-0.00021906087640672923,0.999956488609314,,
105,-10.0,682,315,215040,186.97,0.00022436874716049715,0.2,0.0003,0.01533203125,-0.15717443756293506,0.0007387796,1040,-0.0058701918460428715,0.0008822605828754604,0.9999620318412781,,
106,-10.0,683,317,217088,186.97,0.00020502479421793395,0.2,0.0003,0.015673828125,-0.1608958067605272,0.0027658073,1050,-0.005248507019132376,0.00023966289445525034,0.9999649524688721,,
107,-10.0,683,320,219136,186.97,0.00021335948895853107,0.2,0.0003,0.02880859375,-0.184323746454902,0.004553537,1060,-0.0011726876255124807,0.00022358742426149548,0.9999659061431885,,
,,,,220000,,0.00020742571240930374,0.2,0.0003,0.014599609375,-0.1644567124778405,0.0016456291,1070,0.00041010769200511277,0.00037471338000614194,0.9999654293060303,187.0,-10.0
108,-10.0,683,323,221184,186.97,,,,,,,,,,,,
109,-10.0,684,326,223232,186.88,0.00022794215208250536,0.2,0.0003,0.03349609375,-0.17787320900242776,0.00333716,1080,0.004239515867084265,-3.578878822736442e-05,0.9999663233757019,,
110,-10.0,685,328,225280,186.88,0.0030995660846656393,0.2,0.0003,0.014990234375,-0.1491298175416887,0.0007658329,1090,-0.0014670947566628456,0.0002602631109766662,0.9994680881500244,,
111,-10.0,685,331,227328,186.88,0.00027620916187061085,0.2,0.0003,0.0193359375,-0.13976759309880435,0.001546845,1100,-0.007022233679890633,-0.0017969157343031839,0.999936580657959,,
112,-10.0,686,334,229376,186.91,0.00021325400095975055,0.2,0.0003,0.01455078125,-0.14965837080962957,0.0014999909,1110,0.0046234214678406715,0.0007454010483343154,0.9999563097953796,,
,,,,230000,,0.0001908154127590933,0.2,0.0003,0.0087890625,-0.16475730009842665,0.0004644189,1120,0.0006709693698212504,-0.00031669114250689747,0.9999628067016602,187.0,-10.0
113,-10.0,685,337,231424,186.87,,,,,,,,,,,,
114,-10.0,686,340,233472,186.83,0.000783427069973186,0.2,0.0003,0.0150390625,-0.16160518056713044,0.008070525,1130,-0.0018813330680131912,0.0014563364937203005,0.9998623132705688,,
115,-10.0,687,342,235520,186.83,0.0007699403115111636,0.2,0.0003,0.011376953125,-0.1572003557346761,0.0006642594,1140,0.00195372779853642,-0.0007302901707589626,0.9998726844787598,,
116,-10.0,687,345,237568,186.83,0.00022825442284784002,0.2,0.0003,0.014208984375,-0.13422136879526078,0.0013488004,1150,0.006552312057465315,-0.0010205737591604703,0.9999577403068542,,
117,-10.0,688,348,239616,186.83,0.00019218989734781644,0.2,0.0003,0.029052734375,-0.1733725933590904,0.0045492165,1160,-0.0013842190383002162,0.00043074694112874565,0.9999672770500183,,
,,,,240000,,0.00019750810838559119,0.2,0.0003,0.013037109375,-0.15194764607585967,0.00068110233,1170,-0.003708183066919446,0.000912699379841797,0.9999676942825317,187.0,-10.0
118,-10.0,688,351,241664,186.92,,,,,,,,,,,,
119,-10.0,688,353,243712,186.92,0.0001944065220641278,0.2,0.0003,0.021044921875,-0.17071214581374078,0.00045262242,1180,-0.004135444760322571,0.00045368557330220937,0.9999693036079407,,
120,-10.0,689,356,245760,186.92,0.00018023164642499978,0.2,0.0003,0.021728515625,-0.13889375953003763,0.0016305323,1190,-0.0004369465459603816,-0.0003047361198696308,0.9999704360961914,,
121,-10.0,689,359,247808,186.92,0.00018126461552014916,0.2,0.0003,0.0115234375,-0.12436120908241718,0.00061069115,1200,0.0005550926434807479,1.757474456098862e-05,0.9999704957008362,,
122,-10.0,690,362,249856,186.96,0.00018406874524998785,0.2,0.0003,0.015087890625,-0.17230070759542288,0.004222249,1210,-0.004004024900496006,0.00031488434615312144,0.9999714493751526,,
,,,,250000,,0.0001769293270513117,0.2,0.0003,0.025537109375,-0.16738840350881218,0.0021832166,1220,-0.000824538292363286,-0.00023745192738715558,0.9999731183052063,187.0,-10.0
123,-10.0,690,365,251904,187.0,,,,,,,,,,,,
124,-10.0,690,367,253952,187.0,0.00017165231914191282,0.2,0.0003,0.02197265625,-0.19147036175709217,0.0023825048,1230,-0.00022179100778885186,0.0002723300931393169,0.999971866607666,,
125,-10.0,691,370,256000,187.0,0.000168803478885593,0.2,0.0003,0.0173828125,-0.18927046093158423,0.0010252534,1240,0.0023824472445994616,-8.411279559368267e-05,0.9999741911888123,,
126,-10.0,691,373,258048,187.0,0.00016007261881441083,0.2,0.0003,0.02744140625,-0.19762807432562113,0.005801302,1250,0.0010048520052805543,0.00040623845416121185,0.9999743700027466,,
,,,,260000,,0.00015750279962958302,0.2,0.0003,0.00947265625,-0.13446701359935104,0.000964797,1260,-0.002123924670740962,0.00015618935140082613,0.9999749660491943,187.0,-10.0
127,-10.0,691,376,260096,187.0,,,,,,,,,,,,
128,-10.0,691,378,262144,187.0,0.00015407842056447407,0.2,0.0003,0.007470703125,-0.16368754706345498,0.0008911409,1270,0.0012094930279999971,0.0003931724524591118,0.9999746084213257,,
129,-10.0,692,381,264192,187.0,0.00015363786588977745,0.2,0.0003,0.015576171875,-0.14708808390423656,0.0010086948,1280,0.0013639742974191904,0.0002103080041706562,0.9999767541885376,,
130,-10.0,692,384,266240,187.0,0.00014816286063705774,0.2,0.0003,0.01201171875,-0.1583057917887345,0.0004028061,1290,-0.009480541571974754,0.0004186957536148839,0.9999751448631287,,
131,-10.0,692,387,268288,186.94,0.00015311474452346375,0.2,0.0003,0.0216796875,-0.18300461494363846,0.0019980236,1300,0.005092996172606945,0.00019181818788638338,0.9999753832817078,,
,,,,270000,,0.001633262789755463,0.2,0.0003,0.01083984375,-0.15007195121143013,0.0006076064,1310,-0.0016223802231252193,-1.2057539424858988e-05,0.9997323751449585,187.0,-10.0
132,-10.0,692,390,270336,186.81,,,,,,,,,,,,
133,-10.0,692,393,272384,186.79,0.0057101945129033995,0.2,0.0003,0.01435546875,-0.14345647748559714,0.0016637987,1320,0.004100373014807701,-0.0015773483319208026,0.998979389667511,,
134,-10.0,693,395,274432,186.79,0.0005628729529462362,0.2,0.0003,0.015771484375,-0.15280523763503878,0.00087088137,1330,0.0045091621577739716,-0.00016458961181342602,0.9998734593391418,,
135,-10.0,693,398,276480,186.79,0.00022868410057981238,0.2,0.0003,0.02265625,-0.14458056187722831,0.0020586336,1340,0.0056918226182460785,0.0004297852501622401,0.9999398589134216,,
136,-10.0,694,401,278528,186.79,0.00016808702041544167,0.2,0.0003,0.039990234375,-0.16847537730354817,0.0048109293,1350,-0.008688472211360931,-0.0011138851274154148,0.9999648332595825,,
,,,,280000,,0.00014196230618495064,0.2,0.0003,0.0197265625,-0.14424877446144818,0.004400465,1360,-0.0042279246263206005,-6.832452490925788e-05,0.999971866607666,187.0,-10.0
137,-10.0,693,404,280576,186.79,,,,,,,,,,,,
138,-10.0,694,407,282624,186.79,0.00014304820986694723,0.2,0.0003,0.011279296875,-0.14886370706371962,0.0006838395,1370,0.0022036770824342966,0.00025612192548578604,0.9999746084213257,,
139,-10.0,694,409,284672,186.79,0.0001400290660740211,0.2,0.0003,0.0154296875,-0.13899202449247242,0.0012068807,1380,0.0012909211218357086,-0.00017521078625577503,0.9999762177467346,,
140,-10.0,695,412,286720,186.79,0.00013871786687218445,0.2,0.0003,0.006640625,-0.14626684656832367,0.00080539106,1390,0.0022412564139813185,0.0005071223044069484,0.9999769330024719,,
141,-10.0,695,415,288768,186.98,0.00014731461849351035,0.2,0.0003,0.012841796875,-0.14061567806638778,0.0008021574,1400,0.0004256327520124614,0.0008465043822070584,0.9999774694442749,,
,,,,290000,,0.00014010901022629696,0.2,0.0003,0.019384765625,-0.15623630341142417,0.0010881214,1410,-0.0040963455103337765,0.0004768517290358432,0.9999771118164062,187.0,-10.0
142,-10.0,695,418,290816,187.0,,,,,,,,,,,,
143,-10.0,695,421,292864,187.0,0.00013307967674336396,0.2,0.0003,0.01513671875,-0.15292234313674272,0.00089877064,1420,-0.0005860732053406537,0.0006744062266079709,0.9999781250953674,,
144,-10.0,695,423,294912,187.0,0.000159125153675177,0.2,0.0003,0.020458984375,-0.16123393538873643,0.0011171515,1430,-0.004776173271238804,-0.00011696943547576666,0.9999783635139465,,
145,-10.0,696,426,296960,187.0,0.00014102035385690214,0.2,0.0003,0.0166015625,-0.14219848734792323,0.0011921793,1440,-0.0026978859677910805,0.00020040102244820446,0.9999784827232361,,
146,-10.0,696,429,299008,187.0,0.0001808168351999484,0.2,0.0003,0.017578125,-0.14991661654785277,0.0016940724,1450,-0.0004996829084120691,0.0002887525362893939,0.9999797344207764,,
,,,,300000,,0.00011481934041626118,0.2,0.0003,0.0103515625,-0.13328681237762793,0.0013253056,1460,-0.0031151450239121914,0.0005877738876733929,0.9999811053276062,187.0,-10.0
147,-10.0,696,432,301056,187.0,,,,,,,,,,,,
148,-10.0,696,434,303104,187.0,0.00011484384170898921,0.2,0.0003,0.024853515625,-0.12226261997129768,0.0018942652,1470,-0.00239329831674695,-0.0008193819769076072,0.9999822974205017,,
149,-10.0,697,437,305152,187.0,0.0001173204104134129,0.2,0.0003,0.025830078125,-0.11618135803146287,0.002717961,1480,-0.011471308767795563,-0.00047410383413080124,0.9999826550483704,,
150,-10.0,697,440,307200,187.0,0.00012083043249049297,0.2,0.0003,0.013525390625,-0.13892957800999284,0.00043335956,1490,0.0019464005017653108,0.0003568317973986268,0.9999812245368958,,
151,-10.0,697,443,309248,187.0,0.0001320958628923563,0.2,0.0003,0.018603515625,-0.1392039937665686,0.0014949524,1500,-0.0015784340212121606,0.0003539832672686316,0.9999797344207764,,
,,,,310000,,0.00012709479671570988,0.2,0.0003,0.021826171875,-0.1563114908756688,0.001592291,1510,-0.0016837092116475105,0.00013016506418352946,0.999981701374054,187.0,-10.0
152,-10.0,697,446,311296,187.0,,,,,,,,,,,,
153,-10.0,697,448,313344,187.0,0.00014869732655142798,0.2,0.0003,0.01953125,-0.1227331726346165,0.0007289159,1520,-0.0009796074591577053,0.0009554627642501146,0.9999828338623047,,
154,-10.0,698,451,315392,187.0,0.00010921862566988238,0.2,0.0003,0.017919921875,-0.1339739101473242,0.0023657023,1530,-0.00031013868283480406,-0.0007010595960309729,0.9999827146530151,,
155,-10.0,698,454,317440,187.0,0.00011104560974217748,0.2,0.0003,0.01826171875,-0.14185464365873485,0.0013624484,1540,-0.007242468185722828,-0.0003779456776101142,0.9999827742576599,,
156,-10.0,699,456,319488,187.0,0.00011833467836481759,0.2,0.0003,0.0205078125,-0.1541316856397316,0.0014685239,1550,-0.0077878814190626144,2.1820570691488683e-05,0.9999809861183167,,
,,,,320000,,0.00011352192090612334,0.2,0.0003,0.021337890625,-0.1338670053286478,0.0018037773,1560,-0.0039315978065133095,0.0010738751181634143,0.9999825954437256,187.0,-10.0
157,-10.0,699,459,321536,187.0,,,,,,,,,,,,
158,-10.0,699,462,323584,187.0,0.0001669005338271745,0.2,0.0003,0.0259765625,-0.15186138732824475,0.0039983774,1570,-0.0055125500075519085,-0.00032390644046245145,0.9999820590019226,,
159,-10.0,699,465,325632,187.0,0.00010762893600713141,0.2,0.0003,0.018408203125,-0.13973681859206408,0.0023030913,1580,0.0006137630552984774,0.0010768775217002257,0.999983549118042,,
160,-10.0,699,468,327680,187.0,0.0001009640647737342,0.2,0.0003,0.024609375,-0.1254698728909716,0.003668394,1590,-0.005145089700818062,-7.622169359819964e-05,0.9999836683273315,,
161,-10.0,700,470,329728,187.0,0.00010038035763955122,0.2,0.0003,0.023046875,-0.14715442941524087,0.00065551634,1600,-0.0006975172436796129,0.0013790964701911434,0.9999842047691345,,
,,,,330000,,0.00011409473655135116,0.2,0.0003,0.030419921875,-0.14918590520974248,0.0024783001,1610,0.0037521622143685818,0.0015620976773789153,0.999984085559845,187.0,-10.0
162,-10.0,700,473,331776,187.0,,,,,,,,,,,,
163,-10.0,700,476,333824,187.0,0.0001070495172768915,0.2,0.0003,0.017626953125,-0.12905466272495686,0.0011860598,1620,0.0001239927369169891,0.0007666945370147005,0.9999834895133972,,
164,-10.0,700,479,335872,187.0,0.00014323224805821156,0.2,0.0003,0.016943359375,-0.13049272787757218,0.00067255436,1630,-0.0035962697584182024,0.0007468844836694188,0.9999826550483704,,
165,-10.0,701,481,337920,187.0,0.00010512102063557905,0.2,0.0003,0.0123046875,-0.13239103795494883,0.0011873776,1640,-0.00026999611873179674,-0.0011476327723357826,0.9999840259552002,,
166,-10.0,701,484,339968,187.0,0.00010688825327065388,0.2,0.0003,0.015673828125,-0.15937401517294347,0.0020225486,1650,-0.005340475123375654,0.00030662370700156315,0.9999836087226868,,
,,,,340000,,0.0001158012459541169,0.2,0.0003,0.011279296875,-0.14221091114450246,0.0008164066,1660,4.116191121283919e-06,-0.00011163333256263286,0.9999849796295166,187.0,-10.0
167,-10.0,701,487,342016,187.0,,,,,,,,,,,,
168,-10.0,701,490,344064,187.0,9.692740612194939e-05,0.2,0.0003,0.02421875,-0.12022765271831304,0.0019509871,1670,-0.0028498279862105846,-0.0015275254001608119,0.9999842643737793,,
169,-10.0,701,493,346112,187.0,0.0001937047457090557,0.2,0.0003,0.0181640625,-0.1399680473143235,0.0001997344,1680,-0.0030783747788518667,0.001236810753471218,0.9999853372573853,,
170,-10.0,702,495,348160,187.0,9.159928072222101e-05,0.2,0.0003,0.020703125,-0.14591296114958824,0.0017235035,1690,-0.003991055302321911,-0.00023669696529395878,0.9999858140945435,,
,,,,350000,,9.007737754131994e-05,0.2,0.0003,0.04033203125,-0.17753289761021734,0.002903197,1700,-0.0024743503890931606,-0.00014823276142124088,0.9999856948852539,187.0,-10.0
171,-10.0,702,498,350208,187.0,,,,,,,,,,,,
172,-10.0,702,501,352256,187.0,9.084907187570935e-05,0.2,0.0003,0.01083984375,-0.11605250531574711,0.0009322169,1710,0.00680585578083992,0.0003500418388284743,0.9999867081642151,,
173,-10.0,702,504,354304,187.0,8.70084911809954e-05,0.2,0.0003,0.0275390625,-0.16309274181257932,0.0025514439,1720,-0.0009493238758295774,0.0001861815428128466,0.9999861717224121,,
174,-10.0,703,506,356352,187.0,0.00011293794755147246,0.2,0.0003,0.039501953125,-0.16772068531718104,0.0028485053,1730,0.0013730162754654884,-0.0006984962848946453,0.9999858140945435,,
175,-10.0,703,509,358400,187.0,0.0001058109610653446,0.2,0.0003,0.011328125,-0.13086854408029466,0.00071747124,1740,-0.001358350389637053,-2.4447552277706563e-05,0.9999859929084778,,
,,,,360000,,0.00010199792595244617,0.2,0.0003,0.016162109375,-0.1464733213884756,0.0009233671,1750,0.004908776842057705,0.00034702313860179856,0.9999850988388062,187.0,-10.0
176,-10.0,703,512,360448,187.0,,,,,,,,,,,,
177,-10.0,703,515,362496,187.0,9.248968667066037e-05,0.2,0.0003,0.027001953125,-0.14100939999334514,0.001725106,1760,0.0023112643975764513,1.6140085062943398e-05,0.9999863505363464,,
178,-10.0,703,517,364544,187.0,8.852899780436019e-05,0.2,0.0003,0.015625,-0.12858637573663145,0.0016709731,1770,-0.007470138370990753,-0.00021285778057063,0.9999863505363464,,
179,-10.0,704,520,366592,187.0,7.78713317004076e-05,0.2,0.0003,0.018603515625,-0.13277513292850926,0.001105498,1780,0.006575359962880611,-0.00027541315357666464,0.9999886751174927,,
180,-10.0,704,523,368640,187.0,8.037024089730948e-05,0.2,0.0003,0.013525390625,-0.11148195585701615,0.0011778383,1790,-0.000735276669729501,0.000259445421397686,0.9999886155128479,,
,,,,370000,,8.85723642852554e-05,0.2,0.0003,0.01572265625,-0.11974611587356776,0.0015262186,1800,-0.002333506243303418,0.00019319118873681874,0.9999879002571106,187.0,-10.0
181,-10.0,703,526,370688,187.0,,,,,,,,,,,,
182,-10.0,704,529,372736,187.0,8.115224667051279e-05,0.2,0.0003,0.02060546875,-0.16676424210891128,0.0018885508,1810,-0.005827207583934069,0.0007822503219358623,0.9999880790710449,,
183,-10.0,704,532,374784,187.0,8.375616118314611e-05,0.2,0.0003,0.023291015625,-0.14704723928589375,0.0037972145,1820,-0.0005045239813625813,-0.00048498577962163836,0.9999876618385315,,
184,-10.0,704,534,376832,187.0,7.912614120186845e-05,0.2,0.0003,0.01591796875,-0.1341230486985296,0.0025382019,1830,-0.004817012697458267,0.0005433316371636465,0.9999885559082031,,
185,-10.0,705,537,378880,187.0,8.611269087737128e-05,0.2,0.0003,0.027685546875,-0.1508288580691442,0.0046506687,1840,0.0003811368078459054,0.00042283305956516417,0.9999899864196777,,
,,,,380000,,6.861225056411512e-05,0.2,0.0003,0.015478515625,-0.1275422312086448,0.0019175243,1850,-0.002695172093808651,-0.0010088898605317808,0.9999895095825195,187.0,-10.0
186,-10.0,704,540,380928,187.0,,,,,,,,,,,,
187,-10.0,705,543,382976,187.0,0.00010924813413453194,0.2,0.0003,0.012255859375,-0.1283293565735221,0.00085996964,1860,-0.0017743670614436269,0.0004155012662522495,0.9999891519546509,,
188,-10.0,705,545,385024,187.0,0.00011306899791918568,0.2,0.0003,0.019482421875,-0.16177214602939785,0.0008470982,1870,-0.0009239139035344124,0.0007030532171484083,0.9999886155128479,,
189,-10.0,705,548,387072,187.0,7.15221048665171e-05,0.2,0.0003,0.01787109375,-0.13315939088352025,0.0007790305,1880,0.0026899976655840874,-0.000355588155798614,0.9999903440475464,,
190,-10.0,705,551,389120,187.0,5.87014770502492e-05,0.2,0.0003,0.020263671875,-0.14666230273433029,0.003012024,1890,-0.0013593763578683138,-0.0005731766432290897,0.9999895095825195,,
,,,,390000,,7.187129755266141e-05,0.2,0.0003,0.036474609375,-0.16163606122136115,0.004562172,1900,-0.01720689982175827,-0.0009367361955810339,0.9999913573265076,187.0,-10.0
191,-10.0,705,554,391168,187.0,,,,,,,,,,,,
192,-10.0,706,556,393216,187.0,6.595079305213858e-05,0.2,0.0003,0.009814453125,-0.1356483186362311,0.00039901296,1910,0.0014013377949595451,-0.00019742765871342272,0.9999908804893494,,
193,-10.0,706,559,395264,187.0,6.151455637848358e-05,0.2,0.0003,0.01357421875,-0.15366550970356913,0.0010673654,1920,-0.00015164833166636527,-0.0003335585744935088,0.9999907612800598,,
194,-10.0,706,562,397312,187.0,0.00011134914001047491,0.2,0.0003,0.02109375,-0.15575226040091367,0.0017350831,1930,0.0002905804431065917,0.00024945027835201474,0.9999907612800598,,
195,-10.0,706,564,399360,187.0,6.2322909494128e-05,0.2,0.0003,0.0208984375,-0.15231538317166268,0.00086919864,1940,0.004873047582805157,0.0013366092265641783,0.9999910593032837,,
,,,,400000,,5.466254758630384e-05,0.2,0.0003,0.018505859375,-0.15786611072253437,0.0006494797,1950,-0.00439548259600997,0.0003665184194687754,0.9999911189079285,187.0,-10.0
196,-10.0,706,568,401408,187.0,,,,,,,,,,,,
197,-10.0,706,570,403456,187.0,5.856454167769698e-05,0.2,0.0003,0.024560546875,-0.1572721437783912,0.002703277,1960,-0.009698783978819847,1.0879250476136804e-05,0.9999914169311523,,
198,-10.0,707,573,405504,187.0,6.156588929400187e-05,0.2,0.0003,0.012744140625,-0.1266753693809733,0.00068862806,1970,-0.002145458711311221,0.00039726731774862855,0.9999915361404419,,
199,-10.0,707,576,407552,187.0,5.9256466747115157e-05,0.2,0.0003,0.01806640625,-0.13505368067417295,0.00036520002,1980,-0.0005601726588793099,0.0008345721609657631,0.9999911785125732,,
200,-10.0,707,578,409600,187.0,7.662319985968225e-05,0.2,0.0003,0.022119140625,-0.16065652046818285,0.0014323535,1990,-0.0017363756196573377,0.0010814148030476646,0.9999915361404419,,
,,,,410000,,5.891610666708402e-05,0.2,0.0003,0.018603515625,-0.16264828159473838,0.0006549752,2000,0.003924432210624218,0.0001785442218533717,0.9999914169311523,187.0,-10.0
201,-10.0,707,581,411648,187.0,,,,,,,,,,,,
202,-10.0,707,584,413696,187.0,5.6859733842884455e-05,0.2,0.0003,0.0115234375,-0.14524679516907782,0.0004961215,2010,-0.008138301782310009,0.00013476118620019405,0.9999912977218628,,
203,-10.0,708,586,415744,187.0,6.164996722191063e-05,0.2,0.0003,0.01669921875,-0.12351690800860524,0.0009810522,2020,-0.003851640038192272,-0.0009114861313719302,0.9999914765357971,,
204,-10.0,708,589,417792,187.0,5.7872769326650085e-05,0.2,0.0003,0.010400390625,-0.1431753632845357,0.0013375797,2030,0.0014744672225788236,-0.00015214674931485206,0.9999921917915344,,
205,-10.0,708,592,419840,187.0,6.728132633213591e-05,0.2,0.0003,0.01591796875,-0.11917012759950012,0.0018190873,2040,6.074893462937325e-06,-9.978287707781419e-05,0.9999924898147583,,
,,,,420000,,7.301529611254409e-05,0.2,0.0003,0.0216796875,-0.14597720133606346,0.004255954,2050,0.0002708402753341943,0.00016801288875285537,0.9999920129776001,187.0,-10.0
206,-10.0,708,595,421888,187.0,,,,,,,,,,,,
207,-10.0,708,598,423936,187.0,4.398352555483598e-05,0.2,0.0003,0.0107421875,-0.12570436253445222,0.0005977144,2060,-0.0005622432217933238,0.0004951322029228322,0.9999927282333374,,
208,-10.0,709,600,425984,187.0,5.6125444999111096e-05,0.2,0.0003,0.022998046875,-0.14642609064467252,0.0028131574,2070,-0.004018853884190321,0.0010242045813356527,0.9999919533729553,,
209,-10.0,709,603,428032,187.0,6.520666469072012e-05,0.2,0.0003,0.01953125,-0.13208480505272746,0.0009149996,2080,-0.010290959849953651,-0.000266751013987232,0.9999949336051941,,
,,,,430000,,4.273445235867257e-05,0.2,0.0003,0.01279296875,-0.1394900331273675,0.0010460544,2090,-0.0010369853116571903,0.00031437718571396543,0.9999933838844299,187.0,-10.0
210,-10.0,709,606,430080,187.0,,,,,,,,,,,,
211,-10.0,709,609,432128,187.0,4.562175919033962e-05,0.2,0.0003,0.02373046875,-0.15350179565139116,0.0011815612,2100,-0.0007564130937680602,0.000117503285582643,0.9999932050704956,,
212,-10.0,709,611,434176,187.0,4.9215975124639044e-05,0.2,0.0003,0.021923828125,-0.13724907289724797,0.0020646153,2110,-0.0015418798429891467,-0.0007606946397572756,0.9999939203262329,,
213,-10.0,709,614,436224,186.92,4.394670533827139e-05,0.2,0.0003,0.01552734375,-0.16362670534290374,0.0018260196,2120,0.0018920202273875475,0.00027192048000870275,0.9999942779541016,,
214,-10.0,710,617,438272,186.92,0.0026674496875330076,0.2,0.0003,0.012060546875,-0.13029717830941082,0.0009971731,2130,0.0036757963243871927,-0.0007393260370008647,0.9995508193969727,,
,,,,440000,,0.00011574605833857277,0.2,0.0003,0.024072265625,-0.13642138228751718,0.0030774274,2140,-0.009707193821668625,-7.771773962303997e-05,0.9999688267707825,187.0,-10.0
215,-10.0,709,620,440320,186.92,,,,,,,,,,,,
216,-10.0,710,623,442368,186.92,5.47582479725861e-05,0.2,0.0003,0.015234375,-0.13586796596646308,0.0006064881,2150,-0.0009164127986878157,-0.00034272587072337046,0.9999881386756897,,
217,-10.0,710,625,444416,186.92,4.3904908801550845e-05,0.2,0.0003,0.0158203125,-0.14944646831136196,0.00051244645,2160,0.000820935470983386,0.0002497022695024498,0.9999909996986389,,
218,-10.0,710,628,446464,186.88,3.436730818862088e-05,0.2,0.0003,0.053564453125,-0.18596327782142907,0.0053725056,2170,-0.005959546659141779,-0.0006055705511244014,0.9999940991401672,,
219,-10.0,710,631,448512,186.88,0.0005573699260025932,0.2,0.0003,0.01982421875,-0.1452814490534365,0.0010263429,2180,-0.0012682474916800857,-0.0011961070529650896,0.9998868703842163,,
,,,,450000,,9.93522450812634e-05,0.2,0.0003,0.022509765625,-0.14292134197894485,0.004783291,2190,-0.011799167841672897,0.0010940698135527781,0.9999747276306152,187.0,-10.0
220,-10.0,710,634,450560,186.88,,,,,,,,,,,,
221,-10.0,710,636,452608,186.88,5.322638646418909e-05,0.2,0.0003,0.039404296875,-0.17746411215048283,0.003372606,2200,-0.002185976365581155,0.0006805028911912814,0.9999898672103882,,
222,-10.0,710,639,454656,186.96,4.322516950878707e-05,0.2,0.0003,0.022314453125,-0.14183312042150648,0.001050524,2210,-0.0009341681725345552,-0.0007376476016361267,0.9999921321868896,,
223,-10.0,711,642,456704,186.96,4.422738928724357e-05,0.2,0.0003,0.0126953125,-0.15887478187214582,0.00041315274,2220,-0.0009134710417129099,0.0003077106870478019,0.9999932646751404,,
224,-10.0,711,644,458752,186.96,3.4579761012309974e-05,0.2,0.0003,0.023486328125,-0.15911960019730031,0.0011477829,2230,-0.0024728230200707912,8.663979824632406e-05,0.9999942779541016,,
,,,,460000,,5.156371932599768e-05,0.2,0.0003,0.007861328125,-0.14137299018912017,0.00035268714,2240,-0.000594598357565701,0.00026956147921737285,0.9999936819076538,187.0,-10.0
225,-10.0,711,647,460800,186.96,,,,,,,,,,,,
226,-10.0,711,650,462848,186.88,3.860045499664011e-05,0.2,0.0003,0.0109375,-0.147354383347556,0.0012334815,2250,-0.004994546994566917,-2.4898564151953906e-05,0.9999943375587463,,
227,-10.0,711,653,464896,186.92,0.002356203535964596,0.2,0.0003,0.010107421875,-0.13457300926093013,0.000693755,2260,-0.0005442294059321284,-0.0010637949366355316,0.9995616674423218,,
228,-10.0,711,656,466944,186.92,0.00015357318220594608,0.2,0.0003,0.012744140625,-0.13034082239028066,0.0007784507,2270,-0.00026675130357034504,-0.000456184201175347,0.999946117401123,,
229,-10.0,711,658,468992,186.92,6.942627086345965e-05,0.2,0.0003,0.019091796875,-0.11405371329747141,0.0018459097,2280,0.003902444848790765,-0.0023611244032508694,0.999981701374054,,
,,,,470000,,4.625416871988364e-05,0.2,0.0003,0.013427734375,-0.13462372524663807,0.0010970398,2290,-0.0013278096448630095,0.0002996472045197152,0.9999913573265076,187.0,-10.0
230,-10.0,711,661,471040,186.92,,,,,,,,,,,,
231,-10.0,711,664,473088,186.92,3.291770815536665e-05,0.2,0.0003,0.01123046875,-0.13096068522427232,0.0017317581,2300,-0.0059937480837106705,0.0006576929445145652,0.9999940991401672,,
232,-10.0,712,667,475136,186.92,3.385601588945519e-05,0.2,0.0003,0.01728515625,-0.12562859447207303,0.0010374779,2310,-0.0020205238834023476,0.0006104158645030111,0.999994158744812,,
233,-10.0,712,669,477184,186.92,5.089727277720613e-05,0.2,0.0003,0.012841796875,-0.13727727641817183,0.0012802377,2320,0.006050157826393843,0.0004922884269035422,0.9999951124191284,,
234,-10.0,712,672,479232,186.92,2.688829894736955e-05,0.2,0.0003,0.017578125,-0.13671852264087647,0.0028519973,2330,-0.003809065092355013,-0.00012377827661111951,0.9999959468841553,,
,,,,480000,,2.508119587218971e-05,0.2,0.0003,0.021826171875,-0.13443633182905615,0.0017905375,2340,-0.001966348383575678,0.0008032027661101892,0.9999963045120239,187.0,-10.0
235,-10.0,712,675,481280,186.92,,,,,,,,,,,,
236,-10.0,712,678,483328,187.0,4.583071633419422e-05,0.2,0.0003,0.013623046875,-0.13014402363914995,0.001252521,2350,-0.0015904356259852648,-4.514652828220278e-05,0.9999952912330627,,
237,-10.0,712,681,485376,187.0,4.4519329290437784e-05,0.2,0.0003,0.0103515625,-0.1136220074025914,0.00028107874,2360,-0.0028927079401910305,0.00033316600165562705,0.9999951720237732,,
238,-10.0,712,683,487424,187.0,0.00010474796704897926,0.2,0.0003,0.018798828125,-0.1380018407246098,0.0020300588,2370,-0.004720989149063826,8.86752677615732e-06,0.9999947547912598,,
239,-10.0,712,686,489472,187.0,2.8395137945835813e-05,0.2,0.0003,0.01875,-0.1172021290869452,0.0016501719,2380,-0.002134725684300065,0.0009260299091693013,0.9999960064888,,
,,,,490000,,3.54479586889056e-05,0.2,0.0003,0.01103515625,-0.13331495565362275,0.00073419616,2390,0.0023481876123696566,0.00013118370843585582,0.9999952912330627,187.0,-10.0
240,-10.0,712,689,491520,187.0,,,,,,,,,,,,
241,-10.0,712,692,493568,187.0,0.0001650666531020306,0.2,0.0003,0.01669921875,-0.1303344814805314,0.00085576245,2400,-0.008855083025991917,-0.0003994913087808527,0.9999950528144836,,
242,-10.0,712,695,495616,187.0,3.024507168731816e-05,0.2,0.0003,0.02587890625,-0.14377691317349672,0.0021687425,2410,0.00876449141651392,-0.0009288011060561985,0.9999949932098389,,
243,-10.0,713,697,497664,187.0,3.358987361536947e-05,0.2,0.0003,0.0232421875,-0.1514008820988238,0.002580952,2420,-0.0002684017235878855,0.000781322005786933,0.9999950528144836,,
244,-10.0,713,700,499712,187.0,5.9532552441510234e-05,0.2,0.0003,0.01103515625,-0.11907567912712694,0.0013499218,2430,-0.0031554200686514378,0.0004938160214805976,0.999995768070221,,
,,,,500000,,2.6533244555082546e-05,0.2,0.0003,0.014990234375,-0.12815139190061017,0.0003161977,2440,-0.0022976496256887913,0.0009654961875639855,0.9999961853027344,187.0,-10.0
245,-10.0,712,703,501760,187.0,,,,,,,,,,,,
246,-10.0,713,706,503808,187.0,2.89679428448153e-05,0.2,0.0003,0.022216796875,-0.1426580406492576,0.0012514974,2450,-0.0019476634915918112,0.0003528057161020115,0.9999964237213135,,
247,-10.0,713,709,505856,187.0,2.5775868283517412e-05,0.2,0.0003,0.022509765625,-0.11084245161619037,0.001977027,2460,-0.004562295973300934,-0.0012223974350490606,0.9999961853027344,,
248,-10.0,713,711,507904,187.0,3.48677536806008e-05,0.2,0.0003,0.01484375,-0.12508850556332618,0.002303056,2470,-0.0008769551641307771,0.000555915579025168,0.999996542930603,,
249,-10.0,713,714,509952,187.0,3.4503057310075744e-05,0.2,0.0003,0.020654296875,-0.1290911552030593,0.0049241846,2480,0.005846007261425257,0.0011188889620825648,0.9999966621398926,,
,,,,510000,,3.96766596097109e-05,0.2,0.0003,0.008154296875,-0.10349255780456587,0.0008184095,2490,-0.001899953931570053,9.073018736671656e-05,0.9999956488609314,187.0,-10.0
250,-10.0,713,717,512000,187.0,,,,,,,,,,,,
251,-10.0,713,720,514048,187.0,4.403969942643471e-05,0.2,0.0003,0.01357421875,-0.1183084853924811,0.00261026,2500,0.008294216357171535,0.0011859863778227008,0.9999963641166687,,
252,-10.0,713,723,516096,187.0,4.3274804234272324e-05,0.2,0.0003,0.031689453125,-0.15356959418859334,0.0016180848,2510,-0.002478518523275852,0.0007987413526279851,0.9999954700469971,,
253,-10.0,713,725,518144,187.0,6.0191274249632444e-05,0.2,0.0003,0.027734375,-0.12184089125366881,0.0023301388,2520,-0.011219336651265621,0.00040783554868539795,0.9999942183494568,,
,,,,520000,,1.9366162435119348e-05,0.2,0.0003,0.040673828125,-0.13334718239493668,0.009872433,2530,0.07336121797561646,0.0005924809811403975,0.9999968409538269,187.0,-10.0
254,-10.0,713,729,520192,187.0,,,,,,,,,,,,
255,-10.0,713,731,522240,187.0,3.7224601612706465e-05,0.2,0.0003,0.01845703125,-0.13935299734584988,0.0012390055,2540,-0.0014545128215104342,0.0008289199598948471,0.9999964237213135,,
256,-10.0,713,734,524288,187.0,5.3909714355881985e-05,0.2,0.0003,0.019873046875,-0.12179437727900222,0.0017007423,2550,-0.004700269550085068,0.0005943451338680461,0.9999960064888,,
257,-10.0,714,737,526336,187.0,4.525722145558575e-05,0.2,0.0003,0.0189453125,-0.14067305761855095,0.000734202,2560,-0.009531100280582905,0.0006412280825315974,0.9999967217445374,,
258,-10.0,714,739,528384,187.0,2.1966772217751894e-05,0.2,0.0003,0.019189453125,-0.11321792649105192,0.0028240243,2570,0.005023540463298559,0.0005310972715960816,0.9999958276748657,,
,,,,530000,,2.2660552845366054e-05,0.2,0.0003,0.01396484375,-0.12273400488775224,0.0011363272,2580,0.0072988057509064674,0.00017331056005787104,0.999996542930603,187.0,-10.0
259,-10.0,714,742,530432,187.0,,,,,,,,,,,,
260,-10.0,714,745,532480,187.0,6.852984763696667e-05,0.2,0.0003,0.0177734375,-0.1332558595109731,0.0014329545,2590,-0.007475303020328283,-4.035235906485468e-06,0.9999971389770508,,
261,-10.0,713,748,534528,187.0,3.4075773332631345e-05,0.2,0.0003,0.03369140625,-0.14276208179071545,0.0031455983,2600,-0.016210775822401047,0.000711312986095436,0.999993622303009,,
262,-10.0,714,751,536576,187.0,9.247873105380222e-05,0.2,0.0003,0.009814453125,-0.11715341999661177,0.00085119216,2610,-0.007995864376425743,0.0002256447638501413,0.9999955892562866,,
263,-10.0,714,754,538624,187.0,3.067879864318002e-05,0.2,0.0003,0.027392578125,-0.1386078923707828,0.0016924831,2620,-0.0018427525646984577,0.0006944963111891411,0.9999963641166687,,
,,,,540000,,1.872758406165076e-05,0.2,0.0003,0.018115234375,-0.10486827599816025,0.003350716,2630,0.04952778294682503,-0.00042048964533023534,0.999997079372406,187.0,-10.0
264,-10.0,713,757,540672,187.0,,,,,,,,,,,,
265,-10.0,714,760,542720,187.0,6.106393779390374e-05,0.2,0.0003,0.02001953125,-0.11401968733407557,0.0029223217,2640,-0.004222423769533634,0.0014860798648442142,0.9999962449073792,,
266,-10.0,714,762,544768,187.0,3.477864888026261e-05,0.2,0.0003,0.018408203125,-0.1179391650017351,0.0043420987,2650,0.0003874839167110622,0.0007106374905561097,0.9999971985816956,,
267,-10.0,714,765,546816,187.0,2.7124987097693067e-05,0.2,0.0003,0.027197265625,-0.12609598468989133,0.002119827,2660,0.012250445783138275,0.00023604398884344847,0.9999971985816956,,
268,-10.0,714,768,548864,187.0,5.763262400222402e-05,0.2,0.0003,0.026904296875,-0.11975926235318184,0.0014266463,2670,0.009796163998544216,0.00022730679193045945,0.9999969005584717,,
,,,,550000,,1.9999025484196407e-05,0.2,0.0003,0.01845703125,-0.12301404536701739,0.0014130117,2680,0.006218891125172377,0.0006635740370256826,0.9999974370002747,187.0,-10.0
269,-10.0,714,771,550912,187.0,,,,,,,,,,,,
270,-10.0,714,774,552960,187.0,3.1364100274799965e-05,0.2,0.0003,0.032763671875,-0.11637299975845963,0.0024942872,2690,-0.007132175378501415,-0.0004243554431013763,0.9999971389770508,,
271,-10.0,714,776,555008,187.0,8.466195417753398e-05,0.2,0.0003,0.022216796875,-0.1217859752709046,0.00085468625,2700,-0.002925155684351921,0.0010448107466800138,0.9999968409538269,,
272,-10.0,714,779,557056,187.0,2.3799599661344927e-05,0.2,0.0003,0.01357421875,-0.10172169333091005,0.00089968665,2710,-0.0011014918563887477,9.318906522821635e-05,0.9999969601631165,,
273,-10.0,714,782,559104,187.0,0.0001473184790711457,0.2,0.0003,0.01796875,-0.12277051011333243,0.0020584378,2720,0.0012761539546772838,0.0009698614565422758,0.9999969601631165,,
,,,,560000,,2.2354797270907056e-05,0.2,0.0003,0.03017578125,-0.10829084244323894,0.0014639825,2730,-0.0028213663026690483,0.0009715025138575583,0.9999970197677612,187.0,-10.0
274,-10.0,714,785,561152,187.0,,,,,,,,,,,,
275,-10.0,714,788,563200,187.0,5.380197757745009e-05,0.2,0.0003,0.01337890625,-0.11718571664532647,0.0010248639,2740,0.0033840464893728495,0.0002588865449069999,0.9999973177909851,,
276,-10.0,714,790,565248,187.0,3.3302221748954255e-05,0.2,0.0003,0.026220703125,-0.11345347594469786,0.0023195157,2750,-0.0074779679998755455,0.0009314478855230845,0.9999974370002747,,
277,-10.0,715,793,567296,187.0,2.728789948349686e-05,0.2,0.0003,0.02392578125,-0.12325259887147695,0.0016144889,2760,0.006733534391969442,0.0016185516942641698,0.9999970197677612,,
278,-10.0,715,795,569344,187.0,2.5546138774501516e-05,0.2,0.0003,0.024951171875,-0.1125365087413229,0.0013299552,2770,0.007556700147688389,0.0004205103876302019,0.9999974370002747,,
,,,,570000,,6.296858028633778e-05,0.2,0.0003,0.011474609375,-0.12170395073480904,0.0017773419,2780,-0.0030610011890530586,0.0001957420667167753,0.9999946355819702,187.0,-10.0
279,-10.0,715,799,571392,187.0,,,,,,,,,,,,
280,-10.0,715,801,573440,187.0,2.9693608586001118e-05,0.2,0.0003,0.0208984375,-0.12384159641806036,0.0016049684,2790,-0.0023409235291182995,-0.0004637004647520371,0.9999969601631165,,
281,-10.0,715,804,575488,187.0,1.9856027833498047e-05,0.2,0.0003,0.00830078125,-0.11143514113500715,0.0008452523,2800,0.002445946680381894,0.00043650574516505,0.9999973773956299,,
282,-10.0,715,807,577536,187.0,0.00011297792174076448,0.2,0.0003,0.01669921875,-0.10509918616153299,0.0009030262,2810,-0.002518772380426526,0.0003455117461271584,0.999997079372406,,
283,-10.0,715,809,579584,187.0,5.937108162044069e-05,0.2,0.0003,0.0228515625,-0.10534213172504678,0.00065088813,2820,0.008610441349446774,0.0006243400348466821,0.9999974370002747,,
,,,,580000,,2.626129306833036e-05,0.2,0.0003,0.023779296875,-0.11329448977485299,0.0016290413,2830,0.014701971784234047,0.0001518640128779225,0.9999976754188538,187.0,-10.0
284,-10.0,715,812,581632,187.0,,,,,,,,,,,,
285,-10.0,715,815,583680,187.0,3.3522285293940966e-05,0.2,0.0003,0.027197265625,-0.11768419204745442,0.0039361347,2840,-0.0007258231053128839,-0.00011977313261013478,0.9999974966049194,,
286,-10.0,715,818,585728,187.0,2.1252642687841218e-05,0.2,0.0003,0.035009765625,-0.1003394155530259,0.006156754,2850,0.002001797780394554,-0.0003944990952732041,0.9999973177909851,,
287,-10.0,715,820,587776,187.0,3.595460186573973e-05,0.2,0.0003,0.019970703125,-0.11042018305743113,0.0024803076,2860,-0.0007394845597445965,0.0008057012775680051,0.9999973773956299,,
288,-10.0,716,823,589824,187.0,3.479454475865396e-05,0.2,0.0003,0.0193359375,-0.11774263310944662,0.0018439982,2870,-0.005175190512090921,0.0005644651726470328,0.9999976754188538,,
,,,,590000,,2.9050915426864776e-05,0.2,0.0003,0.015576171875,-0.11582887759432196,0.0006719694,2880,0.0005307429237291217,0.0003356306435307488,0.9999974966049194,187.0,-10.0
289,-10.0,715,826,591872,187.0,,,,,,,,,,,,
290,-10.0,716,829,593920,187.0,5.5605571587591386e-05,0.2,0.0003,0.0353515625,-0.11295710478443652,0.0036406114,2890,0.015114760026335716,-1.2325448915362358e-05,0.9999966025352478,,
291,-10.0,716,832,595968,187.0,0.0001883420727892826,0.2,0.0003,0.018701171875,-0.10059396261349321,0.0012463287,2900,0.003721449989825487,0.0008700652411789634,0.9999977350234985,,
292,-10.0,716,834,598016,187.0,1.5998710152587138e-05,0.2,0.0003,0.03828125,-0.13979460076661782,0.007654668,2910,0.010807772167026997,0.0009007163185742684,0.9999951720237732,,
,,,,600000,,1.6101890081188232e-05,0.2,0.0003,0.007177734375,-0.11402442487888038,0.00087472354,2920,0.0035087079741060734,0.0003692050464451313,0.9999971985816956,187.0,-10.0
293,-10.0,716,837,600064,187.0,,,,,,,,,,,,
294,-10.0,716,840,602112,187.0,1.4355364612583799e-05,0.2,0.0003,0.012109375,-0.1235144451376982,0.0004633891,2930,-0.0005869135493412614,0.0008593216087319888,0.9999978542327881,,
295,-10.0,716,843,604160,187.0,5.208698752312557e-05,0.2,0.0003,0.03408203125,-0.1370983101427555,0.0022465442,2940,-0.00342904357239604,0.0005621293414151296,0.9999977946281433,,
296,-10.0,716,845,606208,187.0,3.57394141332179e-05,0.2,0.0003,0.023583984375,-0.11681346994591876,0.0016058856,2950,0.0006850638310424984,0.0010763414524262772,0.9999964833259583,,
297,-10.0,716,848,608256,187.0,3.562254406546117e-05,0.2,0.0003,0.03603515625,-0.13596309162676334,0.0076757995,2960,-0.0020873355679214,0.0013548838876886293,0.9999980330467224,,
,,,,610000,,3.166471763051959e-05,0.2,0.0003,0.025341796875,-0.13416099429596215,0.0027545446,2970,-0.00858796015381813,0.0008140391866618302,0.9999964237213135,187.0,-10.0
298,-10.0,716,851,610304,187.0,,,,,,,,,,,,
299,-10.0,716,854,612352,187.0,3.712181986372798e-05,0.2,0.0003,0.014501953125,-0.13634883331833408,0.0010351461,2980,-0.02310682088136673,0.0008758195981499739,0.999998152256012,,
300,-10.0,717,856,614400,187.0,0.00019614686031559357,0.2,0.0003,0.015673828125,-0.12522096023894846,0.00016986999,2990,-0.0023101912811398506,0.0007867228006944061,0.9999976754188538,,
301,-10.0,717,859,616448,187.0,1.3899682758733434e-05,0.2,0.0003,0.008837890625,-0.11951122619211674,0.00092286704,3000,0.0013305839383974671,7.201510597951711e-05,0.9999979138374329,,
302,-10.0,717,862,618496,187.0,1.8530812334915935e-05,0.2,0.0003,0.0267578125,-0.12983813614118844,0.0019075156,3010,-0.01244789082556963,2.976010291604325e-05,0.999998152256012,,
,,,,620000,,2.4126802067314657e-05,0.2,0.0003,0.018798828125,-0.14782263562083245,0.0011197915,3020,-0.00017749116523191333,-0.00028932029381394385,0.9999977350234985,187.0,-10.0
303,-10.0,717,865,620544,187.0,,,,,,,,,,,,
304,-10.0,717,867,622592,187.0,2.2185749507741548e-05,0.2,0.0003,0.019970703125,-0.13174988590180875,0.0013823013,3030,-0.0009303074912168086,0.00011012940085493028,0.9999982118606567,,
305,-10.0,717,870,624640,187.0,1.825164767694787e-05,0.2,0.0003,0.016259765625,-0.11991633501602336,0.0010252902,3040,-0.02133609540760517,0.000742573470051866,0.9999979734420776,,
306,-10.0,717,873,626688,187.0,2.8777988379147246e-05,0.2,0.0003,0.016552734375,-0.1342944150324911,0.0012262107,3050,0.0009539456223137677,0.0009166827498120256,0.9999977946281433,,
307,-10.0,717,875,628736,187.0,2.83911727038344e-05,0.2,0.0003,0.014892578125,-0.10784356760559603,0.0004607897,3060,-0.0007096093031577766,-0.00012061995221301913,0.9999980926513672,,
,,,,630000,,6.411522832792116e-05,0.2,0.0003,0.014111328125,-0.11600043770158663,0.0005796419,3070,0.00798241887241602,0.000515689721214585,0.9999979734420776,187.0,-10.0
308,-10.0,717,879,630784,187.0,,,,,,,,,,,,
309,-10.0,717,881,632832,187.0,5.500934781537126e-05,0.2,0.0003,0.03369140625,-0.13040733651723713,0.0042304695,3080,0.002194278873503208,0.0010525010147830471,0.999997615814209,,
310,-10.0,717,884,634880,187.0,6.69829913405806e-05,0.2,0.0003,0.030859375,-0.1332346464972943,0.002709408,3090,0.008529093116521835,0.0010897981730522588,0.9999967813491821,,
311,-10.0,717,887,636928,187.0,2.378032504566363e-05,0.2,0.0003,0.010986328125,-0.10293708326062187,0.00064653956,3100,1.299153154832311e-05,-0.0001803584411391057,0.9999972581863403,,
312,-10.0,718,889,638976,187.0,1.5898973667560768e-05,0.2,0.0003,0.013037109375,-0.10328677236102521,0.0008330828,3110,-0.003045029938220978,0.0003384220384759828,0.9999975562095642,,
,,,,640000,,2.3509582501901604e-05,0.2,0.0003,0.01494140625,-0.11952457629377022,0.001403268,3120,-0.0031374574173241854,0.0006735147559083998,0.9999977350234985,187.0,-10.0
313,-10.0,717,892,641024,187.0,,,,,,,,,,,,
314,-10.0,718,895,643072,187.0,1.764920952851412e-05,0.2,0.0003,0.03994140625,-0.1085911269998178,0.0073317713,3130,0.0006672461167909205,-5.1592639647424224e-05,0.9999974370002747,,
315,-10.0,718,898,645120,187.0,5.095037189590812e-05,0.2,0.0003,0.015234375,-0.10713652460835874,0.0006043455,3140,-0.0012889811769127846,0.0007299707838683389,0.9999979734420776,,
316,-10.0,718,900,647168,187.0,0.0001004025409393705,0.2,0.0003,0.015869140625,-0.11470865765586495,0.000970521,3150,-0.0011601867154240608,0.0005431299607153051,0.9999971389770508,,
317,-10.0,718,903,649216,187.0,1.5409595852133863e-05,0.2,0.0003,0.01650390625,-0.10409949751337991,0.0015909185,3160,0.0037902360782027245,0.0005695290776202456,0.9999975562095642,,
,,,,650000,,1.3835735175149465e-05,0.2,0.0003,0.02275390625,-0.12712729164632036,0.0008860753,3170,-0.010438655503094196,-0.00026966206496581435,0.9999977350234985,187.0,-10.0
318,-10.0,718,906,651264,187.0,,,,,,,,,,,,
319,-10.0,718,909,653312,187.0,4.751667546685212e-05,0.2,0.0003,0.02001953125,-0.11721518351696432,0.002322882,3180,-0.004062085412442684,0.0009208048984874039,0.9999978542327881,,
320,-10.0,718,911,655360,187.0,1.8126444079769043e-05,0.2,0.0003,0.0173828125,-0.1094879103358835,0.0006902061,3190,-0.0025290774647146463,0.0008899889682652429,0.9999982714653015,,
321,-10.0,718,914,657408,187.0,1.7810858456357436e-05,0.2,0.0003,0.037890625,-0.12093333455268293,0.0058180257,3200,-0.003124019829556346,-0.0009484182111918927,0.9999979138374329,,
322,-10.0,719,917,659456,187.0,3.800695788171993e-05,0.2,0.0003,0.02041015625,-0.12279392257332802,0.0008538727,3210,-0.0031876834109425545,0.0006130272828158923,0.9999983310699463,,
,,,,660000,,2.6255789472884315e-05,0.2,0.0003,0.0365234375,-0.1454249050701037,0.0027456265,3220,-0.008251356892287731,-0.0005514339311048389,0.9999983310699463,187.0,-10.0
323,-10.0,718,920,661504,187.0,,,,,,,,,,,,
324,-10.0,718,922,663552,187.0,3.680110201997877e-05,0.2,0.0003,0.014501953125,-0.12984042665921153,0.0015349424,3230,0.004500335082411766,0.001099499495467171,0.9999978542327881,,
325,-10.0,719,925,665600,187.0,0.00014290867133297523,0.2,0.0003,0.0169921875,-0.11315607038559392,0.0006888163,3240,-0.0009041118901222944,0.0010220817610388621,0.9999980926513672,,
326,-10.0,719,928,667648,187.0,1.204503842870963e-05,0.2,0.0003,0.0263671875,-0.12428903873078526,0.003613762,3250,-0.0028817353304475546,0.00022980509384069593,0.9999982714653015,,
327,-10.0,719,930,669696,187.0,1.3100611543848117e-05,0.2,0.0003,0.034619140625,-0.14090676207561045,0.003298422,3260,-0.008165597915649414,-0.0012672779383137822,0.9999985098838806,,
,,,,670000,,1.654577147718328e-05,0.2,0.0003,0.02060546875,-0.09622883637202903,0.0024185344,3270,-0.006467245053499937,-0.00037403798487503084,0.9999982118606567,187.0,-10.0
328,-10.0,719,934,671744,187.0,,,,,,,,,,,,
329,-10.0,719,936,673792,187.0,1.4157762255706529e-05,0.2,0.0003,0.01572265625,-0.1286756244720891,0.00094174116,3280,0.013301577419042587,0.00057689233799465,0.9999984502792358,,
330,-10.0,719,939,675840,187.0,3.6379556063792504e-05,0.2,0.0003,0.015625,-0.12396530563710258,0.0025248346,3290,0.001433650148101151,-2.2789898503106086e-05,0.9999983310699463,,
331,-10.0,719,942,677888,187.0,4.933569466913923e-05,0.2,0.0003,0.02412109375,-0.12226156030083075,0.00061028294,3300,0.0003353508946020156,0.0006423443599487654,0.9999985098838806,,
332,-10.0,719,944,679936,187.0,3.533896752827559e-05,0.2,0.0003,0.01630859375,-0.09606506350683049,0.0009469198,3310,-0.010668952018022537,0.00036890497722197324,0.9999985694885254,,
,,,,680000,,1.1211848620007458e-05,0.2,0.0003,0.013818359375,-0.10991611016215756,0.0007807863,3320,-0.000285333429928869,0.0004973347415216268,0.9999987483024597,187.0,-10.0
333,-10.0,719,948,681984,187.0,,,,,,,,,,,,
334,-10.0,719,950,684032,187.0,6.115494378420295e-05,0.2,0.0003,0.022265625,-0.12541298085125163,0.0012487154,3330,0.003591165179386735,0.0001884102850453928,0.9999988079071045,,
335,-10.0,719,953,686080,187.0,3.0568768736571886e-05,0.2,0.0003,0.020068359375,-0.10274468685965985,0.0012341507,3340,-0.00210172520019114,0.00010173907940043136,0.9999960660934448,,
336,-10.0,719,955,688128,187.0,1.1409598842249125e-05,0.2,0.0003,0.01162109375,-0.10483302376233042,0.00076386327,3350,0.0018816189840435982,0.0002372428629314527,0.999998152256012,,
,,,,690000,,6.993541392361636e-05,0.2,0.0003,0.01044921875,-0.11936767121078447,0.0006171325,3360,-0.0014720920007675886,0.00012920019216835498,0.9999982714653015,187.0,-10.0
337,-10.0,719,959,690176,187.0,,,,,,,,,,,,
338,-10.0,719,961,692224,187.0,1.645618824284156e-05,0.2,0.0003,0.01865234375,-0.12195259912405162,0.00062959467,3370,0.009205015376210213,0.0008178217161912471,0.9999986290931702,,
339,-10.0,719,964,694272,187.0,1.2533234913547631e-05,0.2,0.0003,0.01416015625,-0.09488892566878349,0.0004941797,3380,-0.0008766149403527379,0.00022445288486778737,0.9999983310699463,,
340,-10.0,719,967,696320,187.0,3.301619970983438e-05,0.2,0.0003,0.016748046875,-0.11323138091247528,0.00094904634,3390,0.0049858237616717815,0.00044135501084383575,0.9999986290931702,,
341,-10.0,720,969,698368,187.0,0.00022634504278471468,0.2,0.0003,0.0099609375,-0.09162802461069078,0.00038758462,3400,-0.003723545465618372,7.24199169781059e-05,0.9999985694885254,,
,,,,700000,,2.87208337446998e-05,0.2,0.0003,0.0447265625,-0.12965053879888727,0.009561219,3410,-0.009739063680171967,0.004207092907745391,0.9999929666519165,187.0,-10.0
342,-10.0,719,972,700416,187.0,,,,,,,,,,,,
343,-10.0,719,975,702464,187.0,9.306468429315374e-06,0.2,0.0003,0.02568359375,-0.13545018841978163,0.014051679,3420,-0.0023997952230274677,0.0018058439018204808,0.9999972581863403,,
344,-10.0,720,978,704512,187.0,8.378073996340163e-06,0.2,0.0003,0.023291015625,-0.14712896046694368,0.0014811874,3430,-0.004600506741553545,0.0007548704161308706,0.9999980330467224,,
345,-10.0,720,981,706560,187.0,2.629986665994011e-05,0.2,0.0003,0.01865234375,-0.13158144613262265,0.0011852306,3440,0.007577225565910339,0.0014633732906077057,0.9999980926513672,,
346,-10.0,720,983,708608,187.0,8.619185950209384e-06,0.2,0.0003,0.026806640625,-0.13533015372231602,0.0029954943,3450,-0.010948775336146355,-0.0007227630412671715,0.9999987483024597,,
,,,,710000,,1.5589157030859723e-05,0.2,0.0003,0.014501953125,-0.15285680789966136,0.002082265,3460,0.005237226840108633,-0.0001275705377338454,0.9999986886978149,187.0,-10.0
347,-10.0,720,986,710656,187.0,,,,,,,,,,,,
348,-10.0,720,989,712704,187.0,1.5064764045291668e-05,0.2,0.0003,0.033056640625,-0.14705417270306498,0.0028911247,3470,-0.004705021157860756,0.0001515171810751781,0.9999982714653015,,
349,-10.0,720,992,714752,187.0,0.00026320742746896995,0.2,0.0003,0.028173828125,-0.15465722961816936,0.0011461712,3480,-0.003569232299923897,-0.0005139818415045739,0.9999990463256836,,
350,-10.0,720,995,716800,187.0,7.242289080267028e-06,0.2,0.0003,0.021728515625,-0.134490664745681,0.0016483727,3490,-0.008409406989812851,9.25445041502826e-05,0.9999988079071045,,
351,-10.0,720,997,718848,187.0,6.387365652216204e-06,0.2,0.0003,0.03330078125,-0.16205831994302572,0.003730169,3500,-0.003524536732584238,9.118187008425594e-05,0.9999989867210388,,
,,,,720000,,1.1123707415805485e-05,0.2,0.0003,0.040771484375,-0.142955359024927,0.0034149422,3510,0.010225494392216206,-0.002144320763181895,0.9999988675117493,187.0,-10.0
352,-10.0,720,1000,720896,187.0,,,,,,,,,,,,
353,-10.0,720,1003,722944,187.0,1.1126365836844344e-05,0.2,0.0003,0.008349609375,-0.120243772235699,0.00090782205,3520,-0.005055196117609739,0.00023289631644729525,0.9999986290931702,,
354,-10.0,720,1006,724992,187.0,8.2884623417101e-06,0.2,0.0003,0.0150390625,-0.11149948986712843,0.001743488,3530,-0.0007069013663567603,0.0006772266409825533,0.9999987483024597,,
355,-10.0,720,1008,727040,187.0,4.817778121264382e-05,0.2,0.0003,0.01328125,-0.12940313933650033,0.00067662157,3540,-0.0023825508542358875,0.000866587963537313,0.9999986290931702,,
356,-10.0,720,1011,729088,187.0,4.002793866533239e-05,0.2,0.0003,0.038720703125,-0.12698834510520102,0.005199288,3550,-0.016289960592985153,0.0017806149524403736,0.9999983906745911,,
,,,,730000,,4.5595016104016395e-05,0.2,0.0003,0.026708984375,-0.12121221516281366,0.0028164631,3560,0.00040306540904566646,-0.0003586162842111662,0.9999986886978149,187.0,-10.0
357,-10.0,720,1014,731136,187.0,,,,,,,,,,,,
358,-10.0,720,1017,733184,187.0,2.805807950352346e-05,0.2,0.0003,0.03095703125,-0.12088957637315616,0.0063414304,3570,0.007931281812489033,0.005557957635028287,0.9999792575836182,,
359,-10.0,720,1019,735232,187.0,1.0310414897674036e-05,0.2,0.0003,0.038037109375,-0.13153605703264476,0.0068264864,3580,-0.014550560154020786,0.002077051188098267,0.9999931454658508,,
360,-10.0,721,1022,737280,186.99,1.4643011463277844e-05,0.2,0.0003,0.015869140625,-0.11771706999279559,0.0014126715,3590,-0.0006663291133008897,-0.0001306195423239842,0.9999962449073792,,
361,-10.0,721,1025,739328,186.99,7.186359124631281e-05,0.2,0.0003,0.015966796875,-0.13021130416309462,0.0014545573,3600,-0.001891029765829444,0.00023478733492083849,0.9999915957450867,,
,,,,740000,,1.551215688735397e-05,0.2,0.0003,0.029052734375,-0.13813566276803613,0.005052352,3610,-0.0027115780394524336,0.0007907046907348559,0.9999931454658508,187.0,-10.0
362,-10.0,720,1028,741376,186.99,,,,,,,,,,,,
363,-10.0,721,1030,743424,186.99,3.938963822633923e-05,0.2,0.0003,0.03876953125,-0.13422133352141827,0.004002192,3620,-0.002822333946824074,-0.0005846541054779664,0.9999966621398926,,
364,-10.0,721,1033,745472,186.99,8.597761671325087e-06,0.2,0.0003,0.026953125,-0.11363440454006195,0.002194818,3630,0.005025777034461498,6.445141625590622e-05,0.9999977350234985,,
365,-10.0,721,1036,747520,186.99,7.76519339638071e-06,0.2,0.0003,0.009716796875,-0.11797446032287554,0.00065721315,3640,0.0009296595817431808,-0.0002731085318373516,0.9999984502792358,,
366,-10.0,721,1039,749568,186.99,2.5042039155920292e-05,0.2,0.0003,0.01181640625,-0.1261667817248963,0.00049407745,3650,0.0009290212183259428,0.00011791583092417568,0.9999986886978149,,
,,,,750000,,0.0001630479579894484,0.2,0.0003,0.01015625,-0.12066453582374378,0.001991168,3660,0.0004490211431402713,8.13965016277507e-05,0.9999990463256836,187.0,-10.0
367,-10.0,721,1042,751616,186.99,,,,,,,,,,,,
368,-10.0,721,1044,753664,186.98,1.008572741483249e-05,0.2,0.0003,0.05400390625,-0.136088971584104,0.023944017,3670,-0.008171331137418747,0.0052880492672557015,0.999994158744812,,
369,-10.0,721,1047,755712,186.91,7.805813369401448e-05,0.2,0.0003,0.05234375,-0.1565720739774406,0.010376077,3680,-0.001962452894076705,0.011470705189276486,0.9999889135360718,,
370,-10.0,721,1050,757760,186.9,0.001291293394888271,0.2,0.0003,0.012451171875,-0.1338290619663894,0.0005202657,3690,0.00013354560360312462,0.0008869457960827276,0.9997787475585938,,
371,-10.0,721,1052,759808,186.9,7.644457437550045e-05,0.2,0.0003,0.01865234375,-0.12602749664802104,0.0018037945,3700,-0.0029134091455489397,-0.001961323991417885,0.9999663829803467,,
,,,,760000,,1.2864278936319806e-05,0.2,0.0003,0.0546875,-0.14317987584508957,0.0075490787,3710,-0.006283800583332777,-0.001881216061883606,0.9999920725822449,187.0,-10.0
372,-10.0,721,1055,761856,186.9,,,,,,,,,,,,
373,-10.0,721,1058,763904,186.9,1.0562629103816334e-05,0.2,0.0003,0.05634765625,-0.15724199807737022,0.0050640716,3720,-0.007615577895194292,-0.000832175524556078,0.9999958276748657,,
374,-10.0,721,1061,765952,186.83,9.719347455927619e-06,0.2,0.0003,0.03076171875,-0.13319467161782086,0.0037154073,3730,-0.006757334340363741,-0.0009675200271885842,0.9999975562095642,,
375,-10.0,721,1063,768000,186.83,0.0020650709416258906,0.2,0.0003,0.022900390625,-0.11489299901295454,0.0016640507,3740,0.00016846859944052994,-0.0012387678725644946,0.9996625185012817,,
,,,,770000,,9.468718808989252e-05,0.2,0.0003,0.01875,-0.11562181718181819,0.0017940351,3750,0.009119763970375061,-0.0005866295396117494,0.999972403049469,187.0,-10.0
376,-10.0,721,1066,770048,186.83,,,,,,,,,,,,
377,-10.0,721,1069,772096,186.83,3.448947181823314e-05,0.2,0.0003,0.030615234375,-0.1411980797536671,0.0068122507,3760,0.05460508167743683,0.0027669927119859496,0.9999901652336121,,
378,-10.0,721,1072,774144,186.92,1.5555966334090955e-05,0.2,0.0003,0.025048828125,-0.15407793275080622,0.0020048437,3770,-0.004090464673936367,-0.00143445930807502,0.9999955296516418,,
379,-10.0,721,1075,776192,186.92,1.091361376381883e-05,0.2,0.0003,0.0193359375,-0.13645030441693962,0.0014631145,3780,-0.005943892523646355,0.0026152536935114767,0.9999975562095642,,
380,-10.0,722,1077,778240,186.92,5.374715332777669e-05,0.2,0.0003,0.01474609375,-0.14369821413420142,0.0013540317,3790,-0.004387578461319208,-0.000728796467592474,0.9999909400939941,,
,,,,780000,,1.3588709940393073e-05,0.2,0.0003,0.017431640625,-0.14600668218918145,0.0028244776,3800,-0.0022974777966737747,0.0003715812636073679,0.9999974966049194,187.0,-10.0
381,-10.0,721,1080,780288,186.92,,,,,,,,,,,,
382,-10.0,721,1083,782336,186.85,9.541291083792202e-06,0.2,0.0003,0.0220703125,-0.14497097262647002,0.0012985084,3810,0.009287090040743351,-0.00047534605109831316,0.9999986886978149,,
383,-10.0,722,1086,784384,186.75,0.002175129651698171,0.2,0.0003,0.028564453125,-0.14303241148591042,0.0066313245,3820,0.0023846058174967766,0.0042629119183402505,0.9996609687805176,,
384,-10.0,722,1088,786432,186.72,0.0032414482810054325,0.2,0.0003,0.030810546875,-0.15675785960629582,0.005325105,3830,-0.012108316645026207,0.004934087846777402,0.9993871450424194,,
385,-10.0,722,1091,788480,186.57,0.00041469347169140745,0.2,0.0003,0.019580078125,-0.14158880424220116,0.0031219462,3840,-0.0026666568592190742,0.001021765479526948,0.9999039173126221,,
,,,,790000,,0.002956650611395162,0.2,0.0003,0.0115234375,-0.13908836338669062,0.0012245388,3850,-0.00015556532889604568,0.0007383147487416864,0.9993911385536194,187.0,-10.0
386,-10.0,722,1094,790528,186.57,,,,,,,,,,,,
387,-10.0,722,1097,792576,186.48,0.0003666056116571781,0.2,0.0003,0.027880859375,-0.13214103784412146,0.0098547805,3860,-0.000799866218585521,0.0003492732241284102,0.9998222589492798,,
388,-10.0,722,1099,794624,186.49,0.002448740618683587,0.2,0.0003,0.042333984375,-0.1535728596849367,0.008767586,3870,-0.0016269804909825325,-0.0013881045539164915,0.9995793104171753,,
389,-10.0,722,1102,796672,186.49,0.00024996976643478777,0.2,0.0003,0.046875,-0.16479478436522185,0.011119674,3880,-0.002508890349417925,-0.0002942958497442305,0.9998970031738281,,
390,-10.0,722,1105,798720,186.37,9.590293880705758e-05,0.2,0.0003,0.02705078125,-0.12005254678661004,0.0017832759,3890,-0.012617848813533783,-0.0011829409690108151,0.9999313950538635,,
,,,,800000,,0.002263224639955297,0.2,0.0003,0.012353515625,-0.1360809387639165,0.0006456984,3900,0.0006554517894983292,0.0009685808254289441,0.9995388388633728,187.0,-10.0
391,-10.0,722,1108,800768,186.43,,,,,,,,,,,,
392,-10.0,722,1110,802816,186.6,0.0001450842913868655,0.2,0.0003,0.035400390625,-0.15272628776729108,0.012113535,3910,0.025854693725705147,0.0011652372166281566,0.9999309182167053,,
393,-10.0,722,1113,804864,186.62,8.950082472551913e-05,0.2,0.0003,0.017626953125,-0.11169582885922864,0.0015283867,3920,-0.0011152494698762894,-0.0002779678179649636,0.9999375343322754,,
394,-10.0,722,1116,806912,186.71,6.550581957185387e-05,0.2,0.0003,0.049365234375,-0.1724976188968867,0.006473172,3930,-0.011727509088814259,-0.0009298141318140552,0.9999777674674988,,
395,-10.0,722,1118,808960,186.77,1.8565777918411185e-05,0.2,0.0003,0.0630859375,-0.17582094976678492,0.011366946,3940,0.010998950339853764,0.00012168783287052065,0.9999879002571106,,
,,,,810000,,1.616717015622271e-05,0.2,0.0003,0.017529296875,-0.15849400982260703,0.0015991109,3950,-0.0009285106789320707,0.0003820646059466526,0.9999938607215881,187.0,-10.0
396,-10.0,722,1122,811008,186.86,,,,,,,,,,,,
397,-10.0,722,1124,813056,186.86,1.5009858792325304e-05,0.2,0.0003,0.01005859375,-0.1524648798396811,0.0007990586,3960,0.009972117841243744,-9.022935410030187e-06,0.9999955296516418,,
398,-10.0,722,1127,815104,186.86,2.1594976574590417e-05,0.2,0.0003,0.01123046875,-0.1463373273378238,0.00050690107,3970,0.0005613540997728705,0.00023912432952784003,0.9999960660934448,,
399,-10.0,723,1130,817152,186.95,5.81002020638266e-05,0.2,0.0003,0.006396484375,-0.16079899857286364,0.0007498392,3980,0.008607267402112484,0.0007098512243828737,0.9999967217445374,,
400,-10.0,723,1132,819200,186.96,0.0004278357535667965,0.2,0.0003,0.009912109375,-0.15953883812762798,0.0006803731,3990,-0.0010561748640611768,0.00010052401485154406,0.9999373555183411,,
,,,,820000,,2.474748136762628e-05,0.2,0.0003,0.01455078125,-0.15066243368200957,0.0015381738,4000,-0.0043797423131763935,-0.0010670156945707277,0.9999828338623047,187.0,-10.0
401,-10.0,722,1136,821248,186.96,,,,,,,,,,,,
402,-10.0,722,1138,823296,186.97,2.0184979439363816e-05,0.2,0.0003,0.019091796875,-0.14279347145929933,0.0010018934,4010,0.0004061137733515352,-0.00028756938700098545,0.9999947547912598,,
403,-10.0,723,1141,825344,186.97,1.1063377802145168e-05,0.2,0.0003,0.016552734375,-0.15841905979905277,0.0010278086,4020,0.004958700388669968,0.0007784941117279232,0.9999977946281433,,
404,-10.0,723,1144,827392,186.97,1.3233996978101458e-05,0.2,0.0003,0.01181640625,-0.14169877576641737,0.00026272016,4030,-0.0018066950142383575,0.00033683479705359787,0.999997615814209,,
405,-10.0,723,1146,829440,186.97,5.4564590270445025e-05,0.2,0.0003,0.010546875,-0.15877567282877864,0.0010528468,4040,-0.0013489412376657128,0.000424454094900284,0.999997615814209,,
,,,,830000,,1.700469768053381e-05,0.2,0.0003,0.028173828125,-0.14733764610718936,0.002422343,4050,0.0027887949254363775,-0.0024861461730324662,0.9999982714653015,187.0,-10.0
406,-10.0,723,1149,831488,186.97,,,,,,,,,,,,
407,-10.0,723,1152,833536,186.94,1.8917573819976495e-05,0.2,0.0003,0.01611328125,-0.14667627327144145,0.0003653032,4060,-0.008282359689474106,-0.0005896971269976348,0.9999985694885254,,
408,-10.0,723,1155,835584,186.94,0.00047871163668844474,0.2,0.0003,0.02978515625,-0.1675816948991269,0.0072309035,4070,-0.0037296300288289785,0.002570729097351432,0.9999316930770874,,
409,-10.0,723,1157,837632,186.94,0.00017789612567185032,0.2,0.0003,0.030517578125,-0.15357126479502767,0.002646062,4080,-0.00012552933185361326,-0.0013135085406247526,0.9999619722366333,,
410,-10.0,723,1160,839680,186.94,2.3888674452621216e-05,0.2,0.0003,0.010595703125,-0.17591894967481495,0.00082407356,4090,-0.0006858558626845479,1.6884543583728373e-05,0.9999858736991882,,
,,,,840000,,1.5081525736349022e-05,0.2,0.0003,0.019091796875,-0.1597974713658914,0.00088005204,4100,-0.005520674400031567,-0.0009572804905474186,0.9999954104423523,187.0,-10.0
411,-10.0,723,1163,841728,186.94,,,,,,,,,,,,
412,-10.0,723,1166,843776,186.74,1.0364075983915199e-05,0.2,0.0003,0.015576171875,-0.14421419256832452,0.0015660867,4110,-0.0031246552243828773,-0.0005895131194847636,0.9999971985816956,,
413,-10.0,723,1168,845824,186.73,0.012549838846280182,0.2,0.0003,0.00712890625,-0.15594863020814956,0.0005486912,4120,0.0030479079578071833,-0.00028966045938432216,0.9975682497024536,,
414,-10.0,723,1171,847872,186.67,0.0006092744144098105,0.2,0.0003,0.014404296875,-0.13511180323548616,0.002619745,4130,-0.004671607632189989,-0.0018637203771504573,0.9998086094856262,,
415,-10.0,723,1174,849920,186.67,0.0014297584703854226,0.2,0.0003,0.00966796875,-0.14586562879849224,0.0009045529,4140,-0.004513872787356377,-3.928119112970307e-05,0.9997577667236328,,
,,,,850000,,8.007233044509121e-05,0.2,0.0003,0.01826171875,-0.13487907932139934,0.0012937698,4150,-0.002574283629655838,-0.0002786259748972952,0.999973714351654,187.0,-10.0
416,-10.0,723,1177,851968,186.7,,,,,,,,,,,,
417,-10.0,723,1180,854016,186.67,4.291394974416107e-05,0.2,0.0003,0.018212890625,-0.1354736582376063,0.0015342187,4160,-0.002377071650698781,-0.00015917824639473112,0.9999869465827942,,
418,-10.0,723,1182,856064,186.62,0.001400186309001583,0.2,0.0003,0.01162109375,-0.14018665004987269,0.0007494254,4170,-0.019096536561846733,4.299026913940906e-05,0.9997528195381165,,
419,-10.0,723,1185,858112,186.62,0.000918352470193895,0.2,0.0003,0.014697265625,-0.10648602693108841,0.001046163,4180,-0.008405945263803005,-0.0017765731114195659,0.9998459815979004,,
,,,,860000,,0.00013313414940512301,0.2,0.0003,0.034326171875,-0.1577913996996358,0.002590375,4190,-0.0027648061513900757,0.001063588578836061,0.9999631643295288,187.0,-10.0
420,-10.0,723,1188,860160,186.61,,,,,,,,,,,,
421,-10.0,723,1191,862208,186.76,8.871351528227933e-05,0.2,0.0003,0.019873046875,-0.14511465395335107,0.0018573076,4200,-0.001579836243763566,-0.0008206176120438613,0.9999817609786987,,
422,-10.0,723,1193,864256,186.77,0.001026106710548902,0.2,0.0003,0.016357421875,-0.1376043787924573,0.0006522573,4210,0.0010998520301654935,-0.0006176383991260082,0.9998383522033691,,
423,-10.0,723,1196,866304,186.83,7.834358141280972e-05,0.2,0.0003,0.026806640625,-0.14374893987551332,0.0014900698,4220,-0.008708065375685692,0.0004631789073755499,0.9999793767929077,,
424,-10.0,724,1199,868352,186.83,3.572308316961426e-05,0.2,0.0003,0.016845703125,-0.13682289137504994,0.0025272123,4230,0.009980740025639534,0.0008523258497007191,0.9999914765357971,,
,,,,870000,,2.0180683159765066e-05,0.2,0.0003,0.01328125,-0.13695674613118172,0.0017071301,4240,-0.0024808936286717653,0.0005016911018174142,0.9999958872795105,187.0,-10.0
425,-10.0,723,1202,870400,186.83,,,,,,,,,,,,
426,-10.0,724,1204,872448,186.89,1.3096048316185716e-05,0.2,0.0003,0.01376953125,-0.13802917902357875,0.00029974285,4250,-0.007323086261749268,0.0009411036095116288,0.9999977946281433,,
427,-10.0,724,1207,874496,186.94,1.3572252466076407e-05,0.2,0.0003,0.0140625,-0.1454666910460219,0.0006396096,4260,-0.0005676996661350131,-0.0005566448657191358,0.9999982714653015,,
428,-10.0,724,1210,876544,186.94,1.032348208411804e-05,0.2,0.0003,0.02255859375,-0.13217809805646538,0.0013910538,4270,-0.0028761685825884342,-0.0008124897605739534,0.9999983906745911,,
429,-10.0,724,1213,878592,186.95,2.644750938429752e-05,0.2,0.0003,0.01630859375,-0.12920504864305257,0.0013550799,4280,-0.0005044839344918728,0.0010881808906560765,0.9999980330467224,,
,,,,880000,,5.0323269556429294e-05,0.2,0.0003,0.014111328125,-0.12421423613559454,0.0015316631,4290,0.001303250202909112,0.001051359965640586,0.9999972581863403,187.0,-10.0
430,-10.0,724,1216,880640,187.0,,,,,,,,,,,,
431,-10.0,724,1218,882688,186.96,9.329906718136271e-06,0.2,0.0003,0.0166015625,-0.13981707466300577,0.0018788422,4300,-0.0027927106712013483,-0.0005486096284585074,0.9999986886978149,,
432,-10.0,724,1221,884736,186.95,0.0007752460536949001,0.2,0.0003,0.026220703125,-0.14065918882843106,0.0066623874,4310,-0.011096765287220478,0.002785683999536559,0.9998874664306641,,
433,-10.0,724,1224,886784,186.95,7.538015063346393e-05,0.2,0.0003,0.01435546875,-0.10560117984423414,0.00084912695,4320,-0.004400933627039194,-0.0009953221015166491,0.9999754428863525,,
434,-10.0,724,1226,888832,186.95,1.3260782810675665e-05,0.2,0.0003,0.02978515625,-0.1579423630842939,0.0042987354,4330,0.016415471211075783,0.0007554938114481047,0.9999913573265076,,
,,,,890000,,1.0959108485764091e-05,0.2,0.0003,0.025634765625,-0.14757071065250785,0.0035335785,4340,-0.012417742051184177,0.0003708687931066379,0.999995768070221,187.0,-10.0
435,-10.0,724,1229,890880,186.95,,,,,,,,,,,,
436,-10.0,724,1232,892928,186.95,1.2428088298577223e-05,0.2,0.0003,0.02216796875,-0.11730271772248671,0.0028111413,4350,-0.012195324525237083,-0.0007134222803870216,0.999997615814209,,
437,-10.0,724,1234,894976,186.95,8.107064255824525e-06,0.2,0.0003,0.012451171875,-0.15068123585078866,0.0010919579,4360,-0.009679087437689304,0.0008235384622821585,0.9999980926513672,,
438,-10.0,724,1237,897024,186.95,4.627656965325855e-05,0.2,0.0003,0.012158203125,-0.1370696451049298,0.001071881,4370,-0.003896885085850954,0.0006655942008364946,0.9999984502792358,,
439,-10.0,724,1240,899072,186.9,7.650552751670147e-06,0.2,0.0003,0.02177734375,-0.12311992077156901,0.0021047322,4380,0.001160113955847919,-0.0005806347035104409,0.9999986290931702,,
,,,,900000,,0.001072709470827249,0.2,0.0003,0.041015625,-0.16168592530302703,0.0071000233,4390,0.01684517040848732,0.0026630335982190446,0.9998190999031067,187.0,-10.0
440,-10.0,724,1243,901120,186.72,,,,,,,,,,,,
441,-10.0,724,1246,903168,186.67,0.0057262901191279525,0.2,0.0003,0.007763671875,-0.16481171005871148,0.0008042677,4400,-0.001075554871931672,0.0010350314929382875,0.9989616870880127,,
442,-10.0,724,1248,905216,186.47,0.002097377637619502,0.2,0.0003,0.01142578125,-0.12354114260524511,0.0008323473,4410,0.0013273173244670033,-0.0016739232843974606,0.9996065497398376,,
443,-10.0,724,1251,907264,186.35,0.007033393530036847,0.2,0.0003,0.015771484375,-0.14830760448239744,0.0010531441,4420,0.0014490673784166574,-0.0009560832928400487,0.9987506866455078,,
444,-10.0,725,1254,909312,186.29,0.00501911060700877,0.2,0.0003,0.0189453125,-0.1257584019796923,0.001586428,4430,0.0016184205887839198,-0.0017216993073816411,0.9990683794021606,,
,,,,910000,,0.0009480188636189268,0.2,0.0003,0.020068359375,-0.12568213960621505,0.0016045036,4440,-0.004860835149884224,-0.0015563487017061562,0.9997698068618774,187.0,-10.0
445,-10.0,724,1257,911360,186.19,,,,,,,,,,,,
446,-10.0,724,1259,913408,186.19,0.002224056908221428,0.2,0.0003,0.04462890625,-0.17271675828378646,0.0038728039,4450,0.005375103559345007,0.003394110611407086,0.9995880722999573,,
447,-10.0,725,1262,915456,186.18,0.0001038172724861397,0.2,0.0003,0.035498046875,-0.14156068279407918,0.0037741098,4460,0.008239942602813244,-0.0018930545171315315,0.9999189972877502,,
448,-10.0,725,1265,917504,186.04,9.15042618686357e-05,0.2,0.0003,0.02431640625,-0.13345254200976342,0.0017674314,4470,0.002390716690570116,-7.29351508198306e-05,0.9999597072601318,,
449,-10.0,725,1267,919552,186.19,0.006860552585476398,0.2,0.0003,0.022314453125,-0.13493456991855055,0.0017888818,4480,0.005836690776050091,-0.0013796576269669459,0.9986782073974609,,
,,,,920000,,0.0004687876333036911,0.2,0.0003,0.0474609375,-0.1467632119078189,0.0056095235,4490,0.004986830521374941,8.848088618833572e-05,0.9997965693473816,187.0,-10.0
450,-10.0,725,1271,921600,186.2,,,,,,,,,,,,
451,-10.0,725,1273,923648,186.4,0.0029672061186829524,0.2,0.0003,0.01162109375,-0.11430324414977804,0.0015905474,4500,-0.0005551335634663701,-0.00020065930220880546,0.9994956254959106,,
452,-10.0,725,1276,925696,186.34,0.00013353265961768557,0.2,0.0003,0.048828125,-0.12584166188025847,0.010931859,4510,0.004524831660091877,-0.0013722812669584527,0.9999129772186279,,
453,-10.0,725,1278,927744,186.4,0.009535150627198164,0.2,0.0003,0.029931640625,-0.15195546187460424,0.0023729175,4520,0.0039035682566463947,-0.0005464026748086326,0.9981891512870789,,
454,-10.0,725,1281,929792,186.48,0.0005555005177029671,0.2,0.0003,0.029052734375,-0.12814008742570876,0.0021286146,4530,0.025295160710811615,0.0011244909415836445,0.9998483657836914,,
,,,,930000,,0.00014318840671876388,0.2,0.0003,0.012744140625,-0.12386151654645801,0.0013624651,4540,-0.0008489150204695761,1.6823329497128724e-05,0.9999496936798096,187.0,-10.0
455,-10.0,725,1284,931840,186.5,,,,,,,,,,,,
456,-10.0,725,1287,933888,186.51,5.1725100908583956e-05,0.2,0.0003,0.0375,-0.13174381114076822,0.0040208315,4550,0.0038670599460601807,-0.0029020794783718882,0.9999758005142212,,
457,-10.0,725,1290,935936,186.69,4.077425575985671e-05,0.2,0.0003,0.02421875,-0.12555286603746935,0.0016504313,4560,-0.005186016205698252,0.001087452520732768,0.9999882578849792,,
458,-10.0,725,1292,937984,186.73,2.108828919915595e-05,0.2,0.0003,0.024462890625,-0.14144980045966804,0.003145588,4570,-0.00039239993202500045,-0.0004741925535199698,0.9999927878379822,,
,,,,940000,,3.42906603336246e-05,0.2,0.0003,0.012646484375,-0.14968048038426787,0.0013250702,4580,-0.002326737390831113,0.0008265116848633625,0.9999945759773254,187.0,-10.0
459,-10.0,725,1295,940032,186.72,,,,,,,,,,,,
460,-10.0,725,1298,942080,186.72,0.003692755124825453,0.2,0.0003,0.019775390625,-0.12926469268277288,0.0022954873,4590,-0.002841079141944647,0.0003045770485186949,0.9993433952331543,,
461,-10.0,725,1301,944128,186.64,9.268845650467483e-05,0.2,0.0003,0.031787109375,-0.14268749773036687,0.0024860331,4600,-0.0036939147394150496,-0.00045427451259456576,0.9999358057975769,,
462,-10.0,725,1304,946176,186.82,0.002407096125693897,0.2,0.0003,0.01650390625,-0.13800170405302198,0.0004889737,4610,-0.0009849290363490582,0.0007406140444800258,0.999599039554596,,
463,-10.0,725,1307,948224,186.82,7.545613151478392e-05,0.2,0.0003,0.025146484375,-0.12730205601546912,0.0025257135,4620,-0.005141566041857004,-4.040513013023883e-05,0.999962329864502,,
,,,,950000,,5.517818130726937e-05,0.2,0.0003,0.034130859375,-0.1288479333743453,0.0036029522,4630,0.008108848705887794,0.0005487693473696708,0.9999827146530151,187.0,-10.0
464,-10.0,725,1310,950272,186.79,,,,,,,,,,,,
465,-10.0,725,1313,952320,186.79,0.0003893839106240193,0.2,0.0003,0.01142578125,-0.12294045251328498,0.0010478983,4640,-0.0006304781418293715,0.00037467746005859226,0.9999334216117859,,
466,-10.0,725,1315,954368,186.79,3.1719724833578764e-05,0.2,0.0003,0.01552734375,-0.12295851295348256,0.0014292665,4650,0.0008546002209186554,0.00042536488035693765,0.9999856948852539,,
467,-10.0,725,1318,956416,186.79,2.1545185462912285e-05,0.2,0.0003,0.016796875,-0.14058661276940257,0.001339796,4660,-0.002029772847890854,-0.0005476688063936308,0.9999940991401672,,
468,-10.0,725,1321,958464,186.89,1.3772228541597542e-05,0.2,0.0003,0.023046875,-0.1206322880461812,0.0021068288,4670,0.008918645791709423,-0.0007130972997401841,0.9999971389770508,,
,,,,960000,,2.3078978311730226e-05,0.2,0.0003,0.017529296875,-0.14539914045017213,0.0025580607,4680,-0.005744767840951681,-0.00010247984901070594,0.9999976754188538,187.0,-10.0
469,-10.0,725,1324,960512,186.79,,,,,,,,,,,,
470,-10.0,725,1326,962560,186.83,0.0033048895774641096,0.2,0.0003,0.012548828125,-0.12668170416727662,0.0005758661,4690,-0.007591139525175095,0.0003955807012971491,0.999347984790802,,
471,-10.0,725,1329,964608,186.83,0.0005757208841259854,0.2,0.0003,0.012744140625,-0.14877259973436593,0.0015417743,4700,0.006516655907034874,0.001333636257913895,0.9998944997787476,,
472,-10.0,725,1332,966656,186.83,0.0001851534780939801,0.2,0.0003,0.017138671875,-0.1274007682222873,0.0015786687,4710,0.023736784234642982,0.0002771546467556618,0.9999196529388428,,
473,-10.0,725,1335,968704,186.57,3.275875898225422e-05,0.2,0.0003,0.142724609375,-0.22879395615309478,0.082123585,4720,-0.01773337833583355,-0.00040516341978218405,0.999980628490448,,
,,,,970000,,0.010828554746694863,0.2,0.0003,0.01630859375,-0.14761673663742841,0.0011158896,4730,0.0001773480325937271,-0.001770724094239995,0.9979304075241089,187.0,-10.0
474,-10.0,725,1338,970752,186.6,,,,,,,,,,,,
475,-10.0,725,1340,972800,186.6,0.00023650186371924065,0.2,0.0003,0.01787109375,-0.1579307758482173,0.0015989442,4740,0.00736627634614706,-0.0024762736284174025,0.9998456239700317,,
476,-10.0,725,1343,974848,186.6,0.00010657182226623264,0.2,0.0003,0.01357421875,-0.15550635734107346,0.000962665,4750,-0.0038881513755768538,-0.0015316232689656316,0.9999451637268066,,
477,-10.0,725,1346,976896,185.27,4.910238046136328e-05,0.2,0.0003,0.038818359375,-0.20770967165008186,0.008464547,4760,-0.01700587570667267,-0.001403374171059113,0.9999749660491943,,
478,-10.0,725,1348,978944,185.37,0.14711287735190126,0.2,0.0003,0.0142578125,-0.17075692424550654,0.0017195191,4770,0.022477881982922554,-0.0013207074138335884,0.9673767685890198,,
,,,,980000,,0.00453973185904033,0.2,0.0003,0.01982421875,-0.15703846912365407,0.0018081069,4780,-0.0028120088391005993,-0.003791387531964574,0.9979948997497559,187.0,-10.0
479,-10.0,725,1351,980992,185.39,,,,,,,,,,,,
480,-10.0,725,1354,983040,185.39,0.0012806367538360063,0.2,0.0003,0.017333984375,-0.1563561939401552,0.0034930187,4790,-0.016805466264486313,-0.0012550441344501451,0.9995655417442322,,
481,-10.0,725,1357,985088,185.39,0.0003019669689365401,0.2,0.0003,0.028173828125,-0.14799408020917326,0.0014595977,4800,0.007015331648290157,-0.0005015050119254738,0.999838650226593,,
482,-10.0,725,1359,987136,185.28,0.0001831815848390761,0.2,0.0003,0.034716796875,-0.1618802484823391,0.0050873016,4810,-0.017420422285795212,-0.001316306393709965,0.9999285936355591,,
483,-10.0,726,1362,989184,185.28,0.03746144951255701,0.2,0.0003,0.00830078125,-0.16273676382843405,0.0014514877,4820,0.07562808692455292,-0.0009064978949027136,0.9926786422729492,,
,,,,990000,,0.0008868384080415126,0.2,0.0003,0.02177734375,-0.16449951252434403,0.0021280819,4830,0.00130767363589257,-0.002234896586742252,0.999580442905426,187.0,-10.0
484,-10.0,725,1365,991232,185.28,,,,,,,,,,,,
485,-10.0,725,1368,993280,184.9,0.00018311897985086035,0.2,0.0003,0.015771484375,-0.16342898912262172,0.0015615814,4840,0.0044920905493199825,0.0005292295507388189,0.9998465776443481,,
486,-10.0,726,1370,995328,186.2,0.03662807963683008,0.2,0.0003,0.015283203125,-0.16795069240033628,0.0017020287,4850,0.05289144441485405,0.0001111508288886398,0.9930245280265808,,
487,-10.0,726,1373,997376,186.15,0.0007494056039377029,0.2,0.0003,0.01396484375,-0.16508162857498973,0.00090197934,4860,-0.01784816011786461,-0.0022788325790315867,0.9996062517166138,,
488,-10.0,726,1376,999424,186.17,0.002433984782646803,0.2,0.0003,0.029345703125,-0.1649627284379676,0.0018899416,4870,-0.002267142292112112,-0.001329076116962824,0.9994878768920898,,
,,,,1000000,,0.00019333638033458556,0.2,0.0003,0.01142578125,-0.16542296148836613,0.0009793933,4880,-0.0038787878584116697,-0.0008317077721585519,0.9999234676361084,187.0,-10.0
489,-10.0,726,1379,1001472,185.61,,,,,,,,,,,,
